Customer_ID,churn_probability,risk_level,predicted_next_quarter_revenue_usd,revenue_at_risk_usd,cluster_id,cluster_label,engagement_level,risk_score,revenue_potential_score,priority_score
11177,0.050826244,Low,87.70048804329642,4.45748640913861,0,Disengaged At-Risk Accounts,Low,79.9,9.8,30.6
14771,0.024811707,Low,12115.765592971826,300.6128312685533,0,Disengaged At-Risk Accounts,Moderate,70.3,83.1,92.5
11091,0.00034539014,Low,19268.313066894232,6.6550854344987105,1,Loyal High-Value Accounts,High,2.9,91.4,37.5
14818,0.9878104,High,584.9269092004391,577.796868534171,0,Disengaged At-Risk Accounts,Low,99.5,33.7,94.8
14376,0.0046292525,Low,3132.4344973186753,14.500830160389793,1,Loyal High-Value Accounts,High,37.8,60.1,51.9
10280,0.005155129,Low,255.75385748410565,1.3184441000874867,1,Loyal High-Value Accounts,Moderate,40.4,23.3,14.1
10997,0.0051610726,Low,2614.157207691423,13.491855118886239,1,Loyal High-Value Accounts,Moderate,40.5,56.8,50.3
10585,0.00347371,Low,104.34169759491292,0.36245280209883884,1,Loyal High-Value Accounts,Low,31.7,10.7,6.9
11486,0.009063342,Low,1746.4213656547352,15.82841351023611,1,Loyal High-Value Accounts,Moderate,51.3,47.0,53.6
13927,0.041250862,Low,123.95223456264495,5.1131365449937904,0,Disengaged At-Risk Accounts,Low,77.5,11.7,33.1
12772,0.2612693,Low,7185.982593460462,1877.4766504568265,1,Loyal High-Value Accounts,High,88.3,72.4,98.5
13652,0.7901891,High,2502.610081612331,1977.535176484513,1,Loyal High-Value Accounts,High,90.9,56.0,98.6
14417,0.91111743,High,1609.0234422222302,1466.009310730529,0,Disengaged At-Risk Accounts,Low,93.8,45.1,97.8
14011,0.00026434468,Low,24988.60095542288,6.605603691374659,1,Loyal High-Value Accounts,High,1.5,96.5,37.3
13945,0.001090538,Low,15640.447705009989,17.05650239529051,1,Loyal High-Value Accounts,High,13.0,88.0,55.2
11613,0.022048328,Low,2324.8580453103123,51.25923290344136,1,Loyal High-Value Accounts,High,67.8,54.4,75.8
13195,0.0013649688,Low,213.49789907856348,0.2914179782628621,1,Loyal High-Value Accounts,Moderate,15.9,19.4,6.3
10473,0.0013774801,Low,6495.31085870652,8.947161480837266,1,Loyal High-Value Accounts,High,16.0,69.9,42.7
14732,0.0005483655,Low,9217.599168450743,5.05461361555504,1,Loyal High-Value Accounts,Moderate,5.8,78.3,32.8
11581,0.0027799928,Low,4677.522212537002,13.00347789940497,1,Loyal High-Value Accounts,Moderate,27.8,64.3,49.6
10970,0.004461892,Low,13148.739105267125,58.66825315561739,1,Loyal High-Value Accounts,High,37.0,84.6,77.8
12225,0.05910632,Low,101.57339993729482,6.0036298946809215,1,Loyal High-Value Accounts,Low,81.6,10.6,35.7
13882,0.0029414769,Low,107.82145911860621,0.31715432912658204,0,Disengaged At-Risk Accounts,Low,28.7,11.0,6.5
14392,0.050234426,Low,255.65374837238255,12.84261925641751,1,Loyal High-Value Accounts,High,79.7,23.3,49.4
10752,0.018437956,Low,2460.253775164043,45.362049695293194,0,Disengaged At-Risk Accounts,Low,64.6,55.5,73.8
14412,0.002074479,Low,19775.84399214096,41.02457094523436,1,Loyal High-Value Accounts,Moderate,22.8,92.0,71.8
10735,0.0007579326,Low,16539.982649862075,12.536192132432422,1,Loyal High-Value Accounts,High,9.1,88.9,48.9
10764,0.0076899836,Low,486.7239191322794,3.7428989480609274,1,Loyal High-Value Accounts,High,48.0,32.2,27.4
13936,0.0008121217,Low,17738.34938052085,14.405698900674881,1,Loyal High-Value Accounts,Moderate,9.6,90.2,51.7
14948,0.008665133,Low,203.15191971561867,1.7603384579129546,1,Loyal High-Value Accounts,Moderate,50.5,18.3,16.8
11127,0.09213045,Low,31.23099135317242,2.8773253620960393,0,Disengaged At-Risk Accounts,Low,85.3,7.0,23.6
13581,0.02875616,Low,2799.7626056530557,80.51042225944518,1,Loyal High-Value Accounts,Moderate,72.9,57.9,82.2
13981,0.0010321017,Low,17929.80130137232,18.505378204905238,1,Loyal High-Value Accounts,High,12.3,90.4,57.1
14587,0.08174969,Low,1033.7843712471185,84.51155452200149,0,Disengaged At-Risk Accounts,Low,84.5,39.1,82.8
13287,0.09354338,Low,6903.495956892454,645.7763490681127,1,Loyal High-Value Accounts,Moderate,85.4,71.5,95.3
10945,0.059974585,Low,2530.90916046499,151.79022588439216,0,Disengaged At-Risk Accounts,Low,81.8,56.2,88.7
14199,0.0020094574,Low,21337.441370277633,42.876680374149025,1,Loyal High-Value Accounts,High,22.3,94.1,72.7
12407,0.82781535,High,4507.313518297271,3731.2233351540563,0,Disengaged At-Risk Accounts,Low,91.5,63.9,99.3
12719,0.01829013,Low,213.2337032403919,3.900072242530306,1,Loyal High-Value Accounts,High,64.5,19.3,28.4
14350,0.011559076,Low,8223.993062120577,95.06175816316738,1,Loyal High-Value Accounts,Moderate,56.1,75.6,84.2
10347,0.029245695,Low,116.60624804160567,3.410230776890519,1,Loyal High-Value Accounts,Moderate,73.1,11.4,26.2
11421,0.0010055993,Low,8610.000451097194,8.658210213365033,1,Loyal High-Value Accounts,Low,12.0,76.8,42.1
10472,0.10158548,Low,1729.3813254561899,175.68002788266432,0,Disengaged At-Risk Accounts,Low,85.7,46.7,89.6
11262,0.7909193,High,857.1379461992175,677.9269477490548,0,Disengaged At-Risk Accounts,Low,90.9,37.3,95.4
13810,0.015268339,Low,747.2482299300765,11.409239175286215,1,Loyal High-Value Accounts,Moderate,61.2,36.2,46.9
13883,0.005094593,Low,500.50923074926527,2.549890785953043,1,Loyal High-Value Accounts,Moderate,40.2,32.3,21.6
12347,0.012208023,Low,8869.302409145219,108.27664876749176,1,Loyal High-Value Accounts,Moderate,57.0,77.5,85.6
12003,0.08160532,Low,1484.971492734583,121.18157780404577,1,Loyal High-Value Accounts,Low,84.5,43.5,86.8
14344,0.0061964337,Low,4217.617267299905,26.134185677147624,1,Loyal High-Value Accounts,Moderate,44.0,63.1,63.8
14010,0.024916012,Low,8107.098437382036,201.996560654708,1,Loyal High-Value Accounts,High,70.4,75.3,90.5
14897,0.0055911816,Low,241.84397288959758,1.3521935646469632,1,Loyal High-Value Accounts,Moderate,42.0,22.0,14.3
11050,0.004521696,Low,6618.202152979922,29.925497520534343,1,Loyal High-Value Accounts,High,37.3,70.4,66.3
10747,0.9374237,High,-186.59151867083716,0.0,0,Disengaged At-Risk Accounts,Low,95.3,2.8,2.8
10487,0.666767,High,-173.9664656153498,0.0,0,Disengaged At-Risk Accounts,Moderate,90.0,2.8,2.8
14551,0.0022464425,Low,296.4376437493937,0.6659301166978476,1,Loyal High-Value Accounts,High,24.1,26.6,9.4
14580,0.02551346,Low,21146.950369698396,539.531890558395,1,Loyal High-Value Accounts,Moderate,70.7,94.0,94.5
10849,0.0010508097,Low,19575.574003798156,20.57020397687117,1,Loyal High-Value Accounts,High,12.5,91.8,59.4
13046,0.0025096782,Low,1142.2358332880574,2.866644425250195,1,Loyal High-Value Accounts,Moderate,25.9,40.1,23.5
14168,0.012492059,Low,3138.9953366683317,39.21251431441414,0,Disengaged At-Risk Accounts,Low,57.5,60.1,71.0
11021,0.009493871,Low,250.98641524109289,2.382832563882305,1,Loyal High-Value Accounts,Moderate,52.3,22.8,20.8
14889,0.07096374,Low,1216.4255798941706,86.32210900526775,0,Disengaged At-Risk Accounts,Low,83.3,40.7,83.1
12226,0.0006904395,Low,8671.342599377838,5.987037302538295,1,Loyal High-Value Accounts,High,8.2,77.1,35.7
10531,0.0055346345,Low,11328.064095658849,62.69669390624612,1,Loyal High-Value Accounts,High,41.7,82.5,78.7
10066,0.0031586902,Low,1237.2564997411127,3.908109949738559,1,Loyal High-Value Accounts,Moderate,30.1,40.9,28.4
14854,0.0009173008,Low,20816.773174154667,19.095242993382634,1,Loyal High-Value Accounts,High,11.1,93.5,57.8
12427,0.0055365404,Low,200.24794588214624,1.1086808446788892,1,Loyal High-Value Accounts,High,41.8,18.0,12.4
10411,0.0047999276,Low,3030.4058440661915,14.545728604154098,1,Loyal High-Value Accounts,Low,38.9,59.5,51.9
14747,0.037658323,Low,649.8137033581066,24.47089407259161,0,Disengaged At-Risk Accounts,Low,76.6,35.0,62.7
10682,0.0002700128,Low,26410.620930418587,7.13120558109375,1,Loyal High-Value Accounts,High,1.6,97.2,38.7
12032,0.078598514,Low,-89.66462339853148,0.0,0,Disengaged At-Risk Accounts,Low,84.2,2.8,2.8
13972,0.0004387443,Low,15235.188230562111,6.684351836648068,1,Loyal High-Value Accounts,High,4.3,87.7,37.6
11407,0.006767286,Low,5261.929883718382,35.608984370530386,1,Loyal High-Value Accounts,Moderate,45.6,66.0,69.4
10834,0.019468801,Low,221.46578930000143,4.311673401468474,1,Loyal High-Value Accounts,Moderate,65.6,20.3,30.1
10627,0.0023252005,Low,240.08024652912286,0.5582347034482589,1,Loyal High-Value Accounts,Moderate,24.6,21.8,8.4
13438,0.04293086,Low,2207.0470748413773,94.75042914315827,0,Disengaged At-Risk Accounts,Low,78.0,53.3,84.1
12064,0.00057440804,Low,26489.933005808354,15.216030520051328,1,Loyal High-Value Accounts,High,6.2,97.3,52.8
13520,0.0040232767,Low,13188.876966775302,53.062501862486,1,Loyal High-Value Accounts,Moderate,34.9,84.7,76.3
10438,0.023700431,Low,599.9451822434974,14.218959389104288,0,Disengaged At-Risk Accounts,Low,69.3,33.9,51.4
13045,0.004169017,Low,319.42818395794734,1.3317015536336092,1,Loyal High-Value Accounts,Moderate,35.7,27.9,14.2
12575,0.008504441,Low,2328.3436363626456,19.801261101732578,0,Disengaged At-Risk Accounts,Low,50.2,54.5,58.6
10978,0.079251446,Low,1747.0499328489557,138.4562331152541,0,Disengaged At-Risk Accounts,Low,84.2,47.1,87.9
11627,0.5809679,Medium,61.85556123229495,35.93609570650151,0,Disengaged At-Risk Accounts,Low,89.6,8.4,69.6
11967,0.0033378839,Low,12314.01903094569,41.102765327687045,1,Loyal High-Value Accounts,Moderate,31.0,83.3,71.9
11323,0.00039344825,Low,2969.024252169476,1.1681574021559038,1,Loyal High-Value Accounts,High,3.7,59.1,12.9
10241,0.0008330259,Low,4453.331355179048,3.7097403630277483,1,Loyal High-Value Accounts,Moderate,10.0,63.6,27.3
10423,0.0037255047,Low,8992.096833248535,33.50009933420456,1,Loyal High-Value Accounts,High,33.3,77.9,68.1
11488,0.81911033,High,8.11418862843457,6.646415756923055,0,Disengaged At-Risk Accounts,Low,91.3,5.8,37.4
10024,0.0058889524,Low,91.08408456959638,0.5363898391553183,1,Loyal High-Value Accounts,Low,43.1,10.0,8.2
12965,0.0012153636,Low,11171.3755006982,13.577283367221957,1,Loyal High-Value Accounts,High,14.3,82.2,50.4
10034,0.90358883,High,-392.24779671389257,0.0,0,Disengaged At-Risk Accounts,Moderate,93.5,2.8,2.8
14303,0.04718465,Low,188.60066388774985,8.899056287944868,1,Loyal High-Value Accounts,Moderate,79.2,17.0,42.6
11422,0.8647597,High,993.6794330888617,859.2939121667033,0,Disengaged At-Risk Accounts,Low,92.3,38.6,96.2
13096,0.0016153036,Low,174.24626739200698,0.28146061752343304,1,Loyal High-Value Accounts,High,18.6,15.6,6.2
12887,0.002095794,Low,29916.529368047322,62.69888491557725,1,Loyal High-Value Accounts,High,23.0,99.0,78.7
14679,0.0019284833,Low,30622.39009848184,59.054766453797384,1,Loyal High-Value Accounts,High,21.6,99.2,77.9
14703,0.11322006,Low,166.72529016206184,18.87664708583075,0,Disengaged At-Risk Accounts,Low,86.4,15.0,57.5
12562,0.0031734733,Low,12966.913036128208,41.150152188157236,1,Loyal High-Value Accounts,Moderate,30.2,84.3,71.9
12648,0.0015041942,Low,9169.240419767768,13.792318480204552,1,Loyal High-Value Accounts,Low,17.5,78.2,50.7
11011,0.032231174,Low,262.9410540370549,8.474898972057025,1,Loyal High-Value Accounts,High,74.5,24.1,41.8
14598,0.00068765646,Low,31371.229074295505,21.572628282994717,1,Loyal High-Value Accounts,High,8.1,99.4,60.2
11635,0.0027214459,Low,5215.058817037257,14.192500267917088,1,Loyal High-Value Accounts,Moderate,27.4,65.9,51.4
10080,0.0068217088,Low,327.1686820221779,2.2318494620888267,1,Loyal High-Value Accounts,High,45.7,28.2,20.1
13916,0.01703253,Low,855.7166027032147,14.57501884289258,0,Disengaged At-Risk Accounts,Low,63.1,37.3,52.0
13870,0.047121093,Low,38.05655707918949,1.793266553100458,0,Disengaged At-Risk Accounts,Low,79.2,7.4,17.1
10255,0.008388105,Low,154.2712216526818,1.2940431823387009,1,Loyal High-Value Accounts,High,49.9,13.9,13.9
11593,0.09158794,Low,940.1571542629115,86.1070555011671,0,Disengaged At-Risk Accounts,Low,85.3,38.3,83.0
11535,0.00037926884,Low,20828.51567896506,7.899606911659245,1,Loyal High-Value Accounts,High,3.5,93.5,40.5
13607,0.0012806004,Low,3670.049665981026,4.699867209349732,1,Loyal High-Value Accounts,High,15.0,61.6,31.5
10291,0.0010008634,Low,3494.244561767785,3.497261434951661,1,Loyal High-Value Accounts,Moderate,11.9,61.1,26.5
10932,0.024194092,Low,66.91107968961617,1.6188527882857475,0,Disengaged At-Risk Accounts,Low,69.7,8.6,16.0
10228,0.0020603351,Low,12278.333788534324,25.29748243623716,1,Loyal High-Value Accounts,Moderate,22.7,83.3,63.2
12228,0.0004896748,Low,27564.928494424177,13.49785083676919,1,Loyal High-Value Accounts,High,5.0,98.2,50.4
11341,0.0012852944,Low,2811.5596346508487,3.6136819101553397,1,Loyal High-Value Accounts,Moderate,15.1,58.0,26.9
13951,0.017049959,Low,4415.1034884820265,75.27733314775539,0,Disengaged At-Risk Accounts,Moderate,63.1,63.4,81.3
11554,0.9845077,High,921.4493609525244,907.1739725328928,0,Disengaged At-Risk Accounts,Low,99.2,38.1,96.3
10927,0.00077104307,Low,9843.490395768844,7.589755009675279,1,Loyal High-Value Accounts,High,9.3,79.4,39.8
14106,0.004264084,Low,419.1065931034026,1.7871057835799202,1,Loyal High-Value Accounts,High,36.0,30.9,17.0
11701,0.006118337,Low,163.3654936927489,0.999525170413938,1,Loyal High-Value Accounts,Low,43.8,14.7,11.6
13878,0.045237932,Low,149.93646066292058,6.782815464899141,1,Loyal High-Value Accounts,Low,78.6,13.7,37.7
10352,0.011635242,Low,131.369316204579,1.5285137893591,1,Loyal High-Value Accounts,High,56.3,12.3,15.4
12457,0.009817356,Low,299.31378124380626,2.9384700191281943,1,Loyal High-Value Accounts,High,53.0,26.8,23.9
14605,0.0021896013,Low,1024.4168879017386,2.2430645555071838,1,Loyal High-Value Accounts,Moderate,23.7,39.0,20.1
14506,0.17856094,Low,428.49923224099524,76.5132267315232,0,Disengaged At-Risk Accounts,Low,87.7,31.1,81.5
13410,0.010425872,Low,192.84488476009466,2.0105761170381755,1,Loyal High-Value Accounts,High,54.1,17.3,18.7
14487,0.007334806,Low,371.9265270640921,2.7280089315775276,0,Disengaged At-Risk Accounts,Moderate,47.2,29.8,22.7
10394,0.0047547803,Low,13172.488179524707,62.63228764098008,1,Loyal High-Value Accounts,Moderate,38.6,84.6,78.7
10832,0.0015363094,Low,9613.386288981275,14.769135431650703,1,Loyal High-Value Accounts,High,17.7,79.0,52.2
14009,0.0023777143,Low,216.3052309478729,0.5143120328458078,1,Loyal High-Value Accounts,High,25.0,19.8,7.9
13459,0.0047095595,Low,213.70602379318618,1.0064612330166598,1,Loyal High-Value Accounts,Moderate,38.4,19.5,11.6
13293,0.0010500527,Low,8000.399270422307,8.400840844597417,1,Loyal High-Value Accounts,Moderate,12.5,74.9,41.6
13127,0.04659074,Low,1795.2435063324954,83.64172653482306,0,Disengaged At-Risk Accounts,Low,79.0,48.0,82.6
14351,0.0008534225,Low,13490.979350248663,11.51350539624745,1,Loyal High-Value Accounts,Moderate,10.3,85.2,47.1
11159,0.88312644,High,929.4982947604005,820.8645178665449,0,Disengaged At-Risk Accounts,Low,92.7,38.2,96.1
14519,0.0040890113,Low,11439.728737193378,46.777180590777526,1,Loyal High-Value Accounts,High,35.3,82.6,74.4
11033,0.005053986,Low,2970.3561517352828,15.01213800168989,0,Disengaged At-Risk Accounts,Moderate,40.1,59.2,52.5
10725,0.0020732384,Low,16340.040564673216,33.876799081398076,1,Loyal High-Value Accounts,High,22.8,88.7,68.4
10469,0.0030558156,Low,2109.8072913865235,6.447182002276119,1,Loyal High-Value Accounts,High,29.5,52.3,36.9
10804,0.00817897,Low,498.3889620261483,4.076308291580306,1,Loyal High-Value Accounts,High,49.3,32.3,29.2
13753,0.015105913,Low,1948.585526765128,29.43516420655594,0,Disengaged At-Risk Accounts,Low,61.0,50.2,66.1
13131,0.05971282,Low,-38.09999062422944,0.0,0,Disengaged At-Risk Accounts,Low,81.7,2.8,2.8
12188,0.0015291353,Low,4161.774268251196,6.363915842801053,1,Loyal High-Value Accounts,Moderate,17.7,62.9,36.7
13749,0.19712956,Low,1734.6311452144512,341.9470787500359,0,Disengaged At-Risk Accounts,Low,87.9,46.8,93.0
12446,0.018476546,Low,198.2267675142086,3.6625459508831475,1,Loyal High-Value Accounts,Moderate,64.7,17.9,27.2
12458,0.00013099832,Low,7839.602760621278,1.02697479068721,1,Loyal High-Value Accounts,High,0.2,74.4,11.8
12925,0.007989857,Low,351.9633680150654,2.8121371013945327,1,Loyal High-Value Accounts,High,48.9,28.9,23.2
13533,0.035945967,Low,197.935093993404,7.114968325117685,0,Disengaged At-Risk Accounts,Low,76.0,17.8,38.7
14221,0.0017024729,Low,614.9847023027982,1.0469947999194407,1,Loyal High-Value Accounts,High,19.6,34.3,11.9
13236,0.0021751688,Low,18278.03324222439,39.757808232711355,1,Loyal High-Value Accounts,High,23.6,90.9,71.3
13693,0.0069240453,Low,17099.334210312078,118.39656419619169,1,Loyal High-Value Accounts,High,46.0,89.7,86.5
14920,0.9046398,High,43.391090482068854,39.25330657028267,0,Disengaged At-Risk Accounts,Low,93.6,7.6,71.1
13457,0.0026985314,Low,2174.1609287829483,5.867041479174738,1,Loyal High-Value Accounts,Low,27.1,53.0,35.2
12877,0.0011471021,Low,809.7149977879193,0.9288257734830482,1,Loyal High-Value Accounts,High,13.6,36.9,11.1
13896,0.024414396,Low,7772.027793378464,189.74936359812546,1,Loyal High-Value Accounts,High,69.9,74.2,90.1
14275,0.00036973623,Low,6957.985299251013,2.5726192270259154,1,Loyal High-Value Accounts,High,3.3,71.8,21.8
10085,0.0005035098,Low,812.119997392685,0.4089103539757268,1,Loyal High-Value Accounts,High,5.2,37.0,7.2
11584,0.0013526228,Low,800.4757836573302,1.0827417604442784,1,Loyal High-Value Accounts,High,15.7,36.8,12.3
10801,0.0031230266,Low,10993.605051440416,34.33332072004456,1,Loyal High-Value Accounts,High,30.0,81.9,68.6
14464,0.0023904913,Low,7730.374440851923,18.47939292782239,1,Loyal High-Value Accounts,Moderate,25.2,74.1,57.0
14567,0.90617293,High,-7.479278667524499,0.0,1,Loyal High-Value Accounts,Moderate,93.6,2.8,2.8
11426,0.019252982,Low,1932.4267032041635,37.20497651489751,0,Disengaged At-Risk Accounts,Low,65.5,50.0,70.3
12883,0.020255556,Low,1815.848452899772,36.781020624608665,0,Disengaged At-Risk Accounts,Low,66.1,48.3,70.0
10107,0.00226188,Low,1343.471620637424,3.038771705813241,0,Disengaged At-Risk Accounts,Low,24.2,42.3,24.3
14161,0.9303171,High,662.3499466686994,616.1954841284796,0,Disengaged At-Risk Accounts,Low,94.9,35.1,95.1
11455,0.06135807,Low,499.0209950883302,30.618964219102462,0,Disengaged At-Risk Accounts,Low,82.0,32.3,66.6
11282,0.13406457,Low,106.27596056551796,14.247840961919433,0,Disengaged At-Risk Accounts,Low,87.0,10.8,51.5
14814,0.009666888,Low,11105.371864504816,107.35438649320876,1,Loyal High-Value Accounts,Moderate,52.6,82.1,85.5
10765,0.00409383,Low,7512.041612377873,30.753021374546012,1,Loyal High-Value Accounts,Low,35.3,73.4,66.7
13318,0.7533578,High,1459.3079852968863,1099.3810936951468,1,Loyal High-Value Accounts,High,90.5,43.2,96.9
11539,0.06345196,Low,303.5447709323767,19.260510870691633,1,Loyal High-Value Accounts,Moderate,82.4,27.1,57.9
12330,0.06437368,Low,23.725009033038333,1.5272661266569432,0,Disengaged At-Risk Accounts,Low,82.5,6.4,15.4
10009,0.0041295006,Low,217.8447618628624,0.8995900735103195,1,Loyal High-Value Accounts,High,35.6,19.9,10.9
10788,0.007589388,Low,1643.6074751714702,12.473975133241602,0,Disengaged At-Risk Accounts,Low,47.7,45.6,48.7
11380,0.9861605,High,940.8586772003786,927.8376792861953,0,Disengaged At-Risk Accounts,Low,99.4,38.3,96.4
14733,0.96014076,High,-456.5832066635466,0.0,0,Disengaged At-Risk Accounts,Low,97.1,2.8,2.8
13290,0.11935301,Low,-1.8127198022887838,0.0,0,Disengaged At-Risk Accounts,Low,86.6,2.8,2.8
10590,0.0014272471,Low,4210.967699520738,6.01009132182791,1,Loyal High-Value Accounts,Moderate,16.6,63.0,35.8
12744,0.008116789,Low,344.1833808153419,2.7936639351971992,1,Loyal High-Value Accounts,High,49.2,28.6,23.1
13012,0.092659295,Low,172.70514035140414,16.00273647966269,1,Loyal High-Value Accounts,Moderate,85.3,15.5,53.8
11892,0.016499816,Low,14256.778323925479,235.2342120935352,1,Loyal High-Value Accounts,Low,62.6,86.2,91.4
11758,0.0124264425,Low,384.7673013442188,4.781288733212213,1,Loyal High-Value Accounts,Moderate,57.4,30.1,31.8
10158,0.0046670735,Low,2228.7402473607654,10.401694520620799,1,Loyal High-Value Accounts,Moderate,38.1,53.5,45.3
13352,0.001581951,Low,2965.0123092745757,4.6905043196118985,1,Loyal High-Value Accounts,High,18.2,59.0,31.5
10719,0.020321472,Low,6743.223951730666,137.0322341396459,1,Loyal High-Value Accounts,Low,66.2,71.0,87.8
10965,0.010420152,Low,118.52178944505613,1.235015059691715,1,Loyal High-Value Accounts,Moderate,54.1,11.4,13.4
14012,0.018313956,Low,341.6473339781958,6.256914076507903,1,Loyal High-Value Accounts,High,64.5,28.6,36.4
10180,0.0027057647,Low,13082.108153543859,35.39710675664885,1,Loyal High-Value Accounts,Moderate,27.3,84.5,69.3
13269,0.014831725,Low,-73.0816163818785,0.0,1,Loyal High-Value Accounts,Moderate,60.8,2.8,2.8
13425,0.0013948127,Low,26619.944852504024,37.12983758404724,1,Loyal High-Value Accounts,High,16.1,97.4,70.2
14095,0.0014336884,Low,1542.5313219668237,2.2115093381266115,1,Loyal High-Value Accounts,Moderate,16.6,44.2,19.9
12187,0.0069828113,Low,142.72099352219035,0.9965937607433556,1,Loyal High-Value Accounts,Moderate,46.2,12.9,11.5
12419,0.0009382438,Low,20695.17020798117,19.417115442713776,1,Loyal High-Value Accounts,High,11.4,93.0,58.1
14685,0.0059972936,Low,3241.04222453763,19.43748188373649,1,Loyal High-Value Accounts,Moderate,43.4,60.5,58.2
10498,0.002975392,Low,4696.196740981889,13.973025849675738,1,Loyal High-Value Accounts,Moderate,28.8,64.3,51.0
11727,0.008799967,Low,1907.4863007832182,16.78581717895944,0,Disengaged At-Risk Accounts,Low,50.8,49.6,54.7
12042,0.0001730593,Low,2148.4479477367413,0.37180891229388136,1,Loyal High-Value Accounts,Moderate,0.4,52.7,6.9
12898,0.00028405662,Low,20915.356222671253,5.941145306505849,1,Loyal High-Value Accounts,High,1.9,93.7,35.5
11748,0.0461264,Low,3247.3794320841016,149.78992000321855,0,Disengaged At-Risk Accounts,Low,78.9,60.5,88.6
12843,0.58168143,Medium,912.9203523019429,531.0288163133204,0,Disengaged At-Risk Accounts,Low,89.6,38.0,94.5
14421,0.026646623,Low,1849.3897560333921,49.27999232652268,0,Disengaged At-Risk Accounts,Low,71.5,48.7,75.0
14029,0.008566876,Low,1977.5090657627795,16.941074840671718,0,Disengaged At-Risk Accounts,Low,50.3,50.5,55.0
11003,0.0043300977,Low,870.4503567733414,3.7691350858048263,1,Loyal High-Value Accounts,High,36.3,37.5,27.5
10030,0.0049479576,Low,8044.73343404594,39.80499979636526,1,Loyal High-Value Accounts,High,39.6,75.0,71.3
11096,0.98512787,High,1155.5669197920336,1138.3811740247936,0,Disengaged At-Risk Accounts,Low,99.2,40.3,96.9
14483,0.008743466,Low,237.45835661835943,2.076209038555061,0,Disengaged At-Risk Accounts,Moderate,50.6,21.6,19.1
14264,0.009406212,Low,132.18886458340063,1.2433964560186554,1,Loyal High-Value Accounts,Moderate,52.2,12.3,13.5
13911,0.878901,High,1329.6505314248807,1168.63118809056,0,Disengaged At-Risk Accounts,Low,92.7,42.1,97.0
11946,0.0042742677,Low,5096.141869966286,21.782274606205032,1,Loyal High-Value Accounts,Moderate,36.0,65.5,60.5
14145,0.05932488,Low,1453.184096453284,86.20997097638622,0,Disengaged At-Risk Accounts,Low,81.6,43.1,83.1
13172,0.028964816,Low,205.7346742890685,5.95906691592276,0,Disengaged At-Risk Accounts,Moderate,73.0,18.6,35.6
14175,0.01761862,Low,211.71281939100118,3.730087876614231,1,Loyal High-Value Accounts,Low,63.7,19.1,27.4
11698,0.0084930295,Low,12160.271151806843,103.27754177187228,1,Loyal High-Value Accounts,Low,50.1,83.2,85.1
14650,0.6220026,High,1848.9368924908506,1150.0435573670436,0,Disengaged At-Risk Accounts,Low,89.8,48.7,97.0
10539,0.00060837826,Low,26769.822237116496,16.28617799592939,1,Loyal High-Value Accounts,High,6.9,97.6,54.2
14764,0.047067247,Low,3171.6439928778964,149.28055225911606,0,Disengaged At-Risk Accounts,Low,79.2,60.2,88.5
13822,0.003970263,Low,13215.178811547512,52.46773626919135,1,Loyal High-Value Accounts,High,34.6,84.8,76.1
14532,0.5911931,Medium,-44.996107060105096,0.0,0,Disengaged At-Risk Accounts,Low,89.7,2.8,2.8
14819,0.020695532,Low,1540.6402683098504,31.88436957393748,0,Disengaged At-Risk Accounts,Low,66.6,44.1,67.3
13014,0.0008284394,Low,14287.342395655352,11.836197761973557,1,Loyal High-Value Accounts,Moderate,9.9,86.3,47.7
13003,0.0009613911,Low,24017.3244092391,23.090041467796514,1,Loyal High-Value Accounts,Moderate,11.6,95.9,61.4
10587,0.003264196,Low,884.9821704405728,2.888755246866776,1,Loyal High-Value Accounts,High,30.6,37.7,23.7
10152,0.0070918603,Low,7000.221455919506,49.64459254268107,1,Loyal High-Value Accounts,Moderate,46.6,71.9,75.2
10722,0.05608661,Low,1890.4513072652126,106.02900709009874,0,Disengaged At-Risk Accounts,Low,80.8,49.3,85.3
14258,0.036515377,Low,49.316054392961796,1.800794341091097,0,Disengaged At-Risk Accounts,Low,76.2,7.9,17.2
14830,0.027700903,Low,1537.576107371297,42.592246442640985,1,Loyal High-Value Accounts,Low,72.2,44.1,72.5
11933,0.011299084,Low,2937.499155987531,33.191049539193855,1,Loyal High-Value Accounts,Moderate,55.7,58.6,67.9
13358,0.040254243,Low,1860.3070964901472,74.88525339254105,0,Disengaged At-Risk Accounts,Low,77.2,48.7,81.2
14485,0.10621978,Low,22.278354624214618,2.3664020032568005,0,Disengaged At-Risk Accounts,Moderate,86.0,6.3,20.8
12281,0.06511378,Low,23.212072763702217,1.511425866192918,0,Disengaged At-Risk Accounts,Low,82.6,6.4,15.3
10081,0.05733142,Low,525.0244219310017,30.10039589662784,1,Loyal High-Value Accounts,Moderate,81.2,32.7,66.4
14832,0.0030253835,Low,5110.482230387097,15.461168390353722,1,Loyal High-Value Accounts,High,29.3,65.5,53.1
13493,0.0035488363,Low,10518.382493101839,37.3280179826257,1,Loyal High-Value Accounts,Moderate,32.1,80.8,70.3
11175,0.045125123,Low,94.70362626354138,4.273512794427138,0,Disengaged At-Risk Accounts,Low,78.5,10.2,29.9
10878,0.012708814,Low,-106.66169606180871,0.0,0,Disengaged At-Risk Accounts,Low,57.9,2.8,2.8
10492,0.015176321,Low,223.0140372623121,3.3845327017085447,1,Loyal High-Value Accounts,High,61.1,20.4,26.0
10240,0.00994804,Low,639.5215826966333,6.361986514940011,1,Loyal High-Value Accounts,Moderate,53.2,34.8,36.7
14728,0.012377761,Low,173.6837124839836,2.1498155355850552,1,Loyal High-Value Accounts,High,57.3,15.6,19.5
12211,0.022251835,Low,1364.978566745677,30.37327797257078,1,Loyal High-Value Accounts,Low,68.0,42.4,66.5
12657,0.023155315,Low,1101.6177981227713,25.508306957502647,0,Disengaged At-Risk Accounts,Low,69.0,39.8,63.4
12499,0.007925492,Low,189.5394143832598,1.5021930706886228,1,Loyal High-Value Accounts,Low,48.6,17.0,15.2
14241,0.0074435095,Low,6615.021964705886,49.23897903727373,1,Loyal High-Value Accounts,Moderate,47.5,70.4,75.0
14266,0.95610327,High,24.783220342338183,23.695317893599363,0,Disengaged At-Risk Accounts,Low,96.7,6.5,62.1
12440,0.0067503196,Low,105.88129622985285,0.7147325911971224,1,Loyal High-Value Accounts,Moderate,45.6,10.8,9.9
10813,0.019629478,Low,163.89669502352697,3.2172066437428053,1,Loyal High-Value Accounts,Moderate,65.8,14.8,25.2
12101,0.0009553901,Low,10835.244374459864,10.351885245739037,1,Loyal High-Value Accounts,Moderate,11.6,81.6,45.2
10169,0.039069958,Low,2029.4042489454512,79.28873883459211,0,Disengaged At-Risk Accounts,Low,76.9,51.2,81.9
12975,0.015282103,Low,1428.8381228508508,21.835651164425226,0,Disengaged At-Risk Accounts,Low,61.3,42.9,60.6
11184,0.0027897314,Low,123.2606713865803,0.34386416168955264,1,Loyal High-Value Accounts,Moderate,27.9,11.6,6.7
13135,0.012628629,Low,324.8001391512109,4.101780415023393,1,Loyal High-Value Accounts,High,57.7,28.1,29.4
14160,0.00027922585,Low,23031.1206640123,6.430884142256642,1,Loyal High-Value Accounts,High,1.7,95.0,36.8
14916,0.0034140279,Low,7514.077696137154,25.65327058573746,1,Loyal High-Value Accounts,Low,31.4,73.4,63.6
10374,0.8046336,High,367.9446846424782,296.06066260739266,0,Disengaged At-Risk Accounts,Low,91.1,29.6,92.4
14114,0.058739595,Low,2477.5883390444046,145.53253589757148,0,Disengaged At-Risk Accounts,Low,81.5,55.7,88.3
12727,0.014337981,Low,7951.9646940827915,114.015119648693,1,Loyal High-Value Accounts,High,60.0,74.7,86.2
11648,0.0035709029,Low,9228.337640189917,32.95349727048138,1,Loyal High-Value Accounts,High,32.4,78.3,67.8
10995,0.0008687033,Low,1719.1205765721827,1.4934057125917028,1,Loyal High-Value Accounts,Moderate,10.5,46.6,15.1
11232,0.044778444,Low,7483.886790074822,335.1168045807173,1,Loyal High-Value Accounts,High,78.4,73.3,92.9
14237,0.0050907996,Low,3170.0713549681473,16.138198139004395,0,Disengaged At-Risk Accounts,Low,40.2,60.2,54.0
12116,0.018417468,Low,173.5107301592686,3.195628371464101,1,Loyal High-Value Accounts,Moderate,64.6,15.5,25.1
12222,0.12161673,Low,428.8146194290837,52.15103119246575,0,Disengaged At-Risk Accounts,Low,86.7,31.1,76.0
12779,0.0005452608,Low,4172.024727407808,2.2748414882351176,1,Loyal High-Value Accounts,High,5.7,62.9,20.4
10811,0.00045193013,Low,2927.0925775821142,1.3228413267731423,1,Loyal High-Value Accounts,High,4.5,58.6,14.1
10671,0.0010179122,Low,4959.533716985225,5.048369750734615,1,Loyal High-Value Accounts,High,12.2,65.0,32.8
11216,0.040839896,Low,1745.4079319573523,71.2822777310941,0,Disengaged At-Risk Accounts,Low,77.4,47.0,80.4
10829,0.028809758,Low,307.57403636495087,8.861133524989887,1,Loyal High-Value Accounts,Moderate,72.9,27.2,42.5
10200,0.120718725,Low,1655.2054738940492,199.81429446397277,0,Disengaged At-Risk Accounts,Low,86.6,45.7,90.4
14883,0.009251675,Low,386.75465722578343,3.5781282530741603,1,Loyal High-Value Accounts,High,51.8,30.2,26.8
10297,0.003404995,Low,170.74386402077144,0.5813819965909367,1,Loyal High-Value Accounts,High,31.4,15.4,8.5
14178,0.0031093142,Low,6994.576572311655,21.74833658174809,1,Loyal High-Value Accounts,Moderate,29.9,71.9,60.4
10912,0.07719886,Low,6034.509555855116,465.85727665254717,1,Loyal High-Value Accounts,Moderate,83.9,68.4,93.9
13795,0.007648678,Low,8778.425917332408,67.14335345906989,1,Loyal High-Value Accounts,Moderate,47.9,77.3,79.5
12345,0.0012679175,Low,15743.229700978465,19.96111572402278,1,Loyal High-Value Accounts,High,14.8,88.2,58.8
10770,0.056547128,Low,252.30663734139273,14.267215632240791,1,Loyal High-Value Accounts,Moderate,81.0,23.0,51.5
11492,0.009551272,Low,2196.026604230072,20.97484696874574,1,Loyal High-Value Accounts,Moderate,52.4,53.3,59.7
12348,0.005272156,Low,8372.746785092704,44.142427980429844,1,Loyal High-Value Accounts,High,40.9,76.0,73.3
10562,0.00077350246,Low,24117.904482565453,18.655258340192816,1,Loyal High-Value Accounts,Moderate,9.4,96.0,57.2
10502,0.003498659,Low,2009.988131626907,7.032263073696826,1,Loyal High-Value Accounts,Moderate,31.8,51.0,38.4
10486,0.010671715,Low,138.7777519567091,1.4809966522087603,0,Disengaged At-Risk Accounts,Low,54.8,12.8,15.0
13028,0.008794384,Low,248.97546113086796,2.18958583098068,1,Loyal High-Value Accounts,Moderate,50.8,22.7,19.8
10916,0.0034208535,Low,2017.8523248634751,6.902777231729045,1,Loyal High-Value Accounts,Moderate,31.4,51.0,38.1
14261,0.008187472,Low,182.63426433742117,1.4953129052234175,1,Loyal High-Value Accounts,Moderate,49.3,16.5,15.2
11245,0.047511898,Low,1702.0497682385849,80.86761494742031,0,Disengaged At-Risk Accounts,Low,79.3,46.3,82.3
11731,0.0020299929,Low,5802.297302518652,11.77862217026446,1,Loyal High-Value Accounts,Low,22.5,67.4,47.6
14871,0.9455444,High,500.94762387229054,473.6682313026988,0,Disengaged At-Risk Accounts,Low,95.9,32.4,94.0
13562,0.038364258,Low,-120.13512770193438,0.0,0,Disengaged At-Risk Accounts,Low,76.7,2.8,2.8
11993,0.07659209,Low,-31.11144441777074,0.0,0,Disengaged At-Risk Accounts,Low,83.9,2.8,2.8
10229,0.0021668773,Low,3244.0963046502025,7.029558537367262,1,Loyal High-Value Accounts,Moderate,23.5,60.5,38.4
14547,0.95130324,High,-329.15863386138733,0.0,1,Loyal High-Value Accounts,Low,96.3,2.8,2.8
11504,0.063686,Low,27.43691116079379,1.747347078108203,0,Disengaged At-Risk Accounts,Low,82.4,6.6,16.7
10839,0.88685745,High,804.3147083075324,713.3124912138621,0,Disengaged At-Risk Accounts,Low,92.8,36.9,95.6
13226,0.16937752,Low,5536.891614748886,937.8249739824154,1,Loyal High-Value Accounts,Low,87.5,66.8,96.5
11243,0.047947817,Low,1708.8255106047877,81.93445209968871,0,Disengaged At-Risk Accounts,Low,79.3,46.5,82.4
11943,0.9572157,High,1370.370641442784,1311.7403289524239,0,Disengaged At-Risk Accounts,Low,96.8,42.4,97.5
10249,0.7474798,High,796.9264374547593,595.6864112221168,0,Disengaged At-Risk Accounts,Low,90.4,36.7,94.9
11878,0.9888142,High,921.5734749619286,911.2649154651873,0,Disengaged At-Risk Accounts,Low,99.5,38.1,96.4
10894,0.006786302,Low,135.60395041039388,0.9202493866901911,1,Loyal High-Value Accounts,Moderate,45.6,12.5,11.0
14561,0.008852575,Low,635.7637807373706,5.628146534921031,1,Loyal High-Value Accounts,Low,50.9,34.8,34.4
12652,0.019174438,Low,355.6785966973857,6.819937189603288,0,Disengaged At-Risk Accounts,Low,65.4,29.1,37.8
13636,0.0004723328,Low,21019.304964875562,9.928106904682133,1,Loyal High-Value Accounts,Moderate,4.8,93.9,44.5
11048,0.0012915123,Low,3800.7664487204624,4.908736537525373,1,Loyal High-Value Accounts,High,15.1,61.9,32.2
14969,0.009402706,Low,1067.5532676029932,10.037889821853451,1,Loyal High-Value Accounts,High,52.2,39.5,44.8
14212,0.012784711,Low,1883.9546649975787,24.08581608972167,0,Disengaged At-Risk Accounts,Low,58.0,49.2,62.4
10600,0.0026404457,Low,12889.040635587031,34.03281213833859,1,Loyal High-Value Accounts,Moderate,26.6,84.1,68.5
12571,0.0024305994,Low,213.82585673991724,0.5197250024482075,1,Loyal High-Value Accounts,High,25.5,19.5,8.0
11201,0.0009566908,Low,1986.9589658468594,1.9009053864820178,1,Loyal High-Value Accounts,High,11.6,50.6,17.9
14036,0.9515962,High,2022.059300018767,1924.1839470151137,0,Disengaged At-Risk Accounts,Low,96.3,51.1,98.6
14321,0.056580983,Low,96.35779407766955,5.452018718485608,1,Loyal High-Value Accounts,Moderate,81.0,10.3,34.0
12601,0.035318505,Low,51.91454309930919,1.8335440510094223,0,Disengaged At-Risk Accounts,Low,75.7,8.0,17.4
13132,0.014397444,Low,174.41967994418462,2.5111976099880247,0,Disengaged At-Risk Accounts,Moderate,60.1,15.8,21.5
11118,0.004027368,Low,8187.0584719866465,32.97229759212593,1,Loyal High-Value Accounts,High,35.0,75.4,67.8
10089,0.017806424,Low,281.621022123162,5.014663278801217,1,Loyal High-Value Accounts,Moderate,64.0,25.6,32.6
10334,0.003765929,Low,7461.284631808142,28.09866835622474,1,Loyal High-Value Accounts,Moderate,33.5,73.3,65.1
14705,0.0003577092,Low,32569.15513499123,11.650286879372274,1,Loyal High-Value Accounts,High,3.2,99.5,47.3
13816,0.01882668,Low,2627.3673069324986,49.46460420772118,0,Disengaged At-Risk Accounts,Low,65.0,56.9,75.1
12516,0.0022933881,Low,895.2785242680125,2.053221137393284,1,Loyal High-Value Accounts,Moderate,24.4,37.9,18.9
11906,0.029815616,Low,1278.7249374469031,38.125971814671544,0,Disengaged At-Risk Accounts,Low,73.4,41.4,70.6
13415,0.00069641316,Low,22320.335747652363,15.54417556741231,1,Loyal High-Value Accounts,High,8.3,94.4,53.3
12078,0.021982238,Low,186.57638532473698,4.10136645078969,1,Loyal High-Value Accounts,High,67.8,16.8,29.3
14242,0.001428558,Low,5863.997408762303,8.377060559852065,1,Loyal High-Value Accounts,High,16.6,67.7,41.5
13354,0.030357452,Low,82.1987754355305,2.4953453887400503,0,Disengaged At-Risk Accounts,Low,73.6,9.4,21.4
13054,0.017834626,Low,226.03702492387083,4.031285832910559,1,Loyal High-Value Accounts,Low,64.0,20.7,29.0
10145,0.005155058,Low,2715.2763640424564,13.9974074467666,0,Disengaged At-Risk Accounts,Low,40.4,57.4,51.1
10316,0.003113269,Low,2408.7276524712265,7.499017388617988,0,Disengaged At-Risk Accounts,Low,29.9,55.1,39.7
12908,0.76754135,High,15926.512249627833,12224.256695895987,1,Loyal High-Value Accounts,High,90.6,88.5,100.0
12856,0.0010074279,Low,5149.460737853001,5.187710556852169,1,Loyal High-Value Accounts,Low,12.1,65.6,33.4
12349,0.0076782284,Low,4515.489677920667,34.670961222413816,1,Loyal High-Value Accounts,High,48.0,63.9,68.9
12260,0.9617181,High,1793.6083319433394,1724.9455656233936,0,Disengaged At-Risk Accounts,Moderate,97.2,47.9,98.3
14411,0.9419803,High,2739.4403505444534,2580.498849631362,0,Disengaged At-Risk Accounts,Low,95.6,57.6,99.0
13789,0.89324105,High,1586.0851114433851,1416.7563269395525,0,Disengaged At-Risk Accounts,Low,92.9,44.8,97.7
12108,0.017652912,Low,283.0414356609936,4.996505574584348,1,Loyal High-Value Accounts,Moderate,63.8,25.7,32.5
14658,0.00032775267,Low,23429.963557019637,7.679233120216592,1,Loyal High-Value Accounts,High,2.6,95.3,40.1
13428,0.02739427,Low,205.58857971410112,5.631949169411681,0,Disengaged At-Risk Accounts,Low,72.1,18.5,34.4
11544,0.0052278945,Low,3790.017358950253,19.813810990087298,1,Loyal High-Value Accounts,High,40.8,61.9,58.7
14394,0.008135333,Low,1880.658353093346,15.299781446236736,1,Loyal High-Value Accounts,Moderate,49.2,49.1,52.9
11413,0.054021377,Low,401.7264605448384,21.701816622746062,0,Disengaged At-Risk Accounts,Low,80.5,30.5,60.4
10678,0.022110717,Low,764.2972729309769,16.899160989284006,0,Disengaged At-Risk Accounts,Low,67.9,36.5,54.9
13908,0.0068062805,Low,5368.261035860589,36.53789021367573,1,Loyal High-Value Accounts,Low,45.7,66.4,69.9
14383,0.0004769101,Low,24485.348551531082,11.677309840211976,1,Loyal High-Value Accounts,High,4.9,96.2,47.4
12112,0.20467688,Low,300.7209069900033,61.550617424276766,0,Disengaged At-Risk Accounts,Low,87.9,26.9,78.4
14188,0.0013640053,Low,6625.832243712285,9.037670058107427,1,Loyal High-Value Accounts,High,15.9,70.4,42.9
10101,0.9472946,High,-365.89190983537753,0.0,1,Loyal High-Value Accounts,Low,96.0,2.8,2.8
12988,0.05211601,Low,371.5458419535824,19.36348694031908,0,Disengaged At-Risk Accounts,Low,80.1,29.7,58.1
14450,0.00015842324,Low,18328.065534394023,2.9035914833853975,1,Loyal High-Value Accounts,High,0.3,91.0,23.7
11174,0.004950346,Low,403.8356787886019,1.9991263207989023,1,Loyal High-Value Accounts,High,39.6,30.5,18.7
14697,0.011810811,Low,2767.620030930555,32.68783775967913,0,Disengaged At-Risk Accounts,Low,56.5,57.7,67.6
14940,0.0080755055,Low,214.95492167533817,1.7358696511818381,1,Loyal High-Value Accounts,Moderate,49.1,19.7,16.6
10808,0.00085432763,Low,18133.55606130748,15.491998053889048,1,Loyal High-Value Accounts,High,10.3,90.6,53.2
12105,0.0059561743,Low,14942.934009950503,89.00272011586128,0,Disengaged At-Risk Accounts,High,43.3,87.3,83.5
12529,0.019916218,Low,5854.120891728831,116.59194655588873,1,Loyal High-Value Accounts,Low,65.9,67.6,86.3
12985,0.011273097,Low,182.62199437904604,2.0587155020551267,1,Loyal High-Value Accounts,High,55.7,16.5,18.9
14517,0.03562355,Low,11.79257055988561,0.4200932318629904,0,Disengaged At-Risk Accounts,Low,75.8,5.9,7.3
12991,0.0029969236,Low,9101.610291576504,27.276830997404662,1,Loyal High-Value Accounts,Moderate,29.0,78.0,64.5
12664,0.009944796,Low,166.11476006716595,1.6519773401393438,1,Loyal High-Value Accounts,High,53.2,15.0,16.2
14695,0.022515438,Low,1879.7704106688595,42.32385507002014,0,Disengaged At-Risk Accounts,Low,68.4,49.0,72.4
14341,0.0035524822,Low,22579.713564462825,80.21403120953894,1,Loyal High-Value Accounts,High,32.2,94.4,82.1
11346,0.003870119,Low,464.68489466356294,1.798385889983982,1,Loyal High-Value Accounts,Moderate,34.1,31.7,17.1
14590,0.005225016,Low,5378.6694048803765,28.10363264591402,1,Loyal High-Value Accounts,High,40.7,66.5,65.1
12992,0.0027413054,Low,1594.4146812456206,4.370777560188265,1,Loyal High-Value Accounts,Moderate,27.5,44.9,30.4
11733,0.0217665,Low,248.85535844912113,5.416710295938138,1,Loyal High-Value Accounts,High,67.5,22.6,33.9
12060,0.00014789557,Low,12093.25284452807,1.7885384905720885,1,Loyal High-Value Accounts,High,0.3,83.1,17.0
13490,0.0803777,Low,25.828043378443688,2.075998669173635,0,Disengaged At-Risk Accounts,Low,84.4,6.6,19.0
11845,0.0058444445,Low,4116.645120717166,24.059503943057692,1,Loyal High-Value Accounts,High,42.8,62.8,62.4
14251,0.12437948,Low,-856.0587818379348,0.0,0,Disengaged At-Risk Accounts,Low,86.8,2.8,2.8
11392,0.1204556,Low,1680.044042158511,202.37071366441492,1,Loyal High-Value Accounts,Low,86.6,46.1,90.6
12253,0.61942816,High,-211.84423635636819,0.0,0,Disengaged At-Risk Accounts,Low,89.7,2.8,2.8
11873,0.012512969,Low,424.0455704944708,5.306069015899133,1,Loyal High-Value Accounts,Moderate,57.6,31.0,33.7
14393,0.95248824,High,1894.8731759245525,1804.8444231429767,0,Disengaged At-Risk Accounts,Low,96.4,49.4,98.4
14946,0.00499095,Low,8274.449022907616,41.297363227391365,1,Loyal High-Value Accounts,Moderate,39.8,75.7,72.0
11221,0.004400092,Low,29185.285681452435,128.41794721318405,1,Loyal High-Value Accounts,High,36.7,98.8,87.3
12963,0.00956902,Low,213.02709065285748,2.0384604932423835,1,Loyal High-Value Accounts,High,52.5,19.3,18.9
11428,0.0003760719,Low,18719.49887066993,7.0398774574597915,1,Loyal High-Value Accounts,High,3.4,91.1,38.4
13784,0.004823277,Low,209.6864272071695,1.0113756739816435,1,Loyal High-Value Accounts,High,39.1,19.0,11.7
12674,0.9828652,High,1133.7844349682389,1114.3572816993021,0,Disengaged At-Risk Accounts,Low,98.9,40.0,96.9
12690,0.18422416,Low,1553.252426611217,286.14662127009103,0,Disengaged At-Risk Accounts,Low,87.8,44.2,92.3
13076,0.018360466,Low,6290.413637086207,115.4949242314066,1,Loyal High-Value Accounts,Low,64.6,69.3,86.3
10298,0.0405634,Low,-46.246040546467135,0.0,1,Loyal High-Value Accounts,Moderate,77.3,2.8,2.8
13829,0.01095145,Low,335.28992252790465,3.6719108537801604,1,Loyal High-Value Accounts,Low,55.3,28.5,27.3
11834,0.006490452,Low,662.712501025682,4.301303820240357,1,Loyal High-Value Accounts,High,44.8,35.1,30.1
11963,0.0006103474,Low,2241.857442283238,1.368311797283825,1,Loyal High-Value Accounts,Moderate,7.0,53.7,14.3
11076,0.9485342,High,-106.22472209806472,0.0,0,Disengaged At-Risk Accounts,Low,96.1,2.8,2.8
10309,0.0017085935,Low,1237.2783884887665,2.1140057533052063,1,Loyal High-Value Accounts,Moderate,19.6,40.9,19.4
10231,0.0007305956,Low,19832.845805390123,14.489790072062107,1,Loyal High-Value Accounts,Moderate,8.8,92.1,51.8
13706,0.00082314294,Low,15915.126862039013,13.100424288888599,1,Loyal High-Value Accounts,High,9.8,88.4,49.7
14777,0.013954786,Low,1866.2024215932595,26.04245477743324,0,Disengaged At-Risk Accounts,Low,59.6,48.9,63.8
12324,0.0039974595,Low,663.4046760797688,2.65193335260664,1,Loyal High-Value Accounts,High,34.8,35.1,22.2
11537,0.0048478036,Low,6961.829294016469,33.749581244714875,1,Loyal High-Value Accounts,High,39.2,71.8,68.3
11452,0.0007071064,Low,13372.369795747321,9.455687914561102,1,Loyal High-Value Accounts,Moderate,8.5,85.0,43.6
12861,0.9775613,High,-82.0316847242397,0.0,0,Disengaged At-Risk Accounts,Low,98.4,2.8,2.8
14049,0.04587195,Low,54.33133406863907,2.4922842771000044,0,Disengaged At-Risk Accounts,Low,78.8,8.1,21.4
13371,0.0020107497,Low,8062.528352200838,16.211726086343422,1,Loyal High-Value Accounts,High,22.3,75.0,54.0
11104,0.0017754236,Low,3982.3121033057596,7.070291077563153,1,Loyal High-Value Accounts,Moderate,20.2,62.4,38.6
14770,0.003465081,Low,8978.156148415095,31.110039177521667,1,Loyal High-Value Accounts,Moderate,31.6,77.8,66.9
12006,0.0020803122,Low,9994.32043178138,20.79130704032066,1,Loyal High-Value Accounts,Low,22.9,79.6,59.6
14339,0.06849116,Low,288.6943933784036,19.77301413903136,0,Disengaged At-Risk Accounts,Low,83.0,25.9,58.6
11761,0.022909338,Low,1599.719323085004,36.648510125318175,0,Disengaged At-Risk Accounts,Low,68.8,45.0,69.9
10427,0.007294286,Low,5895.598810981634,43.004184118839106,1,Loyal High-Value Accounts,High,47.0,67.9,72.8
11273,0.89535666,High,95.03072183036532,85.0863892317558,0,Disengaged At-Risk Accounts,Low,93.0,10.2,82.9
12139,0.022606846,Low,228.27838976711766,5.160654390065254,1,Loyal High-Value Accounts,Moderate,68.5,21.0,33.3
11306,0.027999954,Low,7532.3778881681865,210.9062366250191,1,Loyal High-Value Accounts,Low,72.4,73.5,90.9
10643,0.0003596569,Low,17966.97744144498,6.461947416152139,1,Loyal High-Value Accounts,High,3.2,90.5,37.0
11213,0.0022763687,Low,12980.34152021072,29.548042788834376,1,Loyal High-Value Accounts,Moderate,24.3,84.3,66.1
11074,0.011912053,Low,803.6222486198135,9.572791179925451,1,Loyal High-Value Accounts,Moderate,56.6,36.9,43.9
11211,0.0037570128,Low,9995.297243954808,37.55245943713795,1,Loyal High-Value Accounts,High,33.5,79.6,70.4
10506,0.007820602,Low,8629.433532612036,67.48736147716434,1,Loyal High-Value Accounts,Moderate,48.3,76.9,79.6
14454,0.03702235,Low,1815.0642180681778,67.19794001910745,1,Loyal High-Value Accounts,Low,76.4,48.2,79.5
14201,0.0011341274,Low,19653.791267098903,22.289902766628526,1,Loyal High-Value Accounts,Moderate,13.5,91.9,60.9
13485,0.027754243,Low,208.7170495468366,5.792783808059922,1,Loyal High-Value Accounts,High,72.3,18.9,35.0
12536,0.002613003,Low,3804.4537514134295,9.94104868548924,1,Loyal High-Value Accounts,Moderate,26.4,61.9,44.6
11256,0.002179993,Low,297.2957073442022,0.6481025858242199,1,Loyal High-Value Accounts,Moderate,23.6,26.7,9.3
11655,0.024364352,Low,406.2030980583159,9.896875356489751,1,Loyal High-Value Accounts,Low,69.8,30.6,44.5
14674,0.00020518329,Low,32234.942162291845,6.614071333944234,1,Loyal High-Value Accounts,High,0.7,99.5,37.3
10777,0.03230315,Low,223.37569960939507,7.215738896860343,1,Loyal High-Value Accounts,Low,74.6,20.5,39.0
13353,0.00065119436,Low,21458.70691719274,13.973789019593807,1,Loyal High-Value Accounts,Moderate,7.5,94.2,51.0
11375,0.0013422257,Low,7435.58308672907,9.980230738854404,1,Loyal High-Value Accounts,Moderate,15.6,73.2,44.8
11927,0.9872662,High,-495.18334972479033,0.0,0,Disengaged At-Risk Accounts,Low,99.4,2.8,2.8
10439,0.017051734,Low,2281.53405797748,38.904111937581526,1,Loyal High-Value Accounts,High,63.1,54.1,70.9
13619,0.055174235,Low,135.84311886451266,7.495040197939179,0,Disengaged At-Risk Accounts,Low,80.7,12.6,39.6
11324,0.014382958,Low,5987.126443137695,86.11259064005522,1,Loyal High-Value Accounts,Moderate,60.1,68.2,83.0
11042,0.013071683,Low,10294.207488938502,134.5626194555709,1,Loyal High-Value Accounts,Moderate,58.5,80.3,87.6
10150,0.0007911048,Low,35490.186161879894,28.076456677543703,1,Loyal High-Value Accounts,High,9.5,99.8,65.1
14864,0.009670651,Low,467.35077744566127,4.519586069999508,1,Loyal High-Value Accounts,High,52.6,31.8,30.9
12012,0.011396749,Low,804.1124861601057,9.164268128400591,1,Loyal High-Value Accounts,Moderate,55.8,36.9,43.1
11804,0.0023932697,Low,13378.170212874864,32.01756912532586,1,Loyal High-Value Accounts,Moderate,25.2,85.0,67.4
12647,0.023887925,Low,7744.042715410344,184.98911042081178,0,Disengaged At-Risk Accounts,Low,69.4,74.1,89.9
14458,0.008404525,Low,392.5888199071683,3.2995225504041272,1,Loyal High-Value Accounts,Moderate,49.9,30.3,25.6
13634,0.9891866,High,-103.32172392647277,0.0,0,Disengaged At-Risk Accounts,Low,99.6,2.8,2.8
10554,0.024031634,Low,517.886476220511,12.44565799693068,1,Loyal High-Value Accounts,Moderate,69.6,32.6,48.6
13859,0.0057283235,Low,289.7717901123627,1.6599065486356697,1,Loyal High-Value Accounts,Moderate,42.5,26.0,16.2
14866,0.015145167,Low,1492.7380204936796,22.607766274856587,1,Loyal High-Value Accounts,High,61.1,43.6,61.2
10013,0.0050333715,Low,2552.761438118545,12.848996680147348,1,Loyal High-Value Accounts,Moderate,40.0,56.3,49.4
10094,0.018827748,Low,1799.209775098707,33.87506744150443,0,Disengaged At-Risk Accounts,Low,65.0,48.1,68.3
13465,0.0031723254,Low,227.96360405804757,0.7231747396414718,1,Loyal High-Value Accounts,Moderate,30.2,20.9,10.0
13227,0.0219468,Low,265.6711730429668,5.83063233238624,1,Loyal High-Value Accounts,Moderate,67.7,24.3,35.1
10578,0.008468887,Low,1437.7794074693356,12.17639109894898,1,Loyal High-Value Accounts,Moderate,50.1,43.0,48.2
13929,0.0002612588,Low,30796.857598937742,8.045950047218437,1,Loyal High-Value Accounts,High,1.4,99.2,40.9
13205,0.0032144578,Low,10736.358223174324,34.51157012067752,1,Loyal High-Value Accounts,Moderate,30.3,81.4,68.7
12102,0.0015167595,Low,206.6101195443051,0.3133778640973163,1,Loyal High-Value Accounts,High,17.6,18.6,6.5
11045,0.0014759437,Low,17095.16879304847,25.231506990054005,1,Loyal High-Value Accounts,Moderate,17.1,89.7,63.2
13486,0.0014373091,Low,6123.216843630144,8.800955178360875,1,Loyal High-Value Accounts,High,16.7,68.7,42.5
11746,0.0038583751,Low,10598.570775192775,40.893261894893534,1,Loyal High-Value Accounts,Moderate,34.1,81.1,71.7
12759,0.0014583083,Low,10339.875354697408,15.07872615668328,1,Loyal High-Value Accounts,High,16.9,80.4,52.7
14689,0.001932865,Low,5369.846335576218,10.379188084194633,1,Loyal High-Value Accounts,Low,21.6,66.4,45.3
12381,0.004652197,Low,4443.35481184984,20.671361957126123,1,Loyal High-Value Accounts,Moderate,38.0,63.5,59.4
14162,0.0026399398,Low,2781.288763991176,7.342434835741196,1,Loyal High-Value Accounts,High,26.6,57.8,39.3
14839,0.0021169803,Low,180.81360445891565,0.3827788320955985,1,Loyal High-Value Accounts,High,23.2,16.4,7.0
10417,0.007979229,Low,27904.502111936403,222.6564150660242,1,Loyal High-Value Accounts,High,48.8,98.5,91.2
12697,0.016313914,Low,5862.078598996593,95.63344735398758,1,Loyal High-Value Accounts,High,62.3,67.7,84.3
14828,0.01803257,Low,1993.4204944668938,35.94649348604326,0,Disengaged At-Risk Accounts,Low,64.2,50.7,69.6
11225,0.0055520833,Low,6730.959771994777,37.370849032500715,1,Loyal High-Value Accounts,High,41.8,70.9,70.3
14298,0.0061647044,Low,407.87428730890247,2.5144244337995585,1,Loyal High-Value Accounts,High,43.9,30.7,21.5
13913,0.7919275,High,1248.9935811813143,989.1123848199226,1,Loyal High-Value Accounts,Moderate,91.0,41.1,96.6
10430,0.011974022,Low,1873.7292206693269,22.436074521373307,1,Loyal High-Value Accounts,Moderate,56.7,49.0,61.1
11771,0.004505571,Low,11863.74954048422,53.452965618991634,1,Loyal High-Value Accounts,Moderate,37.2,83.0,76.3
12466,0.74733585,High,5673.934226083559,4240.33446446027,1,Loyal High-Value Accounts,Moderate,90.4,67.0,99.5
14359,0.9504252,High,-33.447096505868,0.0,0,Disengaged At-Risk Accounts,Low,96.2,2.8,2.8
11331,0.10857725,Low,682.8818664501081,74.14543611349534,1,Loyal High-Value Accounts,Moderate,86.1,35.3,81.1
11596,0.010293838,Low,13170.957966828415,135.57970283045339,1,Loyal High-Value Accounts,Moderate,53.8,84.6,87.7
10466,0.0033905937,Low,5069.84069026943,17.18976983889029,1,Loyal High-Value Accounts,Moderate,31.3,65.4,55.4
10556,0.033285685,Low,2607.5193296810025,86.79306673564345,1,Loyal High-Value Accounts,High,75.0,56.7,83.2
14475,0.44021007,Medium,1187.0713465473536,522.5607655280713,0,Disengaged At-Risk Accounts,Low,89.1,40.5,94.4
11774,0.0036639993,Low,349.45575629155246,1.2804056329213507,0,Disengaged At-Risk Accounts,Low,32.9,28.9,13.8
11612,0.008590053,Low,260.3872093447629,2.2367398859972236,1,Loyal High-Value Accounts,Low,50.3,23.7,20.1
12134,0.003752992,Low,7866.616829088323,29.523350205855547,1,Loyal High-Value Accounts,Moderate,33.4,74.4,66.1
11816,0.046021633,Low,207.75335772909065,9.561148752798266,0,Disengaged At-Risk Accounts,Low,78.8,18.8,43.9
14560,0.0015174681,Low,1150.00609497719,1.7450976008240964,1,Loyal High-Value Accounts,High,17.6,40.2,16.7
11102,0.014501664,Low,541.1102821031565,7.846999420198034,0,Disengaged At-Risk Accounts,Moderate,60.4,33.0,40.4
12143,0.044119548,Low,219.70747912154883,9.693394682607659,1,Loyal High-Value Accounts,Moderate,78.2,20.0,44.1
12517,0.000617995,Low,2895.620686908204,1.7894790631960231,1,Loyal High-Value Accounts,High,7.1,58.4,17.1
10545,0.0020186345,Low,32657.69998398088,65.92395866113127,1,Loyal High-Value Accounts,High,22.4,99.6,79.3
13198,0.007277972,Low,3501.7093415170334,25.48534276700348,1,Loyal High-Value Accounts,High,46.9,61.2,63.3
11294,0.07808335,Low,31.23099135317242,2.438620467854865,0,Disengaged At-Risk Accounts,Low,84.1,7.0,21.0
10692,0.014985679,Low,9283.688571644207,139.12237424793096,1,Loyal High-Value Accounts,High,60.9,78.4,87.9
14240,0.024010511,Low,4649.268755337958,111.63131912756327,1,Loyal High-Value Accounts,High,69.5,64.2,85.9
10133,0.0013278004,Low,1767.055592739071,2.346297207772765,1,Loyal High-Value Accounts,Moderate,15.5,47.5,20.7
11729,0.004473327,Low,222.82760577562604,0.9967807883583739,1,Loyal High-Value Accounts,High,37.1,20.4,11.5
14343,0.0047042314,Low,5984.59020274007,28.15289712582384,0,Disengaged At-Risk Accounts,Low,38.3,68.2,65.2
12308,0.95261484,High,588.7622112970591,560.8636219768013,0,Disengaged At-Risk Accounts,Low,96.4,33.8,94.7
10799,0.035956264,Low,263.36890797474416,9.469761863954814,1,Loyal High-Value Accounts,Low,76.0,24.1,43.7
13865,0.9249305,High,2413.2339039057974,2232.0736724996164,1,Loyal High-Value Accounts,Moderate,94.6,55.2,98.8
11371,0.0035871183,Low,2963.922481089528,10.631940719803039,1,Loyal High-Value Accounts,High,32.5,59.0,45.6
11555,0.0007071667,Low,15255.159800345968,10.787940661210856,1,Loyal High-Value Accounts,Moderate,8.5,87.7,45.8
14545,0.85902715,High,387.12342263519184,332.5495293966464,0,Disengaged At-Risk Accounts,Low,92.1,30.2,92.8
14838,0.010665807,Low,23964.004701006575,255.59544769064127,1,Loyal High-Value Accounts,Moderate,54.8,95.8,91.8
13942,0.0014568357,Low,15058.170574986028,21.937279814197204,1,Loyal High-Value Accounts,High,16.9,87.4,60.7
14086,0.008622727,Low,5915.57309309901,51.00837394131712,1,Loyal High-Value Accounts,Moderate,50.4,67.9,75.7
13093,0.002909182,Low,1899.0376868605056,5.524646455740438,1,Loyal High-Value Accounts,Moderate,28.5,49.5,34.2
10288,0.005190348,Low,1912.9239197883521,9.928740433759044,0,Disengaged At-Risk Accounts,Low,40.6,49.7,44.5
11913,0.8733573,High,1266.5894596638377,1106.1851456214322,1,Loyal High-Value Accounts,Low,92.4,41.2,96.9
13324,0.010665323,Low,187.71053569837355,2.001993428768815,1,Loyal High-Value Accounts,Moderate,54.7,16.8,18.7
11624,0.0010314407,Low,2614.672519276863,2.696879608343956,1,Loyal High-Value Accounts,High,12.3,56.8,22.6
14691,0.014482426,Low,2452.715058850702,35.521265460044326,0,Disengaged At-Risk Accounts,Low,60.3,55.5,69.4
12318,0.007952799,Low,293.44483434855863,2.3337078113531993,1,Loyal High-Value Accounts,Low,48.8,26.3,20.6
12859,0.019916173,Low,268.0991397783158,5.339508867922464,1,Loyal High-Value Accounts,Moderate,65.9,24.5,33.8
11095,0.0057057664,Low,449.8117474482675,2.5665207458443566,1,Loyal High-Value Accounts,High,42.4,31.3,21.7
11809,0.87490475,High,-113.7044550786499,0.0,0,Disengaged At-Risk Accounts,Low,92.5,2.8,2.8
12277,0.0029327185,Low,11734.827495893094,34.41494556617567,1,Loyal High-Value Accounts,Moderate,28.6,83.0,68.7
11085,0.016392343,Low,8671.051600957753,142.13884981338674,1,Loyal High-Value Accounts,Moderate,62.4,77.0,88.1
12019,0.01779456,Low,10001.20660641595,177.96707744154187,1,Loyal High-Value Accounts,Moderate,64.0,79.6,89.7
12814,0.008244036,Low,225.72478855867925,1.8608832300441505,1,Loyal High-Value Accounts,High,49.5,20.7,17.7
13102,0.02047125,Low,757.151796998305,15.499844207641324,1,Loyal High-Value Accounts,High,66.4,36.4,53.2
11026,0.020747568,Low,286.2109983716923,5.938182282240431,0,Disengaged At-Risk Accounts,Low,66.7,25.8,35.5
11269,0.31955516,Medium,1541.1647939279178,492.48716752450906,0,Disengaged At-Risk Accounts,Low,88.7,44.2,94.1
13704,0.9217674,High,8982.233243006734,8279.529904903595,1,Loyal High-Value Accounts,Moderate,94.4,77.8,99.9
12820,0.005672524,Low,8177.976817674294,46.389771548543365,1,Loyal High-Value Accounts,Moderate,42.3,75.4,74.3
13314,0.0010818369,Low,10809.068586079131,11.693648986532754,1,Loyal High-Value Accounts,High,12.9,81.5,47.4
12053,0.021254355,Low,2403.7908170556416,51.091023582676954,0,Disengaged At-Risk Accounts,Low,67.0,55.1,75.7
14975,0.006350059,Low,375.311391189723,2.3832495007871435,1,Loyal High-Value Accounts,Moderate,44.5,29.9,20.8
10110,0.024144163,Low,3940.30351897554,95.13533183133812,0,Disengaged At-Risk Accounts,Moderate,69.6,62.2,84.2
11737,0.06495261,Low,4480.101041749016,290.9942643415275,0,Disengaged At-Risk Accounts,Low,82.6,63.8,92.3
11617,0.00030939197,Low,23105.258915294293,7.148581477432693,1,Loyal High-Value Accounts,Low,2.4,95.1,38.9
14960,0.0016465175,Low,7598.846431923235,12.511633957652931,1,Loyal High-Value Accounts,Moderate,19.0,73.7,48.8
14026,0.0051621813,Low,768.7592106342242,3.9684744464828725,1,Loyal High-Value Accounts,High,40.5,36.5,28.7
14794,0.0050101825,Low,8595.57365885995,43.06539275411841,1,Loyal High-Value Accounts,Moderate,39.9,76.8,72.8
11832,0.01043447,Low,1882.2575404278487,19.640360100337457,1,Loyal High-Value Accounts,Moderate,54.1,49.2,58.4
14214,0.000349706,Low,14934.275465839155,5.222605881349835,1,Loyal High-Value Accounts,High,3.0,87.3,33.5
14216,0.0010024059,Low,332.04999465000515,0.33284886926218504,1,Loyal High-Value Accounts,High,12.0,28.3,6.6
13560,0.95591205,High,-309.60572002108717,0.0,0,Disengaged At-Risk Accounts,Low,96.7,2.8,2.8
14994,0.035306428,Low,1472.379405430169,51.98445691848625,0,Disengaged At-Risk Accounts,Low,75.7,43.4,76.0
13248,0.0037478341,Low,6283.976865550306,23.55130294077373,1,Loyal High-Value Accounts,Low,33.4,69.3,61.9
12005,0.00010581875,Low,2273.4582249856685,0.24057450328218413,1,Loyal High-Value Accounts,High,0.1,53.9,5.9
14791,0.05910933,Low,98.45670420462638,5.819709837000723,0,Disengaged At-Risk Accounts,Low,81.6,10.4,35.1
14489,0.00053580885,Low,13367.85677069193,7.162616001684936,1,Loyal High-Value Accounts,High,5.6,85.0,38.9
14869,0.953996,High,561.138704510212,535.3240810484668,0,Disengaged At-Risk Accounts,Low,96.5,33.3,94.5
12584,0.00017513314,Low,15161.343535316473,2.6552537573364505,1,Loyal High-Value Accounts,High,0.4,87.5,22.3
10625,0.028126966,Low,6208.479550297324,174.6256945156348,0,Disengaged At-Risk Accounts,Low,72.5,69.0,89.6
12319,0.9589439,High,1646.9171156944194,1579.3011275763595,0,Disengaged At-Risk Accounts,Low,97.0,45.6,98.0
11130,0.001425807,Low,7359.793236289969,10.49364482553902,1,Loyal High-Value Accounts,Low,16.5,73.0,45.5
12686,0.0015475611,Low,8097.272807111344,12.531024764806672,1,Loyal High-Value Accounts,Moderate,17.8,75.2,48.9
11502,0.0035496422,Low,5027.948293182379,17.847417251834738,1,Loyal High-Value Accounts,Moderate,32.2,65.2,56.2
13930,0.8584807,High,5341.42946187952,4585.514060221668,1,Loyal High-Value Accounts,Low,92.1,66.3,99.6
13616,0.023088329,Low,695.1283046354237,16.0493506751019,0,Disengaged At-Risk Accounts,Low,69.0,35.4,53.9
12635,0.046941593,Low,1529.2117166843702,71.78363445794513,0,Disengaged At-Risk Accounts,Low,79.1,44.0,80.5
10415,0.009586408,Low,326.575668002419,3.1306875320080065,1,Loyal High-Value Accounts,High,52.5,28.1,24.8
13772,0.028169183,Low,797.5640491903223,22.466727704137227,1,Loyal High-Value Accounts,Moderate,72.6,36.7,61.1
12216,0.005499444,Low,23161.31563208262,127.37435760449816,1,Loyal High-Value Accounts,High,41.6,95.1,87.3
12227,0.009394964,Low,10515.440013553658,98.79218250863825,1,Loyal High-Value Accounts,High,52.1,80.8,84.7
14045,0.14494151,Low,722.9585899453398,104.78670880490135,0,Disengaged At-Risk Accounts,Low,87.1,35.9,85.2
11546,0.9232669,High,-158.53994974930123,0.0,0,Disengaged At-Risk Accounts,Low,94.5,2.8,2.8
12802,0.00628703,Low,2009.8446013331716,12.635953192092451,0,Disengaged At-Risk Accounts,Low,44.3,50.9,49.1
10253,0.07026093,Low,31.23099135317242,2.194318406135965,0,Disengaged At-Risk Accounts,Moderate,83.2,7.0,19.9
14801,0.020395212,Low,2269.939471688273,46.29589646950369,0,Disengaged At-Risk Accounts,Low,66.3,53.9,74.2
10351,0.021770094,Low,267.1697744168468,5.816310993479589,1,Loyal High-Value Accounts,Moderate,67.5,24.4,35.0
13292,0.03707662,Low,2153.5518034761976,79.84641868572562,1,Loyal High-Value Accounts,High,76.4,52.7,82.0
14529,0.00027575615,Low,17901.972749698692,4.9365789956609625,1,Loyal High-Value Accounts,High,1.7,90.4,32.3
10458,0.86399496,High,61.52715894176213,53.15915498371047,0,Disengaged At-Risk Accounts,Moderate,92.2,8.4,76.3
12771,0.0011101433,Low,20637.108172653367,22.910146565024803,1,Loyal High-Value Accounts,High,13.2,92.9,61.3
10091,0.0003799356,Low,16669.171638861764,6.333211818985328,1,Loyal High-Value Accounts,High,3.5,89.1,36.6
13140,0.029127324,Low,2567.7698150359165,74.79226335997366,0,Disengaged At-Risk Accounts,Low,73.1,56.4,81.2
14659,0.006106516,Low,462.7882667794301,2.826023900478243,1,Loyal High-Value Accounts,High,43.7,31.6,23.2
10027,0.12548707,Low,51.60455764635295,6.475704957312999,0,Disengaged At-Risk Accounts,Moderate,86.8,8.0,37.0
10182,0.04578682,Low,10008.843611099319,458.273124353443,0,Disengaged At-Risk Accounts,Moderate,78.7,79.7,93.9
14407,0.0044054426,Low,6412.905508249148,28.2516872779606,1,Loyal High-Value Accounts,Low,36.8,69.6,65.4
11719,0.01562594,Low,2575.0384415981225,40.23739782331614,1,Loyal High-Value Accounts,Moderate,61.5,56.4,71.5
11030,0.07877408,Low,143.77542443213747,11.325776740306681,0,Disengaged At-Risk Accounts,Low,84.2,13.2,46.7
13239,0.05616594,Low,600.7202078415942,33.74001578693527,0,Disengaged At-Risk Accounts,Low,80.9,33.9,68.2
13439,0.0018495903,Low,185.89718334236332,0.3438336336214329,1,Loyal High-Value Accounts,High,20.8,16.7,6.7
13893,0.07339859,Low,-8.8512172900738,0.0,0,Disengaged At-Risk Accounts,Low,83.5,2.8,2.8
11616,0.002239927,Low,16212.920548713832,36.31575769158399,1,Loyal High-Value Accounts,High,24.1,88.6,69.8
12371,0.2681432,Low,2036.0629387340705,545.9564457096266,0,Disengaged At-Risk Accounts,Low,88.4,51.3,94.6
14016,0.99116486,High,-321.2981988406475,0.0,0,Disengaged At-Risk Accounts,Low,99.8,2.8,2.8
14445,0.0069767535,Low,281.7150523431634,1.9654564699109462,1,Loyal High-Value Accounts,High,46.1,25.6,18.4
14099,0.0020124996,Low,9513.7793980495,19.14647731011934,1,Loyal High-Value Accounts,High,22.3,78.9,57.8
14790,0.00806784,Low,268.7418729664062,2.16816637299052,1,Loyal High-Value Accounts,Moderate,49.1,24.5,19.6
11673,0.0015793211,Low,2698.338637574681,4.261543161361138,1,Loyal High-Value Accounts,High,18.2,57.3,29.9
11919,0.0018514664,Low,7967.475070513234,14.75151213055543,1,Loyal High-Value Accounts,High,20.8,74.8,52.1
10070,0.060120415,Low,132.9939220463123,7.995649778255189,0,Disengaged At-Risk Accounts,Low,81.8,12.4,40.8
13628,0.015340479,Low,344.81460639855163,5.2896212596628,1,Loyal High-Value Accounts,Moderate,61.3,28.7,33.6
13844,0.00073799555,Low,2019.0683660622117,1.4900634684330367,1,Loyal High-Value Accounts,High,8.9,51.1,15.1
11833,0.04311604,Low,12.233732009393403,0.5274700851235019,0,Disengaged At-Risk Accounts,Low,78.0,5.9,8.1
11744,0.01369166,Low,5778.674357285207,79.1196446476056,0,Disengaged At-Risk Accounts,Moderate,59.3,67.3,81.8
10204,0.00034965554,Low,24824.814376313312,8.680133967674267,1,Loyal High-Value Accounts,High,3.0,96.4,42.2
11261,0.0017643026,Low,2914.224791914939,5.141574399583057,1,Loyal High-Value Accounts,High,20.1,58.5,33.2
13872,0.0054225773,Low,2965.0448985531393,16.07818504748021,1,Loyal High-Value Accounts,Moderate,41.3,59.1,53.9
12765,0.001797106,Low,2218.4365973999934,3.986765721126627,1,Loyal High-Value Accounts,High,20.4,53.4,28.8
10388,0.0035646595,Low,612.4352344137949,2.1831230802130195,1,Loyal High-Value Accounts,Moderate,32.3,34.2,19.7
10843,0.9696698,High,1677.7411438455774,1626.8549510772013,0,Disengaged At-Risk Accounts,Low,98.0,46.0,98.1
11644,0.0006666248,Low,23406.960399166685,15.60366048706854,1,Loyal High-Value Accounts,High,7.8,95.3,53.3
12670,0.03138696,Low,294.5917844670491,9.246340643132086,0,Disengaged At-Risk Accounts,Low,74.1,26.4,43.2
12245,0.04479872,Low,3100.131847944952,138.88194056612303,0,Disengaged At-Risk Accounts,Low,78.4,59.9,87.9
14125,0.028591895,Low,176.14681199550017,5.036371237003078,1,Loyal High-Value Accounts,High,72.7,15.9,32.7
12795,0.02272418,Low,416.05372292853315,9.454479502692225,1,Loyal High-Value Accounts,Moderate,68.6,30.8,43.6
10222,0.0414452,Low,2182.8807537675048,90.46992810672373,0,Disengaged At-Risk Accounts,Low,77.6,53.1,83.6
13904,0.010391418,Low,3288.476052156276,34.17192888180174,0,Disengaged At-Risk Accounts,Low,54.0,60.6,68.5
14356,0.872673,High,12224.072712576251,10667.617901474314,1,Loyal High-Value Accounts,High,92.4,83.2,100.0
12343,0.016578183,Low,1008.1400348621927,16.713129562224275,1,Loyal High-Value Accounts,Low,62.6,38.8,54.6
14537,0.018055648,Low,214.78375334692151,3.8780597631327023,1,Loyal High-Value Accounts,Low,64.2,19.6,28.3
11551,0.005353372,Low,2964.105855341299,15.867961523373245,1,Loyal High-Value Accounts,Moderate,41.2,59.0,53.7
13124,0.029792845,Low,106.31461413337954,3.167414846601639,0,Disengaged At-Risk Accounts,Low,73.4,10.9,24.9
12092,0.008517888,Low,1454.5506134676552,12.389699760762182,1,Loyal High-Value Accounts,Moderate,50.2,43.2,48.5
12955,0.1721774,Low,1406.6569081567845,242.19453499757688,0,Disengaged At-Risk Accounts,Low,87.6,42.7,91.6
14673,0.00016559276,Low,918.5666846060128,0.15210799497445293,1,Loyal High-Value Accounts,High,0.4,38.0,5.7
10178,0.053936616,Low,3761.0567813576736,202.85867381426348,1,Loyal High-Value Accounts,Moderate,80.5,61.8,90.6
14140,0.9029641,High,3006.619285784176,2714.869322959453,1,Loyal High-Value Accounts,Moderate,93.5,59.4,99.1
14316,0.01906561,Low,210.41219707437207,4.0116367207097685,1,Loyal High-Value Accounts,High,65.2,19.1,28.9
14406,0.0040104664,Low,2883.063795235075,11.562430459905558,1,Loyal High-Value Accounts,Moderate,34.9,58.3,47.2
10706,0.0024643452,Low,6208.747965161561,15.300498188053291,1,Loyal High-Value Accounts,High,25.7,69.0,52.9
12860,0.9793706,High,-483.9075244167427,0.0,0,Disengaged At-Risk Accounts,Moderate,98.6,2.8,2.8
12373,0.9632413,High,1110.0139462433,1069.2112534262226,0,Disengaged At-Risk Accounts,Low,97.4,39.8,96.8
13373,0.04397693,Low,1082.4656814333114,47.60351645928902,1,Loyal High-Value Accounts,Moderate,78.2,39.7,74.6
11984,0.0019013878,Low,228.12419861386962,0.4337525724838504,1,Loyal High-Value Accounts,High,21.3,21.0,7.4
10656,0.0035653028,Low,590.2138035099695,2.1042909363754716,0,Disengaged At-Risk Accounts,Low,32.3,33.8,19.4
10655,0.0021782657,Low,5840.910144865951,12.72305430218228,1,Loyal High-Value Accounts,Low,23.6,67.5,49.3
12978,0.004704256,Low,6998.9048061982185,32.92464046246314,1,Loyal High-Value Accounts,Low,38.3,71.9,67.7
13085,0.0013770459,Low,8471.417581273523,11.665530639212566,0,Disengaged At-Risk Accounts,Moderate,16.0,76.4,47.4
13200,0.014187998,Low,1763.2297089060087,25.01669982747383,1,Loyal High-Value Accounts,Low,59.9,47.4,63.0
12158,0.0029968382,Low,2553.1437791180397,7.651358771446432,1,Loyal High-Value Accounts,High,29.0,56.3,40.0
12299,0.003926949,Low,358.30599345883576,1.4070494020786024,1,Loyal High-Value Accounts,High,34.4,29.3,14.6
11533,0.008757976,Low,360.086459888353,3.1536285317785975,1,Loyal High-Value Accounts,Moderate,50.7,29.4,24.9
10654,0.00026204486,Low,14212.407652304248,3.7242884437135486,1,Loyal High-Value Accounts,Moderate,1.5,86.1,27.3
13098,0.31520802,Medium,2608.7427790598113,822.2966404055433,0,Disengaged At-Risk Accounts,Low,88.6,56.7,96.1
14484,0.008175876,Low,1307.1565596474295,10.687149933261482,1,Loyal High-Value Accounts,Moderate,49.3,41.8,45.7
12804,0.029278751,Low,11460.303859298581,335.5433883834017,1,Loyal High-Value Accounts,Moderate,73.2,82.6,92.9
13159,0.024858437,Low,147.1739828318361,3.6585152506932594,1,Loyal High-Value Accounts,Moderate,70.3,13.5,27.2
12808,0.005891683,Low,13010.210544649357,76.65203688786983,1,Loyal High-Value Accounts,Low,43.1,84.4,81.5
11469,0.01440673,Low,1776.1954145332097,25.589168511996423,1,Loyal High-Value Accounts,High,60.1,47.6,63.5
13847,0.0033499522,Low,6534.717585676031,21.89099133621521,1,Loyal High-Value Accounts,Moderate,31.1,70.0,60.6
10220,0.00828731,Low,1987.406251892825,16.470251047459357,0,Disengaged At-Risk Accounts,Low,49.7,50.6,54.4
13001,0.0035104323,Low,12240.258733558985,42.968599837167574,1,Loyal High-Value Accounts,Low,31.9,83.2,72.8
10879,0.9256318,High,-47.23432293648708,0.0,0,Disengaged At-Risk Accounts,Moderate,94.7,2.8,2.8
10583,0.0026672157,Low,20960.382054806032,55.905859104489025,1,Loyal High-Value Accounts,High,26.8,93.8,77.1
13571,0.0041222475,Low,405.913755730743,1.673276946014919,1,Loyal High-Value Accounts,High,35.5,30.6,16.3
13856,0.0027748225,Low,1272.0553963928292,3.529727967823707,1,Loyal High-Value Accounts,High,27.7,41.3,26.6
10044,0.8599692,High,1479.102723046199,1271.9827835385977,0,Disengaged At-Risk Accounts,Low,92.2,43.5,97.3
10211,0.007043506,Low,13184.720249566011,92.86665643424217,1,Loyal High-Value Accounts,Moderate,46.4,84.7,83.9
12168,0.006528305,Low,367.14214298391823,2.39681584729289,0,Disengaged At-Risk Accounts,Low,45.0,29.5,20.9
10355,0.010679854,Low,137.2759060812763,1.466086645658933,0,Disengaged At-Risk Accounts,Low,54.8,12.6,14.9
11097,0.002037026,Low,15861.559936609596,32.31040980271061,1,Loyal High-Value Accounts,Moderate,22.5,88.3,67.5
11420,0.009086626,Low,289.00106363008007,2.62604447781012,1,Loyal High-Value Accounts,Moderate,51.4,26.0,22.1
10953,0.0010887525,Low,24907.429778796995,27.11802713070417,1,Loyal High-Value Accounts,High,13.0,96.5,64.4
10684,0.20101283,Low,323.2153951480881,64.97044286416703,0,Disengaged At-Risk Accounts,Low,87.9,28.0,79.2
10368,0.009208056,Low,9642.655136932432,88.79010988211839,1,Loyal High-Value Accounts,Moderate,51.7,79.1,83.4
14784,0.004174885,Low,1881.2663164776518,7.854070289331227,1,Loyal High-Value Accounts,Moderate,35.8,49.1,40.4
13962,0.0011647464,Low,15706.306057755772,18.293862720825942,1,Loyal High-Value Accounts,High,13.9,88.1,56.8
11700,0.92034733,High,4462.570718786264,4107.115059155368,1,Loyal High-Value Accounts,Moderate,94.3,63.7,99.4
10136,0.001655111,Low,6589.570165667848,10.906469888111888,1,Loyal High-Value Accounts,High,19.0,70.2,46.1
13722,0.08387416,Low,2442.1638951644677,204.8344417755349,0,Disengaged At-Risk Accounts,Low,84.7,55.3,90.6
10048,0.0006585703,Low,19223.071061415896,12.659744120648876,1,Loyal High-Value Accounts,High,7.6,91.3,49.2
12504,0.0021483165,Low,2999.108115658918,6.443033374070874,1,Loyal High-Value Accounts,High,23.4,59.3,36.9
11336,0.004768155,Low,6635.377295549927,31.638507757330697,0,Disengaged At-Risk Accounts,Moderate,38.8,70.5,67.1
14542,0.0006916107,Low,4154.4821125386525,2.873284196807166,1,Loyal High-Value Accounts,High,8.2,62.9,23.6
11894,0.0017762359,Low,3523.2273510479417,6.258082822367053,1,Loyal High-Value Accounts,High,20.2,61.3,36.4
13594,0.0014268238,Low,18281.34483465268,26.084257658557597,1,Loyal High-Value Accounts,High,16.6,90.9,63.8
11814,0.0036887485,Low,26193.360426471598,96.62071794226127,1,Loyal High-Value Accounts,High,33.0,97.0,84.4
12115,0.0010978229,Low,15329.1120633841,16.828650430095202,1,Loyal High-Value Accounts,High,13.0,87.8,54.8
10062,0.07392635,Low,1127.987814013646,83.38802415041012,0,Disengaged At-Risk Accounts,Low,83.6,40.0,82.6
12793,0.058044128,Low,466.0209385880755,27.04977906598352,1,Loyal High-Value Accounts,Moderate,81.4,31.7,64.3
13408,0.0047513763,Low,315.5750086167692,1.499415630077119,1,Loyal High-Value Accounts,High,38.6,27.7,15.2
10096,0.0017288817,Low,7426.619861764767,12.839747413677534,1,Loyal High-Value Accounts,Low,19.8,73.1,49.4
10882,0.00770469,Low,1489.124832928558,11.473245356086041,1,Loyal High-Value Accounts,Moderate,48.1,43.6,47.0
10479,0.028387187,Low,2122.147413185767,60.241795563216236,1,Loyal High-Value Accounts,High,72.6,52.3,78.1
11898,0.001220761,Low,20620.945594013865,25.173245822294504,1,Loyal High-Value Accounts,High,14.3,92.8,63.2
12729,0.96108526,High,-151.16559029153652,0.0,0,Disengaged At-Risk Accounts,Low,97.2,2.8,2.8
11780,0.06302464,Low,80.99732166825892,5.104827045854346,0,Disengaged At-Risk Accounts,Low,82.3,9.3,33.0
13158,0.0027762225,Low,5922.735464550554,16.442831673467513,1,Loyal High-Value Accounts,High,27.8,67.9,54.4
10712,0.02148779,Low,9533.361843756773,204.85086993822776,1,Loyal High-Value Accounts,Low,67.2,79.0,90.6
12663,0.034728862,Low,83.40630217393019,2.896605986922133,0,Disengaged At-Risk Accounts,Moderate,75.5,9.6,23.7
12183,0.8749037,High,-261.16746318808,0.0,1,Loyal High-Value Accounts,Low,92.5,2.8,2.8
12973,0.086482055,Low,1909.619738429516,165.14784017458726,1,Loyal High-Value Accounts,High,85.0,49.6,89.2
13308,0.0006302218,Low,4211.586170788567,2.6542333975758914,1,Loyal High-Value Accounts,High,7.2,63.0,22.3
10323,0.10493468,Low,-84.30147164092122,0.0,0,Disengaged At-Risk Accounts,Low,85.9,2.8,2.8
13842,0.0014930456,Low,13190.001934438955,19.693274280230614,1,Loyal High-Value Accounts,High,17.3,84.7,58.5
11438,0.0071880417,Low,2783.1711964098236,20.005550602620332,0,Disengaged At-Risk Accounts,Low,46.7,57.8,59.0
12358,0.020360991,Low,613.0456959052606,12.482218116850193,0,Disengaged At-Risk Accounts,Moderate,66.2,34.3,48.8
11633,0.007617035,Low,873.4980883342524,6.653465467043139,1,Loyal High-Value Accounts,High,47.8,37.6,37.5
13606,0.0010817889,Low,19829.084134949044,21.45088336054206,1,Loyal High-Value Accounts,High,12.9,92.1,60.1
13095,0.053624477,Low,1747.2398529262734,93.69482372163314,0,Disengaged At-Risk Accounts,Low,80.4,47.1,84.0
11768,0.06369265,Low,10696.011290302622,681.2573215754188,1,Loyal High-Value Accounts,High,82.4,81.3,95.5
13152,0.02180868,Low,673.0011828911902,14.677267536181256,1,Loyal High-Value Accounts,Moderate,67.5,35.2,52.1
14141,0.032964546,Low,197.94694238858565,6.525231134131786,0,Disengaged At-Risk Accounts,Low,74.8,17.8,37.2
10880,0.9144073,High,9081.20129610609,8303.916874804163,1,Loyal High-Value Accounts,Low,94.0,78.0,99.9
10292,0.0002938756,Low,27531.99077910071,8.09098052676042,1,Loyal High-Value Accounts,High,2.1,98.2,41.0
11542,0.011578596,Low,280.8485758683093,3.251832252500964,1,Loyal High-Value Accounts,High,56.2,25.5,25.5
12735,0.0005951169,Low,16925.107932441195,10.072417281016053,1,Loyal High-Value Accounts,High,6.7,89.5,44.9
10534,0.003506501,Low,8672.750881340744,30.411009399106767,1,Loyal High-Value Accounts,High,31.9,77.1,66.6
11703,0.96374977,High,-516.4447714331704,0.0,0,Disengaged At-Risk Accounts,Low,97.4,2.8,2.8
13997,0.0013133754,Low,15812.263721496449,20.76743859373407,1,Loyal High-Value Accounts,High,15.3,88.2,59.6
11861,0.004084018,Low,2136.2064524431426,8.724305729690075,1,Loyal High-Value Accounts,Moderate,35.3,52.5,42.3
11621,0.00040333348,Low,8644.132598220567,3.486468120697992,1,Loyal High-Value Accounts,High,3.7,76.9,26.4
11836,0.003144423,Low,17721.777068051844,55.72476362082906,1,Loyal High-Value Accounts,High,30.1,90.1,77.0
10658,0.00034220977,Low,9938.704457353188,3.40112171896092,1,Loyal High-Value Accounts,High,2.9,79.5,26.1
12703,0.02236816,Low,3110.5502854000147,69.57728381271603,0,Disengaged At-Risk Accounts,Low,68.1,60.0,80.0
11724,0.003448743,Low,10347.355621410714,35.68536931066154,1,Loyal High-Value Accounts,Moderate,31.6,80.5,69.5
13440,0.003242476,Low,697.7172726037654,2.262331449786539,1,Loyal High-Value Accounts,Moderate,30.4,35.5,20.3
11534,0.82523024,High,6941.802923961374,5728.5856986783865,1,Loyal High-Value Accounts,Moderate,91.4,71.7,99.7
10429,0.004490213,Low,411.2159869126385,1.8464473714805376,1,Loyal High-Value Accounts,High,37.2,30.7,17.6
11891,0.0006944335,Low,5784.5557079486525,4.016989371608857,1,Loyal High-Value Accounts,High,8.3,67.3,29.0
13218,0.01037009,Low,2836.6135654241516,29.415937039695006,1,Loyal High-Value Accounts,High,54.0,58.1,66.0
10242,0.0035842448,Low,16265.955981192315,58.301167397074046,1,Loyal High-Value Accounts,Moderate,32.4,88.6,77.6
13624,0.009342822,Low,169.26141175512294,1.5813792831780347,1,Loyal High-Value Accounts,Moderate,52.0,15.3,15.7
14719,0.06688434,Low,119.32362246301959,7.980881598311398,0,Disengaged At-Risk Accounts,Moderate,82.8,11.4,40.8
12926,0.00028996202,Low,1843.391182619824,0.5345134232447534,1,Loyal High-Value Accounts,High,2.0,48.6,8.2
10734,0.050481956,Low,31.23099135317242,1.5766015454477385,0,Disengaged At-Risk Accounts,Low,79.8,7.0,15.7
10806,0.003223794,Low,383.19231091744774,1.2353330907111437,1,Loyal High-Value Accounts,High,30.4,30.1,13.4
12535,0.0017339166,Low,10680.005457428344,18.51823852446314,1,Loyal High-Value Accounts,Moderate,19.9,81.2,57.1
14333,0.0012221896,Low,17172.395812537077,20.987924122880106,1,Loyal High-Value Accounts,High,14.3,89.8,59.7
12510,0.007641989,Low,2140.2946952721577,16.3561081037239,1,Loyal High-Value Accounts,Moderate,47.9,52.6,54.3
10732,0.007433852,Low,2945.5431068686803,21.8967320487498,1,Loyal High-Value Accounts,High,47.5,58.8,60.7
13586,0.0033046927,Low,8151.263323004726,26.93742026678374,1,Loyal High-Value Accounts,Moderate,30.8,75.3,64.3
11841,0.04155435,Low,254.61399605124336,10.580319210167819,1,Loyal High-Value Accounts,Moderate,77.6,23.3,45.5
13480,0.001791443,Low,7882.550911000596,14.12114047244209,1,Loyal High-Value Accounts,Moderate,20.3,74.5,51.2
12906,0.9307989,High,74.10256067796163,68.97458109230006,1,Loyal High-Value Accounts,Moderate,94.9,8.9,80.0
14665,0.4036004,Medium,3709.2384068156425,1497.0500851228892,1,Loyal High-Value Accounts,Moderate,89.0,61.6,97.9
14552,0.0073575154,Low,10883.904660289096,80.07849609238971,1,Loyal High-Value Accounts,Low,47.3,81.7,82.0
11176,0.0011627432,Low,154.79294979520043,0.17998444914632533,1,Loyal High-Value Accounts,High,13.8,14.0,5.7
11339,0.025598943,Low,2347.7096765869633,60.09888673966481,1,Loyal High-Value Accounts,Moderate,70.7,54.7,78.1
14548,0.0055906726,Low,251.57464764122645,1.4064714906148392,1,Loyal High-Value Accounts,High,42.0,22.8,14.6
12342,0.00063721946,Low,25038.83817886379,15.955234995395292,1,Loyal High-Value Accounts,High,7.3,96.6,53.8
14387,0.11882013,Low,56.27291082421214,6.686354626038849,0,Disengaged At-Risk Accounts,Low,86.5,8.2,37.6
13434,0.0011093414,Low,935.5594587919229,1.0378548325896528,1,Loyal High-Value Accounts,High,13.2,38.2,11.8
14645,0.046051484,Low,1908.2725012367823,87.87877979757793,1,Loyal High-Value Accounts,High,78.9,49.6,83.3
12901,0.019100009,Low,4791.361914127514,91.51505344167539,0,Disengaged At-Risk Accounts,Low,65.3,64.5,83.7
13359,0.015285778,Low,206.8986301951309,3.162606500574806,0,Disengaged At-Risk Accounts,Moderate,61.3,18.7,24.9
13321,0.0005649054,Low,25420.784264242026,14.360338490529283,1,Loyal High-Value Accounts,High,6.0,96.7,51.6
11116,0.009753718,Low,168.82749604036908,1.6466957939261426,1,Loyal High-Value Accounts,High,52.8,15.2,16.1
10103,0.0005963069,Low,21261.855476014207,12.678591701996085,1,Loyal High-Value Accounts,High,6.7,94.1,49.2
14877,0.0006635917,Low,11198.731370822892,7.431385450520631,1,Loyal High-Value Accounts,Low,7.8,82.3,39.5
11877,0.00013205809,Low,37383.28585189972,4.936765412631407,1,Loyal High-Value Accounts,High,0.2,99.9,32.3
14858,0.003979519,Low,3000.571687051401,11.940832068259034,1,Loyal High-Value Accounts,Moderate,34.6,59.3,47.9
11871,0.90961087,High,120.07194959487134,109.21875023344384,0,Disengaged At-Risk Accounts,Low,93.7,11.5,85.8
11859,0.0015943205,Low,4340.3911113335325,6.919974620959706,1,Loyal High-Value Accounts,High,18.4,63.2,38.2
12296,0.014171593,Low,136.06167440875592,1.928210657818109,1,Loyal High-Value Accounts,High,59.8,12.6,18.1
10071,0.007054547,Low,17232.697295024904,121.56887038411334,1,Loyal High-Value Accounts,High,46.4,89.9,86.8
13209,0.0055658566,Low,831.1002137991459,4.625784596452805,1,Loyal High-Value Accounts,High,41.9,37.2,31.2
11925,0.0002891537,Low,13335.251004036934,3.8559369819006806,1,Loyal High-Value Accounts,High,1.9,84.9,28.1
12237,0.0022457587,Low,20494.953331826768,46.02671893406701,1,Loyal High-Value Accounts,High,24.1,92.6,74.1
12174,0.019436525,Low,688.5190000897966,13.382416882798111,1,Loyal High-Value Accounts,High,65.6,35.3,50.1
14063,0.0006696156,Low,25516.421767410513,17.086193460359233,1,Loyal High-Value Accounts,High,7.9,96.8,55.2
13935,0.032572128,Low,1401.0293273939226,45.63450641363615,0,Disengaged At-Risk Accounts,Low,74.7,42.6,73.9
12243,0.97348714,High,-462.1179250790302,0.0,0,Disengaged At-Risk Accounts,Low,98.2,2.8,2.8
13521,0.9486231,High,332.76687533473273,315.6703517738272,0,Disengaged At-Risk Accounts,Low,96.1,28.4,92.6
13231,0.007157948,Low,83.40630217393019,0.5970179628327177,0,Disengaged At-Risk Accounts,Low,46.7,9.6,8.7
13564,0.0363933,Low,235.23200686070626,8.560868924438836,1,Loyal High-Value Accounts,High,76.2,21.5,42.0
13464,0.009926325,Low,230.77615643987033,2.2907590642055817,1,Loyal High-Value Accounts,High,53.1,21.2,20.4
14758,0.03929553,Low,558.6460230541663,21.952292569080686,1,Loyal High-Value Accounts,Moderate,77.0,33.2,60.7
10766,0.00020782523,Low,20001.878218066588,4.156894924179458,1,Loyal High-Value Accounts,High,0.8,92.3,29.6
14515,0.010973184,Low,1153.6662319490565,12.659392264048485,1,Loyal High-Value Accounts,High,55.3,40.3,49.1
11619,0.028731406,Low,144.60542226198677,4.154717058492438,0,Disengaged At-Risk Accounts,Moderate,72.8,13.2,29.6
10743,0.0026934133,Low,7244.104483516003,19.511367298210995,1,Loyal High-Value Accounts,Low,27.1,72.7,58.3
13999,0.05350268,Low,-115.89105500611178,0.0,0,Disengaged At-Risk Accounts,Low,80.4,2.8,2.8
11434,0.0073162992,Low,413.39762173755184,3.0245407092446635,1,Loyal High-Value Accounts,High,47.1,30.8,24.2
11293,0.0033478353,Low,227.61736355584944,0.7620254379332719,1,Loyal High-Value Accounts,Moderate,31.1,20.9,10.1
11035,0.05629761,Low,140.85888643788292,7.930018857281867,0,Disengaged At-Risk Accounts,Low,80.9,12.9,40.7
14211,0.0010755402,Low,2073.6517511683287,2.230295826649407,1,Loyal High-Value Accounts,Moderate,12.8,51.8,20.0
12221,0.9789378,High,-297.17996811687425,0.0,0,Disengaged At-Risk Accounts,Low,98.5,2.8,2.8
10812,0.00023494737,Low,26400.265498086206,6.202672820490711,1,Loyal High-Value Accounts,High,1.1,97.2,36.3
10908,0.0089933425,Low,4121.8253380364995,37.06898706765745,1,Loyal High-Value Accounts,High,51.1,62.8,70.2
10890,0.0053387135,Low,7348.080006730382,39.22929412739467,1,Loyal High-Value Accounts,High,41.1,73.0,71.0
12145,0.02710843,Low,143.2678669435542,3.883767065846695,0,Disengaged At-Risk Accounts,Low,71.8,13.1,28.3
14870,0.009354935,Low,315.5811371182614,2.9522410336960623,1,Loyal High-Value Accounts,Moderate,52.1,27.8,24.0
12576,0.0090141175,Low,361.84839964451845,3.261744002973058,1,Loyal High-Value Accounts,Moderate,51.2,29.4,25.5
10382,0.009441194,Low,150.7687620687085,1.423437150604218,1,Loyal High-Value Accounts,Moderate,52.3,13.7,14.7
13575,0.0494488,Low,770.5324226879724,38.10190315593875,0,Disengaged At-Risk Accounts,Low,79.6,36.6,70.5
11752,0.0019934904,Low,18495.41452485941,36.87043098544182,1,Loyal High-Value Accounts,High,22.2,91.1,70.1
12595,0.004333187,Low,5859.029108986631,25.388268150464366,1,Loyal High-Value Accounts,Moderate,36.3,67.7,63.3
12534,0.0012022651,Low,26931.337838502783,32.37860892378481,1,Loyal High-Value Accounts,High,14.1,97.7,67.5
12651,0.06530829,Low,3771.397479717865,246.3035117863963,1,Loyal High-Value Accounts,Low,82.6,61.8,91.7
11965,0.011221348,Low,12901.152901478019,144.7683302825953,1,Loyal High-Value Accounts,High,55.6,84.1,88.3
13952,0.008910828,Low,1720.6498483610553,15.33241531157805,1,Loyal High-Value Accounts,Low,51.0,46.6,53.0
13835,0.0002932688,Low,27076.27945274315,7.940627794841138,1,Loyal High-Value Accounts,High,2.1,97.8,40.7
11414,0.006567649,Low,1822.426044909319,11.969054732886793,1,Loyal High-Value Accounts,Low,45.1,48.3,47.9
10234,0.0016102056,Low,10631.469286165262,17.11885164855296,1,Loyal High-Value Accounts,High,18.6,81.1,55.3
12688,0.003823472,Low,754.7518454873222,2.8857725135202443,1,Loyal High-Value Accounts,Moderate,33.9,36.3,23.6
13802,0.0003307573,Low,18191.48556774524,6.016966495146732,1,Loyal High-Value Accounts,High,2.7,90.8,35.8
14706,0.0006890745,Low,26254.61639576183,18.091387020102218,1,Loyal High-Value Accounts,Moderate,8.2,97.1,56.5
12252,0.02781432,Low,1606.1279098249643,44.67335461250568,1,Loyal High-Value Accounts,Moderate,72.3,45.0,73.5
10634,0.9589416,High,1091.8580923249772,1047.0281229506966,0,Disengaged At-Risk Accounts,Low,96.9,39.7,96.8
14933,0.009414773,Low,2877.5172884329522,27.09117332416689,1,Loyal High-Value Accounts,Low,52.2,58.3,64.4
10416,0.0028029762,Low,30030.805218966216,84.1756315232072,1,Loyal High-Value Accounts,High,27.9,99.1,82.7
11500,0.01595531,Low,994.6929151501174,15.870634129246374,1,Loyal High-Value Accounts,High,61.9,38.6,53.7
13716,0.0022272058,Low,8677.01404990579,19.325495872239493,1,Loyal High-Value Accounts,High,24.0,77.1,58.0
11996,0.0058927303,Low,6995.619152595794,41.22329707375163,1,Loyal High-Value Accounts,High,43.1,71.9,71.9
14553,0.0007355129,Low,1907.4799763998483,1.4029760841506143,1,Loyal High-Value Accounts,High,8.8,49.6,14.5
14020,0.0091841,Low,6521.632205925503,59.895320606574295,1,Loyal High-Value Accounts,Moderate,51.6,70.0,78.0
14051,0.82420826,High,4809.932709702508,3964.3862673729363,1,Loyal High-Value Accounts,Low,91.4,64.6,99.4
14499,0.002410418,Low,262.9065460080022,0.6337146414524131,1,Loyal High-Value Accounts,Moderate,25.4,24.0,9.1
13691,0.008780183,Low,6696.9147385239185,58.80013875164559,1,Loyal High-Value Accounts,High,50.8,70.8,77.9
10018,0.002077051,Low,26516.346048845535,55.07580235399782,1,Loyal High-Value Accounts,Moderate,22.9,97.3,76.8
13558,0.019028665,Low,236.3241465721247,4.496933134197429,1,Loyal High-Value Accounts,Moderate,65.2,21.5,30.8
14518,0.00070086005,Low,26795.29931958647,18.77975485942767,1,Loyal High-Value Accounts,High,8.4,97.7,57.4
12313,0.9308938,High,2952.5255108246047,2748.4876297777637,0,Disengaged At-Risk Accounts,Low,95.0,58.8,99.1
14505,0.015989643,Low,6757.042439078224,108.04269356824399,1,Loyal High-Value Accounts,High,62.0,71.1,85.6
10597,0.012950617,Low,280.91543104487954,3.6380281255867954,1,Loyal High-Value Accounts,High,58.3,25.5,27.1
11435,0.0017157943,Low,5808.047784345097,9.965415410753929,1,Loyal High-Value Accounts,High,19.7,67.4,44.7
12289,0.8054797,High,3363.907264148495,2709.5590318962554,1,Loyal High-Value Accounts,Moderate,91.2,60.8,99.0
11567,0.0012706649,Low,2469.1329659108405,3.137440484173512,1,Loyal High-Value Accounts,High,14.9,55.6,24.8
12352,0.009070128,Low,4444.244290281011,40.30986547580343,1,Loyal High-Value Accounts,Moderate,51.4,63.5,71.5
11570,0.21672983,Low,-15.864554909297057,0.0,0,Disengaged At-Risk Accounts,Low,88.0,2.8,2.8
11322,0.97193944,High,506.71827796810265,492.4994816275616,0,Disengaged At-Risk Accounts,Moderate,98.1,32.4,94.2
10372,0.0008989191,Low,166.94574363364993,0.15007072203747307,1,Loyal High-Value Accounts,Moderate,10.8,15.1,5.6
12119,0.007302543,Low,253.15696246747527,1.8486896417362122,1,Loyal High-Value Accounts,High,47.1,23.1,17.6
11972,0.0010518017,Low,8169.338154860889,8.592523942941087,1,Loyal High-Value Accounts,Low,12.5,75.4,42.0
10653,0.004894176,Low,3078.255933646747,15.065526412029051,1,Loyal High-Value Accounts,Moderate,39.3,59.8,52.6
10599,0.0035782177,Low,1626.6764962374007,5.820602631212012,1,Loyal High-Value Accounts,Low,32.4,45.4,35.1
10677,0.018308286,Low,5000.5491815814785,91.5514826921972,1,Loyal High-Value Accounts,Moderate,64.5,65.1,83.7
10239,0.0011622218,Low,2143.281162284471,2.4909680296063015,1,Loyal High-Value Accounts,High,13.8,52.6,21.3
13627,0.0009157333,Low,10781.0977672793,9.872610046891525,1,Loyal High-Value Accounts,High,11.0,81.5,44.4
14917,0.0055349125,Low,704.4238272841477,3.898924218440538,1,Loyal High-Value Accounts,Moderate,41.8,35.6,28.4
12827,0.02744551,Low,1904.1801770731743,52.261196148394404,0,Disengaged At-Risk Accounts,Low,72.1,49.5,76.1
11264,0.008442525,Low,134.49190483275072,1.1354512447157221,1,Loyal High-Value Accounts,Moderate,50.0,12.4,12.6
13768,0.04804991,Low,-95.14938940220063,0.0,0,Disengaged At-Risk Accounts,Low,79.4,2.8,2.8
10076,0.0029139386,Low,3069.657556132391,8.944793649063117,1,Loyal High-Value Accounts,High,28.6,59.8,42.7
13903,0.0017365044,Low,4476.724881028065,7.773852341591266,1,Loyal High-Value Accounts,High,19.9,63.7,40.3
11956,0.0051601543,Low,10557.472477242385,54.478187096897734,1,Loyal High-Value Accounts,Low,40.4,80.9,76.7
13694,0.02842632,Low,1718.9299150667518,48.86285072440519,0,Disengaged At-Risk Accounts,Low,72.6,46.6,74.9
13310,0.0014810842,Low,2691.647256982451,3.9865560979337484,1,Loyal High-Value Accounts,High,17.1,57.2,28.8
12930,0.01362757,Low,333.56121520215913,4.545628850307196,1,Loyal High-Value Accounts,High,59.3,28.4,31.0
11058,0.00090111705,Low,5198.866902506184,4.684787594886853,1,Loyal High-Value Accounts,High,10.8,65.8,31.4
14247,0.055723414,Low,5196.118134794511,289.545441108924,1,Loyal High-Value Accounts,Moderate,80.7,65.8,92.3
13888,0.07984199,Low,1830.3030776625333,146.1350332489462,1,Loyal High-Value Accounts,Moderate,84.4,48.4,88.4
14922,0.0007940393,Low,19688.724409792238,15.63362060333958,1,Loyal High-Value Accounts,High,9.5,92.0,53.3
11741,0.00024753573,Low,6366.830767022995,1.5760181166121707,1,Loyal High-Value Accounts,High,1.2,69.5,15.7
14386,0.01911923,Low,1069.4358158407144,20.446788443204635,1,Loyal High-Value Accounts,Moderate,65.3,39.5,59.3
12989,0.0065428005,Low,8538.849500508906,55.86798843989238,1,Loyal High-Value Accounts,High,45.0,76.7,77.1
13535,0.018204248,Low,225.35642427352488,4.102444140988576,1,Loyal High-Value Accounts,Moderate,64.4,20.6,29.4
10097,0.9553057,High,-449.5020158015774,0.0,0,Disengaged At-Risk Accounts,Low,96.6,2.8,2.8
13840,0.01632856,Low,248.74487085260466,4.0616455952756905,1,Loyal High-Value Accounts,High,62.4,22.6,29.2
13843,0.0055543133,Low,5178.092458509099,28.76074784078051,1,Loyal High-Value Accounts,Moderate,41.9,65.7,65.5
12555,0.062647864,Low,269.80826509289665,16.90291155765524,1,Loyal High-Value Accounts,High,82.2,24.6,55.0
14688,0.8137092,High,-89.12370578276821,0.0,0,Disengaged At-Risk Accounts,Low,91.3,2.8,2.8
10622,0.004988003,Low,2875.4105776465044,14.34255674998279,0,Disengaged At-Risk Accounts,Low,39.8,58.3,51.6
12448,0.9630715,High,751.2035774376737,723.4627749811426,0,Disengaged At-Risk Accounts,Low,97.3,36.2,95.7
13871,0.98230875,High,347.93322610698937,341.7778508146396,0,Disengaged At-Risk Accounts,Low,98.8,28.8,93.0
10567,0.011424876,Low,237.83064326789875,2.7171855650966923,1,Loyal High-Value Accounts,Moderate,55.9,21.7,22.7
13894,0.031012656,Low,83.40630217393019,2.5866509714934742,0,Disengaged At-Risk Accounts,Low,73.9,9.6,21.8
13197,0.13334934,Low,1402.0598386788595,186.9637599249115,1,Loyal High-Value Accounts,Moderate,87.0,42.7,89.9
14353,0.014377632,Low,12343.36201827561,177.46831894318237,1,Loyal High-Value Accounts,High,60.0,83.4,89.7
10749,0.040408082,Low,968.0574680285421,39.11734584540803,1,Loyal High-Value Accounts,High,77.2,38.4,71.0
13866,0.030233001,Low,2358.7301983261746,71.31149323833282,0,Disengaged At-Risk Accounts,Low,73.6,54.8,80.4
10052,0.0031552794,Low,19729.971942908254,62.253574802374196,1,Loyal High-Value Accounts,High,30.1,92.0,78.5
13679,0.00064845046,Low,13453.451533728172,8.723896776819762,1,Loyal High-Value Accounts,High,7.5,85.2,42.3
11757,0.0027738882,Low,6602.553594344548,18.314745348786168,1,Loyal High-Value Accounts,Moderate,27.7,70.3,56.9
11376,0.0013134067,Low,2779.4489825129285,3.650547030583431,1,Loyal High-Value Accounts,High,15.4,57.8,27.1
12742,0.0013505245,Low,8202.939278704049,11.078270353410106,1,Loyal High-Value Accounts,Low,15.7,75.5,46.4
10535,0.020694744,Low,186.50920429861887,3.8597602071139976,1,Loyal High-Value Accounts,High,66.6,16.7,28.1
10746,0.029818693,Low,1935.555865314668,57.71574647265475,0,Disengaged At-Risk Accounts,Low,73.4,50.1,77.5
14651,0.019276565,Low,207.4824146289021,3.99954823967014,1,Loyal High-Value Accounts,Moderate,65.5,18.8,28.9
14409,0.91743636,High,-250.00081133815326,0.0,1,Loyal High-Value Accounts,Moderate,94.1,2.8,2.8
10444,0.015248994,Low,216.73527057051788,3.304994914854667,1,Loyal High-Value Accounts,Moderate,61.2,19.8,25.7
12196,0.0026195105,Low,1619.8651216046405,4.243253721394294,1,Loyal High-Value Accounts,Moderate,26.5,45.3,29.8
10196,0.008734342,Low,560.0452983383653,4.8916270092175145,1,Loyal High-Value Accounts,High,50.6,33.2,32.1
12239,0.041521944,Low,2322.2369755491973,96.42379389876977,0,Disengaged At-Risk Accounts,Low,77.6,54.4,84.4
11540,0.1157141,Low,-5.268236933467193,0.0,0,Disengaged At-Risk Accounts,Low,86.4,2.8,2.8
10803,0.075207755,Low,-113.18555387927408,0.0,0,Disengaged At-Risk Accounts,Low,83.7,2.8,2.8
11222,0.0005617076,Low,5488.733810598204,3.0830634677842457,1,Loyal High-Value Accounts,High,5.9,66.7,24.4
13968,0.00032902154,Low,23162.56717811739,7.620983501836071,1,Loyal High-Value Accounts,High,2.7,95.2,39.9
10564,0.026115114,Low,581.1695793231839,15.177309741403604,1,Loyal High-Value Accounts,Moderate,71.0,33.6,52.8
11745,0.029255118,Low,11195.34907876718,327.52126082519595,1,Loyal High-Value Accounts,Moderate,73.2,82.3,92.8
13162,0.6598167,High,7352.339686323051,4851.196379256941,0,Disengaged At-Risk Accounts,Low,89.9,73.0,99.6
12882,0.00050797756,Low,27906.707833554967,14.175981305477919,1,Loyal High-Value Accounts,High,5.2,98.5,51.3
13113,0.003837947,Low,2147.971860202637,8.243802232575662,0,Disengaged At-Risk Accounts,Moderate,34.0,52.7,41.2
14843,0.00728786,Low,1924.9486539773322,14.028756137002016,1,Loyal High-Value Accounts,High,47.0,49.9,51.1
10645,0.015557467,Low,2939.983611632531,45.738698036585724,1,Loyal High-Value Accounts,Moderate,61.4,58.7,74.0
13735,0.0040077725,Low,252.03542934832515,1.0101006734885547,1,Loyal High-Value Accounts,High,34.8,23.0,11.7
13752,0.047996774,Low,1150.4861882534033,55.21962593108276,0,Disengaged At-Risk Accounts,Low,79.4,40.2,76.9
12016,0.94096404,High,52.61164532731025,49.50566650345518,0,Disengaged At-Risk Accounts,Low,95.5,8.0,75.1
14540,0.01162908,Low,1511.2638541672438,17.57460886552961,0,Disengaged At-Risk Accounts,Low,56.3,43.8,55.9
10121,0.015494969,Low,2431.0008713705784,37.66828251398322,1,Loyal High-Value Accounts,Moderate,61.4,55.3,70.4
14023,0.93831116,High,-183.90497104319957,0.0,0,Disengaged At-Risk Accounts,Low,95.3,2.8,2.8
12689,0.0004316346,Low,23014.874398434724,9.934016154199327,1,Loyal High-Value Accounts,High,4.2,95.0,44.6
14149,0.12101231,Low,1607.9842945742864,194.58589023741092,0,Disengaged At-Risk Accounts,Low,86.7,45.1,90.3
12043,0.0022869164,Low,12095.609661633724,27.661647690087154,1,Loyal High-Value Accounts,Low,24.4,83.1,64.8
12889,0.008369575,Low,293.9703525972979,2.4604069886900026,1,Loyal High-Value Accounts,High,49.8,26.4,21.2
13427,0.0015964442,Low,20889.173469756945,33.34839920171826,1,Loyal High-Value Accounts,High,18.5,93.7,68.1
13092,0.006168223,Low,6921.435050944415,42.692954778460674,1,Loyal High-Value Accounts,High,44.0,71.6,72.5
11505,0.051794965,Low,-161.10258215136705,0.0,1,Loyal High-Value Accounts,Low,80.1,2.8,2.8
12388,0.0011234409,Low,18189.878405476262,20.435253686540886,1,Loyal High-Value Accounts,High,13.3,90.8,59.2
10135,0.010874078,Low,1677.8279365187066,18.244831311564393,1,Loyal High-Value Accounts,Moderate,55.2,46.0,56.8
12621,0.0033099551,Low,8328.442376982946,27.56677050355443,1,Loyal High-Value Accounts,Moderate,30.9,75.8,64.7
13495,0.017117972,Low,3389.166973567104,58.01566384662866,1,Loyal High-Value Accounts,High,63.3,60.9,77.5
12785,0.00028496343,Low,21488.50806974591,6.123439028147636,1,Loyal High-Value Accounts,High,1.9,94.2,36.2
13519,0.8425466,High,2039.4977627404207,1718.3718694463262,0,Disengaged At-Risk Accounts,Low,91.8,51.3,98.3
10185,0.007947658,Low,9400.43408878923,74.7114369625464,1,Loyal High-Value Accounts,Moderate,48.7,78.6,81.2
12950,0.0016973093,Low,196.86187713895978,0.33413549787662394,0,Disengaged At-Risk Accounts,Low,19.5,17.7,6.7
11838,0.035394106,Low,94.70362626354138,3.3519501922636232,0,Disengaged At-Risk Accounts,Low,75.7,10.2,25.8
10512,0.00083836354,Low,10178.988737187194,8.533693063420793,1,Loyal High-Value Accounts,Low,10.1,80.1,41.9
12961,0.0070089204,Low,8712.726810290527,61.06680888664625,1,Loyal High-Value Accounts,Moderate,46.3,77.2,78.3
10063,0.007799864,Low,14766.404893977046,115.17594721471286,1,Loyal High-Value Accounts,Moderate,48.2,87.0,86.3
12233,0.0037249385,Low,3534.319894284372,13.165124214996977,1,Loyal High-Value Accounts,High,33.3,61.4,49.8
13347,0.01955222,Low,2091.3222802463133,40.889992601324984,1,Loyal High-Value Accounts,Moderate,65.7,52.1,71.7
12844,0.0012775498,Low,6945.339311744053,8.873016670752753,1,Loyal High-Value Accounts,High,15.0,71.7,42.5
13959,0.00052344956,Low,17728.662302847722,9.280060517702804,1,Loyal High-Value Accounts,Moderate,5.4,90.2,43.3
14398,0.0033573378,Low,1146.2732314145567,3.8484264349113917,1,Loyal High-Value Accounts,Low,31.2,40.2,28.0
12288,0.021434296,Low,9402.815796709923,201.54273629160525,1,Loyal High-Value Accounts,Moderate,67.2,78.6,90.5
10252,0.0099614905,Low,7270.033584414798,72.42037062646635,1,Loyal High-Value Accounts,Moderate,53.2,72.8,80.8
10626,0.039872542,Low,893.4058277781725,35.62236141226681,0,Disengaged At-Risk Accounts,Low,77.1,37.8,69.5
13168,0.0017403663,Low,512.9988027661647,0.8928058471988825,1,Loyal High-Value Accounts,High,19.9,32.5,10.8
14934,0.009062639,Low,5188.485012964401,47.02136889997008,1,Loyal High-Value Accounts,High,51.3,65.7,74.4
12776,0.03102666,Low,185.7868432596892,5.764345131600083,0,Disengaged At-Risk Accounts,Low,73.9,16.7,34.9
13553,0.98561144,High,696.8780429704308,686.8509705662212,0,Disengaged At-Risk Accounts,Low,99.3,35.4,95.5
10123,0.9000587,High,2164.865223060595,1948.5057496223944,1,Loyal High-Value Accounts,High,93.3,52.9,98.6
11910,0.0018750973,Low,9691.206180720179,18.171954361981623,1,Loyal High-Value Accounts,High,21.0,79.2,56.7
14014,0.00032348366,Low,32824.382802757835,10.618151558954619,1,Loyal High-Value Accounts,High,2.6,99.6,45.6
14289,0.0019627241,Low,7660.657846336807,15.035758096895293,1,Loyal High-Value Accounts,Low,21.9,73.8,52.5
12615,0.000414387,Low,22680.809432717968,9.398632642358963,1,Loyal High-Value Accounts,High,3.9,94.5,43.5
12378,0.0026525133,Low,6037.949866481446,16.015742500311575,1,Loyal High-Value Accounts,Low,26.7,68.4,53.8
13489,0.00024296029,Low,10133.580884096922,2.4620577508655574,1,Loyal High-Value Accounts,High,1.2,80.0,21.2
10568,0.00090511877,Low,24731.951629313495,22.38535354545077,1,Loyal High-Value Accounts,High,10.9,96.3,61.0
12847,0.028367965,Low,5295.845365632755,150.23235359906795,1,Loyal High-Value Accounts,High,72.6,66.2,88.6
11880,0.0010621627,Low,13412.926069872552,14.24670958336428,1,Loyal High-Value Accounts,Moderate,12.7,85.1,51.5
13397,0.00032821295,Low,20345.54392723775,6.677670937835399,1,Loyal High-Value Accounts,High,2.7,92.5,37.5
10694,0.9368822,High,28.822010847501154,27.002828869462384,0,Disengaged At-Risk Accounts,Low,95.3,6.7,64.3
10865,0.0014941634,Low,2961.9942049092797,4.425703374828055,1,Loyal High-Value Accounts,High,17.3,59.0,30.5
13741,0.012517961,Low,13839.400970111483,173.24107803825729,1,Loyal High-Value Accounts,High,57.7,85.6,89.5
13265,0.9448643,High,556.4472567382198,525.7671327404711,0,Disengaged At-Risk Accounts,Low,95.8,33.1,94.5
11989,0.0058927163,Low,6761.530992694482,39.84378421931725,1,Loyal High-Value Accounts,Moderate,43.1,71.2,71.4
10857,0.033298112,Low,2171.792609370815,72.31659452931746,1,Loyal High-Value Accounts,High,75.0,53.0,80.8
14223,0.03149853,Low,2576.9172726963143,81.16910348836014,0,Disengaged At-Risk Accounts,Low,74.2,56.5,82.3
13805,0.004758584,Low,16796.38381104917,79.92700069854924,1,Loyal High-Value Accounts,Moderate,38.7,89.2,82.0
11150,0.011299233,Low,251.5678661169458,2.8425239225675667,1,Loyal High-Value Accounts,Moderate,55.7,22.8,23.3
13040,0.0030605218,Low,10450.866319684821,31.98510410369191,1,Loyal High-Value Accounts,Low,29.6,80.6,67.3
10721,0.061760955,Low,30.385792000567726,1.876655518981711,0,Disengaged At-Risk Accounts,Moderate,82.1,6.8,17.8
12886,0.002430855,Low,30311.544138239333,73.68297055765797,1,Loyal High-Value Accounts,High,25.6,99.1,81.0
13255,0.0061385143,Low,418.5976139315036,2.569567423029096,1,Loyal High-Value Accounts,High,43.8,30.9,21.8
14727,0.00240035,Low,90.56466354219828,0.2173868954271375,1,Loyal High-Value Accounts,Low,25.3,10.0,5.9
11947,0.02916894,Low,307.7421003095884,8.976510618726985,1,Loyal High-Value Accounts,High,73.1,27.2,42.8
13407,0.9603778,High,-490.64439908891796,0.0,0,Disengaged At-Risk Accounts,Low,97.1,2.8,2.8
10603,0.0057176086,Low,153.9986185883609,0.8805038278816502,1,Loyal High-Value Accounts,Moderate,42.5,13.9,10.7
12171,0.43356872,Medium,387.30303131375456,167.92247800866548,0,Disengaged At-Risk Accounts,Low,89.1,30.2,89.4
14681,0.0017409282,Low,863.2691908749474,1.5028896416656876,1,Loyal High-Value Accounts,Moderate,20.0,37.4,15.2
13436,0.00049550267,Low,5144.254692233651,2.548991919913756,1,Loyal High-Value Accounts,Moderate,5.1,65.6,21.6
11056,0.0077954736,Low,3051.01562014483,23.784111600093908,1,Loyal High-Value Accounts,Moderate,48.2,59.6,62.2
12866,0.00041819966,Low,20757.985161582263,8.68098239534732,1,Loyal High-Value Accounts,Moderate,4.0,93.3,42.2
11722,0.00638692,Low,25737.16468819526,164.3812087612863,1,Loyal High-Value Accounts,High,44.6,96.8,89.2
13685,0.0036294437,Low,137.94308443860086,0.5006566589613883,1,Loyal High-Value Accounts,High,32.7,12.7,7.9
10319,0.0015514445,Low,20678.986833073493,32.08230092189178,1,Loyal High-Value Accounts,High,17.8,93.0,67.4
13027,0.00017978973,Low,14602.63121994054,2.625403088600632,1,Loyal High-Value Accounts,High,0.5,86.9,22.1
12551,0.026994461,Low,147.09902987496574,3.9708590535878496,0,Disengaged At-Risk Accounts,Low,71.8,13.4,28.7
10275,0.029670043,Low,10067.448581231209,298.7016314711534,1,Loyal High-Value Accounts,Low,73.3,79.8,92.4
14446,0.55034924,Medium,954.7176072618181,525.428105308029,0,Disengaged At-Risk Accounts,Low,89.5,38.4,94.4
10550,0.0057705236,Low,1945.4352484069514,11.226179948523653,0,Disengaged At-Risk Accounts,Low,42.6,50.2,46.6
13100,0.004539179,Low,436.8108629416716,1.9827627615649461,1,Loyal High-Value Accounts,High,37.4,31.2,18.6
11002,0.01806284,Low,2394.414369690839,43.24992194031691,0,Disengaged At-Risk Accounts,Low,64.2,55.0,72.9
12062,0.0011552833,Low,23582.128165891587,27.244038897298772,1,Loyal High-Value Accounts,High,13.7,95.4,64.5
13126,0.0015904672,Low,37293.22540361657,59.313650837079415,1,Loyal High-Value Accounts,High,18.4,99.9,77.9
10606,0.006215918,Low,6695.698972974171,41.619914950831564,1,Loyal High-Value Accounts,Moderate,44.1,70.7,72.2
11439,0.03957243,Low,174.81593145328932,6.917891020107134,1,Loyal High-Value Accounts,Moderate,77.0,15.8,38.1
10528,0.002345144,Low,896.9703788560178,2.1035247471760745,1,Loyal High-Value Accounts,Low,24.7,37.9,19.3
11874,0.030392926,Low,5658.491072000769,171.97810147728802,1,Loyal High-Value Accounts,Moderate,73.7,67.0,89.5
12500,0.98899394,High,1295.7111243719,1281.4504535415074,0,Disengaged At-Risk Accounts,Low,99.6,41.5,97.4
14867,0.004296262,Low,16734.533370772453,71.89593674979126,1,Loyal High-Value Accounts,Moderate,36.1,89.2,80.6
10830,0.00086062134,Low,15556.60930973829,13.388349915450133,1,Loyal High-Value Accounts,High,10.4,88.0,50.2
14274,0.006264278,Low,2204.4290200399814,13.80915665263382,1,Loyal High-Value Accounts,Moderate,44.3,53.3,50.7
14974,0.0068026166,Low,8521.095016676685,57.96574275935138,1,Loyal High-Value Accounts,High,45.7,76.6,77.5
12023,0.00060067064,Low,23991.99026033838,14.41128411959607,1,Loyal High-Value Accounts,High,6.8,95.8,51.7
12175,0.9827125,High,399.24686403506286,392.34488676676796,0,Disengaged At-Risk Accounts,Low,98.9,30.4,93.4
12465,0.84439343,High,1040.5716403278227,878.6518587643244,1,Loyal High-Value Accounts,High,91.9,39.2,96.3
10299,0.008045421,Low,334.8980920043778,2.694396136224902,1,Loyal High-Value Accounts,High,49.1,28.5,22.6
10069,0.0011038019,Low,26338.87243867877,29.07289706291194,1,Loyal High-Value Accounts,High,13.1,97.1,65.8
12701,0.8299925,High,2993.390082248173,2484.4912373943785,1,Loyal High-Value Accounts,Low,91.6,59.3,99.0
12405,0.0090313,Low,9372.103524219381,84.64228261621645,1,Loyal High-Value Accounts,Moderate,51.3,78.6,82.8
12300,0.0019298852,Low,277.5103878278131,0.5355632020078716,1,Loyal High-Value Accounts,Moderate,21.6,25.3,8.2
13971,0.05510228,Low,1209.0686631128099,66.6224415525004,1,Loyal High-Value Accounts,Moderate,80.7,40.6,79.4
13243,0.014706646,Low,92.61377482881885,1.3620380096734774,1,Loyal High-Value Accounts,Moderate,60.6,10.1,14.3
11740,0.0041721635,Low,9317.631807039876,38.87468379588809,1,Loyal High-Value Accounts,Moderate,35.7,78.5,70.9
11484,0.004977662,Low,370.0005090392844,1.841737516852543,1,Loyal High-Value Accounts,High,39.7,29.7,17.5
10151,0.007889043,Low,203.7710073609454,1.6075581594352233,1,Loyal High-Value Accounts,Low,48.5,18.4,15.9
10757,0.9651393,High,421.9748446017847,407.264518556747,0,Disengaged At-Risk Accounts,Low,97.6,30.9,93.6
13478,0.057043716,Low,7097.302443857581,404.85650718400655,1,Loyal High-Value Accounts,Moderate,81.1,72.2,93.5
12634,0.0050460557,Low,1913.0609078098705,9.65341180685911,1,Loyal High-Value Accounts,Low,40.0,49.7,44.0
11481,0.306148,Medium,-101.82472252742792,0.0,0,Disengaged At-Risk Accounts,Low,88.5,2.8,2.8
12706,0.04518609,Low,704.1080277805985,31.815889568098378,0,Disengaged At-Risk Accounts,Low,78.5,35.6,67.2
12569,0.0054030064,Low,272.2253790538766,1.4708354787026046,1,Loyal High-Value Accounts,Moderate,41.3,24.9,15.0
12421,0.0014823307,Low,16690.236194339435,24.740449973825847,1,Loyal High-Value Accounts,Moderate,17.1,89.1,62.8
11686,0.0012063943,Low,27911.264942981197,33.67199051331762,1,Loyal High-Value Accounts,High,14.2,98.5,68.2
12556,0.0034985426,Low,256.6572046956241,0.8979261611970699,1,Loyal High-Value Accounts,Moderate,31.8,23.4,10.9
10377,0.0044889986,Low,152.34333211035423,0.6838689982210064,1,Loyal High-Value Accounts,Moderate,37.2,13.8,9.7
11129,0.000856036,Low,11609.585912955106,9.938223150865104,1,Loyal High-Value Accounts,Low,10.3,82.9,44.6
11169,0.0019002834,Low,7094.590294722233,13.481732074141313,1,Loyal High-Value Accounts,High,21.3,72.2,50.3
10860,0.022184279,Low,30.385792000567726,0.6740868817851128,0,Disengaged At-Risk Accounts,Low,68.0,6.8,9.5
14950,0.037645258,Low,13505.655798864476,508.42389713485824,1,Loyal High-Value Accounts,Moderate,76.5,85.2,94.3
13964,0.00019094658,Low,9429.6386417032,1.8005572407438062,1,Loyal High-Value Accounts,High,0.6,78.7,17.2
12603,0.9119338,High,-207.58026924064663,0.0,0,Disengaged At-Risk Accounts,Low,93.9,2.8,2.8
13640,0.030557629,Low,2222.270186384213,67.9073072732735,0,Disengaged At-Risk Accounts,Low,73.8,53.4,79.7
13182,0.0020797618,Low,214.48296805191785,0.44607348797620944,1,Loyal High-Value Accounts,High,22.9,19.5,7.5
10379,0.018231606,Low,357.7072055327025,6.521576874313871,0,Disengaged At-Risk Accounts,Low,64.4,29.2,37.1
14603,0.0274726,Low,88.87381732678429,2.4415948641838505,0,Disengaged At-Risk Accounts,Moderate,72.1,9.9,21.1
13656,0.00017732685,Low,6543.999514982061,1.160426787707031,1,Loyal High-Value Accounts,High,0.5,70.1,12.8
13246,0.7794619,High,6818.898964683738,5315.072081080743,1,Loyal High-Value Accounts,Moderate,90.7,71.3,99.7
11039,0.013236915,Low,513.1344100825726,6.792316447386049,0,Disengaged At-Risk Accounts,Low,58.7,32.5,37.8
12956,0.051749725,Low,171.65497304545212,8.88309763191994,0,Disengaged At-Risk Accounts,Low,80.1,15.4,42.6
11477,0.018105658,Low,1942.538047051937,35.170929087515354,0,Disengaged At-Risk Accounts,Low,64.3,50.2,69.2
14246,0.0018419218,Low,8082.464526489804,14.887267810821923,1,Loyal High-Value Accounts,Moderate,20.7,75.1,52.4
14490,0.11912815,Low,-2.859256427795922,0.0,0,Disengaged At-Risk Accounts,Low,86.5,2.8,2.8
11406,0.0063196626,Low,157.67249093575148,0.9964369370861498,1,Loyal High-Value Accounts,Moderate,44.4,14.4,11.5
12111,0.094310984,Low,1347.21082719415,127.05677878896856,0,Disengaged At-Risk Accounts,Low,85.4,42.3,87.2
14502,0.043485902,Low,166.72529016206184,7.250199670559144,0,Disengaged At-Risk Accounts,Low,78.1,15.0,39.1
12660,0.0011687841,Low,12725.200737776539,14.8730123343311,1,Loyal High-Value Accounts,Moderate,13.9,83.8,52.3
13183,0.028686458,Low,416.3653990835643,11.944048635440026,0,Disengaged At-Risk Accounts,Low,72.8,30.8,47.9
10795,0.0055039,Low,279.98552753963145,1.5410123124011503,1,Loyal High-Value Accounts,High,41.7,25.4,15.5
13312,0.25254348,Low,8103.473747215815,2046.4794537615983,1,Loyal High-Value Accounts,Low,88.3,75.2,98.7
10842,0.0047606844,Low,9479.041588567614,45.12672584894499,1,Loyal High-Value Accounts,High,38.7,78.8,73.7
13633,0.014473452,Low,11057.140960334975,160.0350015205021,1,Loyal High-Value Accounts,Moderate,60.3,82.1,89.0
11651,0.002562807,Low,203.5883075909974,0.5217575279164627,1,Loyal High-Value Accounts,High,26.2,18.4,8.0
10176,0.00035156964,Low,23699.351366604762,8.331972532664608,1,Loyal High-Value Accounts,Moderate,3.1,95.5,41.4
13207,0.0006340989,Low,21529.472096599493,13.651814383904064,1,Loyal High-Value Accounts,High,7.3,94.3,50.5
12918,0.004029302,Low,2727.564404847845,10.990180511088912,1,Loyal High-Value Accounts,Low,35.0,57.5,46.2
10928,0.0051782215,Low,6027.0441985143925,31.209369858695673,1,Loyal High-Value Accounts,Low,40.5,68.4,66.9
13803,0.04603141,Low,2489.3995855369412,114.59057730027493,0,Disengaged At-Risk Accounts,Low,78.8,55.8,86.2
10046,0.005957196,Low,174.33865340208928,1.0385695288602792,1,Loyal High-Value Accounts,Moderate,43.3,15.7,11.9
12933,0.006582543,Low,10859.541961452434,71.48339962191943,1,Loyal High-Value Accounts,High,45.1,81.6,80.5
13261,0.00019744353,Low,16028.078162431173,3.1646403159938816,1,Loyal High-Value Accounts,High,0.7,88.5,24.9
11198,0.025659736,Low,7995.186571610962,205.15437866406364,1,Loyal High-Value Accounts,High,70.8,74.9,90.7
13013,0.011434174,Low,1294.7390134121993,14.804271348803564,1,Loyal High-Value Accounts,Moderate,55.9,41.5,52.3
10897,0.012951678,Low,16853.827228249873,218.28533768382087,1,Loyal High-Value Accounts,High,58.3,89.4,91.1
12851,0.061402205,Low,1815.2291593051607,111.45907364745784,0,Disengaged At-Risk Accounts,Low,82.0,48.2,85.9
13965,0.0496085,Low,1318.2737673850306,65.39758262284431,0,Disengaged At-Risk Accounts,Low,79.6,41.8,79.3
12863,0.98337495,High,426.7285249490632,419.6341432807434,0,Disengaged At-Risk Accounts,Low,99.0,31.0,93.7
12285,0.004975478,Low,472.54962981594906,2.351160364957992,1,Loyal High-Value Accounts,High,39.7,31.8,20.7
14945,0.08074217,Low,1748.9281617261129,141.2122600182809,0,Disengaged At-Risk Accounts,Low,84.5,47.2,88.0
11875,0.0026754236,Low,82.7437204253785,0.22137450497970065,1,Loyal High-Value Accounts,Moderate,26.9,9.4,5.9
14996,0.000561801,Low,20157.195590722284,11.32433300679057,1,Loyal High-Value Accounts,High,6.0,92.3,46.7
12743,0.0008101063,Low,16033.91967081636,12.989179097173043,1,Loyal High-Value Accounts,High,9.6,88.5,49.6
13695,0.03865488,Low,3290.0977962344414,127.17833134151728,1,Loyal High-Value Accounts,Low,76.8,60.6,87.3
10284,0.00057506317,Low,22899.72433776424,13.168788025632104,1,Loyal High-Value Accounts,High,6.2,94.7,49.9
13114,0.0022777726,Low,241.73652693662586,0.550620847340535,0,Disengaged At-Risk Accounts,Moderate,24.3,22.0,8.4
14998,0.9787024,High,851.8720604117424,833.729252129727,0,Disengaged At-Risk Accounts,Low,98.5,37.3,96.1
12909,0.013084484,Low,1774.5767045402317,23.219420966269393,1,Loyal High-Value Accounts,Low,58.6,47.6,61.5
12608,0.00020780362,Low,16399.91785089905,3.4079622899010893,1,Loyal High-Value Accounts,High,0.8,88.8,26.2
11789,0.016581418,Low,126.63572505648395,2.0997998899715946,1,Loyal High-Value Accounts,Moderate,62.6,12.0,19.3
10503,0.010867838,Low,6857.316419271822,74.52420270090974,1,Loyal High-Value Accounts,Moderate,55.1,71.5,81.1
10710,0.17088185,Low,174.29226387215095,29.783384928215074,0,Disengaged At-Risk Accounts,Low,87.5,15.7,66.2
14586,0.021070078,Low,349.42645539661686,7.362442675826056,1,Loyal High-Value Accounts,Moderate,66.9,28.8,39.4
12104,0.01155114,Low,5929.22428417338,68.48929906412395,1,Loyal High-Value Accounts,Moderate,56.1,68.0,79.8
10162,0.0019423993,Low,169.081497770298,0.32842378412160755,1,Loyal High-Value Accounts,Moderate,21.7,15.3,6.6
11362,0.07764573,Low,23.78481981072165,1.8467896139212576,0,Disengaged At-Risk Accounts,Low,84.0,6.4,17.6
12789,0.013738482,Low,6165.74456939492,84.70797238147671,1,Loyal High-Value Accounts,Moderate,59.4,68.8,82.8
11868,0.001830752,Low,26626.883963857843,48.74722127464914,1,Loyal High-Value Accounts,High,20.6,97.4,74.9
12868,0.9446887,High,106.58890468986985,100.69333143832093,1,Loyal High-Value Accounts,High,95.8,10.9,84.9
11630,0.043738306,Low,13.183238778395381,0.5766125260745275,0,Disengaged At-Risk Accounts,Low,78.2,5.9,8.5
14699,0.9964378,High,462.4823063904457,460.83484637329394,0,Disengaged At-Risk Accounts,Low,100.0,31.6,93.9
12022,0.006667832,Low,-113.26816874356217,0.0,1,Loyal High-Value Accounts,Moderate,45.4,2.8,2.8
12630,0.0003145198,Low,16303.935487703693,5.127910510036019,1,Loyal High-Value Accounts,Moderate,2.5,88.7,33.2
10100,0.013068632,Low,217.56908636293167,2.8433303727086274,1,Loyal High-Value Accounts,Moderate,58.5,19.9,23.4
12474,0.044581965,Low,3042.893555840577,135.65817282458917,0,Disengaged At-Risk Accounts,Low,78.3,59.6,87.7
11352,0.0016624002,Low,178.62865862501528,0.2969523181623411,1,Loyal High-Value Accounts,Moderate,19.1,16.2,6.4
13382,0.025489515,Low,289.93181691006725,7.390221307276471,1,Loyal High-Value Accounts,Moderate,70.6,26.0,39.4
11145,0.05763508,Low,159.3688605228171,9.185237036786228,0,Disengaged At-Risk Accounts,Low,81.3,14.6,43.2
13470,0.00442153,Low,11239.201135333115,49.69446303778001,1,Loyal High-Value Accounts,Low,36.9,82.4,75.2
13677,0.035355974,Low,1440.0633052094363,50.91484076116905,0,Disengaged At-Risk Accounts,Low,75.7,43.0,75.7
10367,0.002402221,Low,-6.201339565315434,0.0,1,Loyal High-Value Accounts,Moderate,25.3,2.8,2.8
12210,0.0017496428,Low,4200.801515540434,7.34990202252958,1,Loyal High-Value Accounts,High,20.0,63.0,39.3
11254,0.061527845,Low,7819.427583251816,481.1125245653865,1,Loyal High-Value Accounts,High,82.1,74.3,94.1
12705,0.03555123,Low,720.5571146118174,25.616692685677695,1,Loyal High-Value Accounts,Moderate,75.8,35.9,63.5
10950,0.10549389,Low,7.286746872637753,0.768707260353184,0,Disengaged At-Risk Accounts,Low,86.0,5.7,10.1
12768,0.0073350943,Low,16312.308583064338,119.6523212077499,1,Loyal High-Value Accounts,High,47.2,88.7,86.6
10020,0.0047382056,Low,1057.7888113466151,5.012020846456985,1,Loyal High-Value Accounts,Moderate,38.5,39.4,32.6
11472,0.0017890536,Low,7893.183955730913,14.12132879877826,1,Loyal High-Value Accounts,High,20.2,74.6,51.3
10669,0.0038342336,Low,270.98087765336163,1.0390039912785438,1,Loyal High-Value Accounts,High,33.9,24.8,11.9
10219,0.0016072685,Low,7064.494225060557,11.35453880051786,1,Loyal High-Value Accounts,Low,18.6,72.1,46.8
14309,0.18027787,Low,3466.2064283600093,624.8803087839706,1,Loyal High-Value Accounts,Moderate,87.7,61.1,95.2
11739,0.0030192568,Low,1290.7405788310687,3.8970772052917106,0,Disengaged At-Risk Accounts,Low,29.2,41.5,28.4
13506,0.004865674,Low,14309.97816038219,69.62768633329136,1,Loyal High-Value Accounts,Moderate,39.3,86.4,80.1
13660,0.0007121344,Low,2424.613706830123,1.7266508508539697,1,Loyal High-Value Accounts,High,8.5,55.2,16.6
12944,0.02475884,Low,2671.9643919548644,66.15473881204805,1,Loyal High-Value Accounts,High,70.2,57.2,79.4
12374,0.0005172118,Low,11766.708190369925,6.085880279093103,1,Loyal High-Value Accounts,High,5.3,83.0,36.1
13969,0.026157403,Low,143.2678669435542,3.747515384853829,0,Disengaged At-Risk Accounts,Low,71.0,13.1,27.5
10647,0.0030775783,Low,7634.933598433167,23.497105698935282,1,Loyal High-Value Accounts,High,29.6,73.7,61.8
11019,0.002712554,Low,145.08289392438294,0.3935451937506325,1,Loyal High-Value Accounts,High,27.3,13.3,7.2
13733,0.005475285,Low,11185.46050130636,61.24358407152015,1,Loyal High-Value Accounts,Moderate,41.5,82.3,78.3
11676,0.0072575575,Low,3363.245376877705,24.408946622112857,1,Loyal High-Value Accounts,High,46.8,60.8,62.6
10518,0.055847667,Low,1754.5461962210518,97.98731197927415,1,Loyal High-Value Accounts,Low,80.8,47.3,84.6
14620,0.9431905,High,-402.29144771438337,0.0,0,Disengaged At-Risk Accounts,Low,95.7,2.8,2.8
14384,0.060795713,Low,-3.0857351348575315,0.0,0,Disengaged At-Risk Accounts,Low,81.9,2.8,2.8
12730,0.010618332,Low,3166.2016320105895,33.61977960776448,1,Loyal High-Value Accounts,Moderate,54.6,60.1,68.2
11565,0.0027352388,Low,7953.188417609692,21.753869186632066,1,Loyal High-Value Accounts,High,27.4,74.8,60.4
11966,0.003665197,Low,666.5144513330425,2.4429067289349793,1,Loyal High-Value Accounts,High,32.9,35.2,21.1
11920,0.003982811,Low,1529.0364820535694,6.089862967268704,1,Loyal High-Value Accounts,Moderate,34.7,44.0,36.1
14787,0.026817806,Low,277.4971628340416,7.441865096493961,0,Disengaged At-Risk Accounts,Low,71.7,25.2,39.5
14565,0.0029624712,Low,184.17037780554801,0.5455994436007165,1,Loyal High-Value Accounts,High,28.8,16.5,8.3
13393,0.016198898,Low,8406.70277368399,136.17931851343198,1,Loyal High-Value Accounts,Moderate,62.2,76.1,87.8
11053,0.006104464,Low,208.16008317920793,1.270705770857609,1,Loyal High-Value Accounts,Low,43.7,18.9,13.7
12585,0.00057265273,Low,25837.97573500509,14.79618735847633,1,Loyal High-Value Accounts,Moderate,6.1,96.9,52.2
10760,0.37967777,Medium,1557.529115834901,591.3591853383127,0,Disengaged At-Risk Accounts,Low,88.9,44.3,94.9
13257,0.00866998,Low,143.18691587950156,1.2414276783683909,1,Loyal High-Value Accounts,High,50.5,13.0,13.5
11075,0.0015056567,Low,5773.529671547602,8.692953920952652,1,Loyal High-Value Accounts,Moderate,17.5,67.2,42.2
10215,0.0032982659,Low,10935.287176197851,36.06748435691392,1,Loyal High-Value Accounts,Moderate,30.7,81.8,69.7
14642,0.00031402844,Low,14549.423004612258,4.568932592731172,1,Loyal High-Value Accounts,High,2.5,86.8,31.1
14324,0.0013566156,Low,1995.115470104826,2.706604707721725,1,Loyal High-Value Accounts,High,15.8,50.7,22.6
13995,0.002575395,Low,1614.4212606664225,4.157772330117895,1,Loyal High-Value Accounts,High,26.2,45.2,29.6
13270,0.0029423635,Low,18130.078204000754,53.34528033661655,1,Loyal High-Value Accounts,High,28.7,90.6,76.3
10197,0.005671973,Low,14190.077361711306,80.4857338834211,1,Loyal High-Value Accounts,Moderate,42.2,86.1,82.1
11236,0.0066057197,Low,17865.33403840323,118.01338867993361,1,Loyal High-Value Accounts,High,45.2,90.3,86.5
11721,0.0011276051,Low,26567.345558004286,29.957474175781204,1,Loyal High-Value Accounts,High,13.4,97.3,66.3
12728,0.00086327095,Low,6614.225313656927,5.709868573365901,1,Loyal High-Value Accounts,High,10.4,70.4,34.6
11057,0.002820151,Low,5257.290562197991,14.826352850962063,0,Disengaged At-Risk Accounts,Moderate,28.0,66.0,52.3
11437,0.0036860101,Low,4756.06680133007,17.53091045176357,1,Loyal High-Value Accounts,High,33.0,64.5,55.8
10888,0.001223225,Low,19245.541866767653,23.541628529589783,1,Loyal High-Value Accounts,High,14.4,91.3,61.9
14081,0.08589113,Low,1649.3587773690272,141.66528518269368,0,Disengaged At-Risk Accounts,Low,84.9,45.6,88.1
12644,0.04970275,Low,109.3801375727691,5.436493485767893,1,Loyal High-Value Accounts,Moderate,79.6,11.2,34.0
10569,0.020974169,Low,160.86520644442422,3.37401395443106,0,Disengaged At-Risk Accounts,Low,66.8,14.6,26.0
11821,0.05940116,Low,181.46557829764322,10.779265532191618,0,Disengaged At-Risk Accounts,Moderate,81.6,16.4,45.8
14480,0.06752894,Low,123.6608736981152,8.350687811476265,1,Loyal High-Value Accounts,Moderate,82.9,11.7,41.5
10140,0.0018286218,Low,180.81360445891565,0.33063970610158244,1,Loyal High-Value Accounts,Moderate,20.6,16.4,6.6
14498,0.046597242,Low,1830.205383747344,85.28252382653527,0,Disengaged At-Risk Accounts,Low,79.0,48.4,82.9
14109,0.93412286,High,2141.5317237420168,2000.4537394870601,1,Loyal High-Value Accounts,Low,95.2,52.6,98.7
14110,0.013618869,Low,2493.7836061878393,33.962511687578726,0,Disengaged At-Risk Accounts,Low,59.2,55.9,68.4
10464,0.9261837,High,-213.55525323342664,0.0,0,Disengaged At-Risk Accounts,Low,94.7,2.8,2.8
12482,0.0015508832,Low,191.61020951970653,0.29716504936436977,1,Loyal High-Value Accounts,High,17.8,17.2,6.4
10595,0.0050960695,Low,2809.8595045732463,14.319239424795544,1,Loyal High-Value Accounts,Moderate,40.3,58.0,51.6
12310,0.003467364,Low,13219.887713359589,45.83816279266248,1,Loyal High-Value Accounts,Moderate,31.7,84.8,74.0
10451,0.0035267852,Low,20662.173448174803,72.87104706456095,1,Loyal High-Value Accounts,High,32.0,92.9,80.9
11671,0.4407931,Medium,1568.327494452239,691.3079334199577,0,Disengaged At-Risk Accounts,Low,89.1,44.4,95.5
11457,0.00044922315,Low,20830.661660354555,9.357615506546805,1,Loyal High-Value Accounts,High,4.5,93.6,43.4
11753,0.0085333865,Low,5316.719497028528,45.36962245248857,1,Loyal High-Value Accounts,Low,50.2,66.2,73.8
14808,0.003543532,Low,9663.096897067204,34.24149295612409,1,Loyal High-Value Accounts,Low,32.1,79.2,68.5
14556,0.00497821,Low,10782.60959211816,53.67809705004944,1,Loyal High-Value Accounts,Moderate,39.8,81.5,76.5
12128,0.8644852,High,1391.5372761210272,1202.9633863269755,0,Disengaged At-Risk Accounts,Low,92.3,42.6,97.1
11579,0.8312339,High,336.9171629228458,280.05697360247115,1,Loyal High-Value Accounts,Low,91.6,28.5,92.1
10452,0.0060698106,Low,1560.993598340528,9.474935482501744,1,Loyal High-Value Accounts,Moderate,43.5,44.4,43.8
14003,0.00462231,Low,4353.562908054074,20.12351707970674,1,Loyal High-Value Accounts,High,37.8,63.3,59.0
13443,0.0023907244,Low,30026.15497572214,71.78426055740051,1,Loyal High-Value Accounts,High,25.2,99.0,80.6
12146,0.012245768,Low,149.92673531701752,1.8359679801848277,1,Loyal High-Value Accounts,Moderate,57.0,13.6,17.4
14827,0.008262927,Low,302.7424821972149,2.5015389431959387,1,Loyal High-Value Accounts,High,49.6,27.0,21.4
11000,0.00021136175,Low,12863.312703456502,2.7188123096304606,1,Loyal High-Value Accounts,High,0.8,84.0,22.7
13782,0.02104428,Low,4338.568197535866,91.30204559674199,1,Loyal High-Value Accounts,Moderate,66.9,63.2,83.7
12120,0.006307457,Low,222.64109904121173,1.404299182691685,1,Loyal High-Value Accounts,Moderate,44.4,20.4,14.5
10193,0.00073843595,Low,26593.097885782307,19.637299467043587,1,Loyal High-Value Accounts,High,8.9,97.3,58.4
13990,0.014515327,Low,7579.842101844846,110.02388891252936,1,Loyal High-Value Accounts,Moderate,60.4,73.7,85.8
14312,0.026761679,Low,6054.841736861219,162.03773082932446,1,Loyal High-Value Accounts,Moderate,71.6,68.5,89.0
14278,0.8997483,High,8332.446113382746,7497.104436567747,0,Disengaged At-Risk Accounts,Low,93.3,75.9,99.9
14363,0.010756681,Low,563.8870471732989,6.065552940939359,1,Loyal High-Value Accounts,Moderate,54.9,33.3,36.0
14563,0.00067756604,Low,27023.549691379958,18.310239660105996,1,Loyal High-Value Accounts,High,8.0,97.8,56.8
14304,0.12103348,Low,200.89153654229875,24.314602222981005,0,Disengaged At-Risk Accounts,Moderate,86.7,18.1,62.6
12722,0.016278598,Low,370.0083117331493,6.023216732669116,1,Loyal High-Value Accounts,Moderate,62.3,29.7,35.9
14127,0.08866214,Low,18.225692871671285,1.6159289342862913,0,Disengaged At-Risk Accounts,Low,85.1,6.2,16.0
11870,0.022818234,Low,294.90707235273015,6.729258531472112,1,Loyal High-Value Accounts,Low,68.7,26.5,37.6
13698,0.0005158645,Low,25498.94525047068,13.154001196271137,1,Loyal High-Value Accounts,High,5.3,96.7,49.8
14389,0.011497473,Low,254.33332838004588,2.924190663592975,1,Loyal High-Value Accounts,High,56.0,23.2,23.8
11506,0.83762354,High,729.0467848645651,610.6667462754649,0,Disengaged At-Risk Accounts,Low,91.7,36.0,95.0
12835,0.012396429,Low,2128.134715199523,26.38127033345869,1,Loyal High-Value Accounts,Moderate,57.4,52.4,63.9
13167,0.03624659,Low,267.55273455904563,9.697874357566317,1,Loyal High-Value Accounts,High,76.2,24.5,44.2
13115,0.050847974,Low,1739.954589701848,88.47316517204722,0,Disengaged At-Risk Accounts,Moderate,79.9,46.9,83.4
11787,0.9579424,High,1233.682532970236,1181.7968387998446,0,Disengaged At-Risk Accounts,Moderate,96.9,40.9,97.1
13211,0.058969714,Low,15.192743569370066,0.8959117393249451,0,Disengaged At-Risk Accounts,Low,81.6,6.0,10.9
12920,0.019109515,Low,1214.7416420541267,23.213124204830287,1,Loyal High-Value Accounts,Moderate,65.3,40.7,61.5
11982,0.8456812,High,-78.74272311853527,0.0,0,Disengaged At-Risk Accounts,Low,91.9,2.8,2.8
10192,0.004463775,Low,292.74858520598855,1.3067638403497275,1,Loyal High-Value Accounts,High,37.0,26.2,14.0
13263,0.0014724699,Low,12999.303981843375,19.14108363795413,1,Loyal High-Value Accounts,High,17.0,84.4,57.8
11879,0.96435666,High,-480.62779575745174,0.0,0,Disengaged At-Risk Accounts,Low,97.5,2.8,2.8
13814,0.003215072,Low,7807.670695908638,25.102223268238408,1,Loyal High-Value Accounts,High,30.3,74.3,63.1
12523,0.98674613,High,400.26063148215263,394.9556300565129,0,Disengaged At-Risk Accounts,Low,99.4,30.5,93.5
12884,0.08263849,Low,83.40630217393019,6.892570636251981,0,Disengaged At-Risk Accounts,Low,84.6,9.6,38.1
14501,0.02167768,Low,-38.57484122950174,0.0,1,Loyal High-Value Accounts,High,67.4,2.8,2.8
12396,0.0126656,Low,84.66878985032044,1.072380989555065,1,Loyal High-Value Accounts,High,57.8,9.7,12.2
14761,0.04366831,Low,125.92527849006524,5.498944235108044,0,Disengaged At-Risk Accounts,Low,78.2,11.9,34.2
14418,0.004526607,Low,352.2996320437846,1.5947220603310046,1,Loyal High-Value Accounts,High,37.3,29.0,15.8
13886,0.0021729274,Low,19664.63908751406,42.729832536859035,1,Loyal High-Value Accounts,Moderate,23.5,91.9,72.6
11210,0.03295039,Low,-2.859256427795922,0.0,0,Disengaged At-Risk Accounts,Low,74.8,2.8,2.8
13625,0.0040495116,Low,10863.029823047666,43.989965565957355,1,Loyal High-Value Accounts,Moderate,35.1,81.7,73.2
10313,0.00026914227,Low,25305.980240902005,6.810908980627409,1,Loyal High-Value Accounts,High,1.6,96.6,37.8
14617,0.0006045028,Low,23422.205419456455,14.158788723659661,1,Loyal High-Value Accounts,High,6.9,95.3,51.3
10167,0.009870494,Low,14567.901975761375,143.79238590564046,1,Loyal High-Value Accounts,Moderate,53.1,86.9,88.2
11778,0.049964093,Low,1886.0971761664084,94.23713409813298,0,Disengaged At-Risk Accounts,Low,79.7,49.2,84.1
11398,0.021728722,Low,3556.5270275825587,77.27878841437001,1,Loyal High-Value Accounts,Low,67.4,61.4,81.6
11025,0.0005976634,Low,4176.799732225307,2.496320322257736,1,Loyal High-Value Accounts,Moderate,6.7,63.0,21.4
11594,0.019170547,Low,1338.4749935174705,25.659297643333858,0,Disengaged At-Risk Accounts,Low,65.4,42.2,63.6
12219,0.0039661094,Low,16466.220274810268,65.30683038043867,1,Loyal High-Value Accounts,Moderate,34.5,88.8,79.2
12460,0.33994249,Medium,-160.15033939379572,0.0,0,Disengaged At-Risk Accounts,Low,88.8,2.8,2.8
14463,0.878077,High,4016.9716218677468,3527.2102726243734,0,Disengaged At-Risk Accounts,Low,92.6,62.4,99.3
13166,0.0033198472,Low,1015.4010959506509,3.3709764494002585,1,Loyal High-Value Accounts,Low,30.9,38.9,25.9
12764,0.009672449,Low,4702.397224231076,45.48369718981962,0,Disengaged At-Risk Accounts,Low,52.6,64.3,73.8
14362,0.82390565,High,1773.0696608877972,1460.8421057769813,0,Disengaged At-Risk Accounts,Low,91.4,47.6,97.8
11182,0.00041016098,Low,23680.41005597452,9.712780221851142,1,Loyal High-Value Accounts,High,3.9,95.5,44.2
11393,0.0002120535,Low,29712.3951478672,6.300617574715889,1,Loyal High-Value Accounts,Moderate,0.8,98.9,36.5
12367,0.0019646203,Low,1298.0281813822864,2.5501325339870773,1,Loyal High-Value Accounts,Moderate,21.9,41.6,21.6
13155,0.0016285962,Low,2114.0406184979893,3.4429185585932887,1,Loyal High-Value Accounts,High,18.8,52.3,26.3
10153,0.00056778657,Low,17051.106617087957,9.681389343766371,1,Loyal High-Value Accounts,High,6.0,89.6,44.1
11840,0.019002745,Low,203.1873121494185,3.861116665381794,1,Loyal High-Value Accounts,High,65.2,18.3,28.1
12699,0.0064906767,Low,1493.9636323404272,9.69683488502176,0,Disengaged At-Risk Accounts,Low,44.8,43.7,44.2
14834,0.009480854,Low,208.82669299863642,1.9798552967910614,1,Loyal High-Value Accounts,Moderate,52.3,18.9,18.5
12788,0.07835153,Low,49.316054392961796,3.863988189617594,0,Disengaged At-Risk Accounts,Low,84.1,7.9,28.2
14004,0.00075500767,Low,22934.131917236944,17.315445497611186,1,Loyal High-Value Accounts,High,9.1,94.8,55.5
11296,0.9887477,High,608.0617136760391,601.2196305538339,0,Disengaged At-Risk Accounts,Low,99.5,34.1,94.9
12943,0.009275197,Low,75.88494769009625,0.7038478430657953,1,Loyal High-Value Accounts,Moderate,51.9,9.0,9.8
13049,0.0077739023,Low,7759.111672166474,60.31857581984978,1,Loyal High-Value Accounts,Moderate,48.2,74.2,78.2
12276,0.003100447,Low,391.86058113487064,1.2149429205005844,1,Loyal High-Value Accounts,High,29.8,30.3,13.2
14970,0.0029989574,Low,14623.899156997055,43.85645074661929,1,Loyal High-Value Accounts,High,29.0,86.9,73.1
12816,0.042277716,Low,14923.05769891216,630.9127967417496,1,Loyal High-Value Accounts,High,77.8,87.2,95.2
13299,0.9569102,High,1022.9103944983692,978.8333829868334,0,Disengaged At-Risk Accounts,Low,96.8,39.0,96.6
10032,0.056138456,Low,40.50926408951985,2.2741275343252423,1,Loyal High-Value Accounts,Moderate,80.8,7.4,20.4
10938,0.003007125,Low,22806.79394557849,68.58288273943933,1,Loyal High-Value Accounts,Moderate,29.1,94.6,79.9
11935,0.0072820457,Low,374.8217457482025,2.729469070592698,1,Loyal High-Value Accounts,High,47.0,29.9,22.7
10753,0.0015609465,Low,166.94574363364993,0.2605933676727877,1,Loyal High-Value Accounts,High,18.0,15.1,6.1
11908,0.0017176076,Low,14046.178084288485,24.125822328728376,1,Loyal High-Value Accounts,High,19.8,85.8,62.5
10310,0.0020244978,Low,26680.24877465814,54.01410593033449,1,Loyal High-Value Accounts,High,22.4,97.5,76.6
11571,0.046234623,Low,155.42796607245063,7.186153352487004,0,Disengaged At-Risk Accounts,Low,78.9,14.2,39.0
11615,0.0031730628,Low,167.04235104337926,0.5300358719033497,1,Loyal High-Value Accounts,Moderate,30.2,15.1,8.1
13323,0.00910194,Low,7041.631293930756,64.09250778535257,0,Disengaged At-Risk Accounts,Moderate,51.4,72.0,79.0
12537,0.0010599161,Low,1023.6454796534415,1.0849783279126883,1,Loyal High-Value Accounts,Moderate,12.6,39.0,12.3
10496,0.025402915,Low,41.93521308300847,1.0652766422450444,0,Disengaged At-Risk Accounts,Low,70.6,7.5,12.1
10206,0.000969533,Low,20597.133542349693,19.969600543348964,1,Loyal High-Value Accounts,High,11.7,92.8,58.9
11136,0.06480674,Low,22.446690496960983,1.454696767685134,0,Disengaged At-Risk Accounts,Low,82.6,6.4,14.8
12848,0.00072305376,Low,28492.027906034822,20.60126789123166,1,Loyal High-Value Accounts,High,8.7,98.7,59.4
14825,0.020940974,Low,2305.0400364814213,48.26978429061552,0,Disengaged At-Risk Accounts,Moderate,66.8,54.2,74.8
14082,0.0017956841,Low,7225.547698580145,12.974801143979224,1,Loyal High-Value Accounts,High,20.3,72.6,49.6
10306,0.146471,Low,64.26454173796624,9.412891291714052,0,Disengaged At-Risk Accounts,Low,87.2,8.5,43.5
11193,0.0070652734,Low,1324.802890643534,9.360094564808332,1,Loyal High-Value Accounts,Moderate,46.5,42.0,43.4
14044,0.00957752,Low,1614.5038891106165,15.462943597485806,1,Loyal High-Value Accounts,Moderate,52.5,45.2,53.1
13455,0.02421067,Low,2381.5111362419007,57.6579780781954,1,Loyal High-Value Accounts,Moderate,69.7,54.9,77.4
11062,0.007431809,Low,10206.304893439255,75.85130712583836,0,Disengaged At-Risk Accounts,Moderate,47.5,80.1,81.4
10844,0.07247167,Low,-101.31628190257321,0.0,0,Disengaged At-Risk Accounts,Low,83.4,2.8,2.8
10207,0.0008671324,Low,27008.12388955653,23.41961897782185,1,Loyal High-Value Accounts,High,10.5,97.7,61.7
12656,0.026951356,Low,125.90887780086722,3.3934149714987543,1,Loyal High-Value Accounts,Low,71.7,11.9,26.1
10212,0.82790846,High,119.28953546544628,98.76081516298731,1,Loyal High-Value Accounts,High,91.5,11.4,84.6
11109,0.0047948644,Low,9147.462603968117,43.860843244269994,0,Disengaged At-Risk Accounts,Moderate,38.9,78.1,73.1
13961,0.033119336,Low,83.40630217393019,2.762361327083102,0,Disengaged At-Risk Accounts,Low,74.9,9.6,22.9
10680,0.045885175,Low,1497.7269477096727,68.72346379661992,0,Disengaged At-Risk Accounts,Low,78.8,43.7,79.9
10566,0.015876727,Low,228.36239286085797,3.6256474093253104,1,Loyal High-Value Accounts,Moderate,61.9,21.0,27.0
11449,0.040309668,Low,276.1453068905454,11.131325526545382,1,Loyal High-Value Accounts,Low,77.2,25.1,46.4
13815,0.9396306,High,-248.8437494648183,0.0,0,Disengaged At-Risk Accounts,Low,95.4,2.8,2.8
10681,0.005093469,Low,2307.7238831769782,11.754319641393291,1,Loyal High-Value Accounts,Moderate,40.2,54.3,47.5
10181,0.026665146,Low,168.98906310982687,4.506117961021021,1,Loyal High-Value Accounts,Low,71.5,15.3,30.9
12834,0.061235372,Low,152.47367209870018,9.336782027676882,1,Loyal High-Value Accounts,Low,82.0,13.8,43.4
13383,0.88045806,High,2963.5687682873818,2609.2979992950427,1,Loyal High-Value Accounts,Moderate,92.7,59.0,99.0
13365,0.16317876,Low,2743.4023532416218,447.6649854949044,0,Disengaged At-Risk Accounts,Low,87.4,57.6,93.8
14408,0.033393197,Low,2235.569648832514,74.65281715774331,0,Disengaged At-Risk Accounts,Low,75.1,53.6,81.1
10279,0.010487102,Low,585.6804497510327,6.142090599606297,1,Loyal High-Value Accounts,High,54.3,33.7,36.2
14441,0.0022325113,Low,738.361210572979,1.6483997423982422,1,Loyal High-Value Accounts,High,24.0,36.1,16.2
11205,0.0009494699,Low,16542.13681120717,15.706261295755857,1,Loyal High-Value Accounts,Moderate,11.5,88.9,53.4
11425,0.9831888,High,427.67388978066907,420.4841818909221,0,Disengaged At-Risk Accounts,Low,99.0,31.1,93.7
10433,0.0052179126,Low,236.27413273419927,1.2328577758769539,1,Loyal High-Value Accounts,Moderate,40.7,21.5,13.4
10290,0.001647467,Low,2896.4514718438563,4.771808293682472,1,Loyal High-Value Accounts,High,19.0,58.4,31.7
11028,0.042823825,Low,1492.8162242509286,63.928100791534504,0,Disengaged At-Risk Accounts,Low,78.0,43.6,79.0
10536,0.006222731,Low,174.67926583698986,1.0869820770171092,1,Loyal High-Value Accounts,High,44.1,15.8,12.3
13657,0.0031248545,Low,1061.063763352059,3.315669904785454,1,Loyal High-Value Accounts,Moderate,30.0,39.4,25.7
11188,0.0037291276,Low,-84.56646360934383,0.0,1,Loyal High-Value Accounts,Low,33.3,2.8,2.8
10189,0.0008196657,Low,251.65256296920327,0.20627098149803805,1,Loyal High-Value Accounts,Moderate,9.7,22.9,5.8
12312,0.0006669661,Low,15901.69947633282,10.605894160842128,1,Loyal High-Value Accounts,High,7.8,88.4,45.5
10707,0.08498664,Low,174.2659281641598,14.810276050218311,0,Disengaged At-Risk Accounts,Moderate,84.8,15.7,52.3
12655,0.045183707,Low,524.2410832112145,23.68715551618579,0,Disengaged At-Risk Accounts,Low,78.5,32.7,62.1
10271,0.0014125467,Low,17699.896654063952,25.00193110120824,1,Loyal High-Value Accounts,High,16.4,90.1,63.0
10392,0.00029070358,Low,26467.69798202852,7.69425459514005,1,Loyal High-Value Accounts,High,2.0,97.3,40.1
14220,0.0013539045,Low,7945.471340633979,10.757409311304507,1,Loyal High-Value Accounts,High,15.7,74.7,45.7
12777,0.89636207,High,701.8335232308889,629.0969470600363,1,Loyal High-Value Accounts,Moderate,93.1,35.5,95.2
13939,0.03203899,Low,277.27166849009296,8.883504327214748,0,Disengaged At-Risk Accounts,Low,74.4,25.2,42.6
10112,0.007867977,Low,5304.502472801983,41.73570357511412,1,Loyal High-Value Accounts,High,48.4,66.2,72.2
11171,0.026190355,Low,77.77460871718043,2.036944644963144,0,Disengaged At-Risk Accounts,Low,71.1,9.2,18.8
13090,0.0045282706,Low,8314.509514269324,37.65034872663065,1,Loyal High-Value Accounts,Moderate,37.4,75.8,70.4
10221,0.014832693,Low,1696.521873241438,25.163988371666445,0,Disengaged At-Risk Accounts,Low,60.8,46.3,63.1
14205,0.0029203533,Low,9155.282762104149,26.73666040523459,1,Loyal High-Value Accounts,High,28.6,78.1,64.2
10628,0.008526773,Low,170.72743598880973,1.4557541243263101,1,Loyal High-Value Accounts,High,50.2,15.4,14.9
13807,0.0018822226,Low,11036.535649692292,20.77321679782469,1,Loyal High-Value Accounts,Low,21.1,82.0,59.6
13577,0.019252285,Low,8193.35952901942,157.74089572032634,1,Loyal High-Value Accounts,Moderate,65.4,75.5,88.9
12578,0.045952365,Low,5878.743003964029,270.1421430974799,1,Loyal High-Value Accounts,Moderate,78.8,67.8,92.0
10791,0.0011572995,Low,16285.44166718404,18.84713348287254,1,Loyal High-Value Accounts,High,13.7,88.7,57.4
13077,0.98935926,High,307.67562236238444,304.4017259390817,0,Disengaged At-Risk Accounts,Low,99.6,27.2,92.6
10462,0.0041478784,Low,16646.718870593388,69.04856534047494,1,Loyal High-Value Accounts,High,35.6,89.0,80.0
14539,0.010655797,Low,219.43941965388476,2.338301928645369,1,Loyal High-Value Accounts,Moderate,54.7,20.0,20.6
10552,0.8018832,High,7771.084119346445,6231.50196173928,1,Loyal High-Value Accounts,High,91.1,74.2,99.8
13351,0.0008383117,Low,193.22656290379757,0.16198408459303548,1,Loyal High-Value Accounts,High,10.1,17.4,5.7
11514,0.0013610123,Low,321.38827736239307,0.43741341218837526,1,Loyal High-Value Accounts,High,15.8,28.0,7.4
10199,0.020679139,Low,270.52483279773674,5.594220512389748,1,Loyal High-Value Accounts,High,66.6,24.7,34.3
12758,0.07593386,Low,9170.771140110905,696.3720404023983,1,Loyal High-Value Accounts,High,83.8,78.2,95.5
11860,0.008674276,Low,4986.6384251428035,43.25547831785454,1,Loyal High-Value Accounts,High,50.5,65.1,72.9
10403,0.0006919308,Low,8747.970550697877,6.052990450749081,1,Loyal High-Value Accounts,Moderate,8.2,77.3,36.0
13258,0.9558372,High,-462.1179250790302,0.0,0,Disengaged At-Risk Accounts,Low,96.7,2.8,2.8
12270,0.0040411185,Low,8213.373370171163,33.191215462265866,0,Disengaged At-Risk Accounts,Low,35.0,75.6,68.0
14911,0.00044831858,Low,15855.189180505671,7.108175846286177,1,Loyal High-Value Accounts,High,4.4,88.3,38.7
13825,0.005487869,Low,1034.6845293589506,5.678213182421835,1,Loyal High-Value Accounts,Low,41.6,39.1,34.6
11865,0.029672816,Low,11234.953837310746,333.3727224293564,1,Loyal High-Value Accounts,Moderate,73.3,82.4,92.9
14602,0.0018004924,Low,1621.17528281913,2.9189137853347162,1,Loyal High-Value Accounts,Low,20.4,45.3,23.8
10651,0.08416516,Low,135.08886774295712,11.36977661875637,0,Disengaged At-Risk Accounts,Low,84.7,12.5,46.8
10709,0.013821527,Low,2498.5993797269593,34.53445969324711,0,Disengaged At-Risk Accounts,Low,59.5,56.0,68.7
12314,0.0016780787,Low,3866.2755540361363,6.487914532580358,1,Loyal High-Value Accounts,High,19.3,62.1,37.0
10380,0.026240135,Low,6663.585901577157,174.85339105418288,1,Loyal High-Value Accounts,High,71.1,70.6,89.6
13918,0.41904595,Medium,61.05475314796482,25.584747336679936,0,Disengaged At-Risk Accounts,Low,89.0,8.4,63.5
11955,0.9786684,High,-328.70177135616433,0.0,1,Loyal High-Value Accounts,Low,98.4,2.8,2.8
14845,0.011026911,Low,-85.18536676865048,0.0,0,Disengaged At-Risk Accounts,Moderate,55.4,2.8,2.8
13379,0.02626175,Low,2487.3775320069235,65.32288841520632,0,Disengaged At-Risk Accounts,Moderate,71.1,55.8,79.2
10315,0.042562388,Low,2154.763511753019,91.71188038479622,0,Disengaged At-Risk Accounts,Low,77.9,52.8,83.8
12888,0.004243426,Low,1950.949323604388,8.27870913307081,1,Loyal High-Value Accounts,Moderate,35.8,50.3,41.3
14614,0.16038682,Low,31.23099135317242,5.009039253263696,0,Disengaged At-Risk Accounts,Low,87.4,7.0,32.6
10114,0.02478772,Low,396.3436619271166,9.824455831676078,1,Loyal High-Value Accounts,Moderate,70.2,30.4,44.4
10961,0.95394164,High,751.2295870098302,716.6291866812123,0,Disengaged At-Risk Accounts,Moderate,96.5,36.3,95.6
13101,0.0038645898,Low,1620.5929678601635,6.262927127705135,1,Loyal High-Value Accounts,Moderate,34.1,45.3,36.4
12406,0.003879168,Low,17956.12209703304,69.65481551514421,1,Loyal High-Value Accounts,High,34.2,90.5,80.1
12830,0.015946068,Low,435.0736526163174,6.937713992922085,1,Loyal High-Value Accounts,Moderate,61.9,31.1,38.2
13541,0.014291872,Low,174.2761555961124,2.490732555556917,1,Loyal High-Value Accounts,High,59.9,15.7,21.3
11999,0.01683537,Low,1013.1619035716488,17.056954675316927,1,Loyal High-Value Accounts,Moderate,62.9,38.9,55.2
14750,0.0008409198,Low,18041.857872769586,15.171755347823023,1,Loyal High-Value Accounts,High,10.1,90.6,52.8
13406,0.0070105204,Low,5760.510215598652,40.38417458749049,1,Loyal High-Value Accounts,Moderate,46.3,67.2,71.6
11345,0.005703854,Low,8323.252284959573,47.474615080545995,1,Loyal High-Value Accounts,Moderate,42.4,75.8,74.6
13998,0.9931865,High,1517.8106269956531,1507.4689845924602,0,Disengaged At-Risk Accounts,Low,99.9,43.9,97.9
14668,0.032437105,Low,-2.859256427795922,0.0,0,Disengaged At-Risk Accounts,Low,74.7,2.8,2.8
12030,0.44810733,Medium,-64.13677177165918,0.0,1,Loyal High-Value Accounts,High,89.2,2.8,2.8
12099,0.0068674097,Low,158.69771601327594,1.0898422317407974,1,Loyal High-Value Accounts,Moderate,45.9,14.5,12.4
11418,0.09631259,Low,298.72865793066273,28.771330735620804,0,Disengaged At-Risk Accounts,Low,85.5,26.8,65.5
10327,0.019103594,Low,1473.428828723526,28.147786315002282,1,Loyal High-Value Accounts,Low,65.3,43.4,65.2
10605,0.018632209,Low,8640.656122608127,160.9945101554622,0,Disengaged At-Risk Accounts,Low,64.8,76.9,89.0
14322,0.0010521053,Low,13407.874711539476,14.106496497003059,1,Loyal High-Value Accounts,Moderate,12.6,85.1,51.2
13317,0.002793011,Low,310.3567733396796,0.8668298889171571,1,Loyal High-Value Accounts,High,27.9,27.5,10.6
12626,0.798956,High,890.2547036162638,711.2743164736765,0,Disengaged At-Risk Accounts,Low,91.1,37.8,95.5
13830,0.0010464112,Low,2169.9870768484634,2.270698840602814,1,Loyal High-Value Accounts,Moderate,12.4,52.9,20.3
14646,0.0023648704,Low,1873.665977926844,4.430977198786114,1,Loyal High-Value Accounts,Moderate,24.9,49.0,30.6
11962,0.9707672,High,-288.12925926170897,0.0,0,Disengaged At-Risk Accounts,Low,98.0,2.8,2.8
13555,0.00039336798,Low,10079.427648911373,3.9649241304335514,1,Loyal High-Value Accounts,High,3.6,79.9,28.6
13047,0.4306358,Medium,28.822010847501154,12.411789984213451,0,Disengaged At-Risk Accounts,Low,89.1,6.7,48.6
14701,0.0066449763,Low,5936.124278825307,39.445405297029296,1,Loyal High-Value Accounts,Moderate,45.3,68.1,71.1
13544,0.011249614,Low,705.1189532625774,7.932316011739162,1,Loyal High-Value Accounts,High,55.6,35.6,40.7
14079,0.00021488998,Low,28853.19385999723,6.200262259316505,1,Loyal High-Value Accounts,Moderate,1.0,98.7,36.3
13160,0.017081402,Low,2674.5018900818986,45.68424258196945,0,Disengaged At-Risk Accounts,Low,63.2,57.2,73.9
11819,0.0018959164,Low,2077.369760681043,3.9385194300859943,0,Disengaged At-Risk Accounts,Low,21.2,51.9,28.5
10790,0.008020643,Low,11015.661519664358,88.35269005363939,1,Loyal High-Value Accounts,Moderate,49.0,81.9,83.4
12415,0.91813046,High,43.391090482068854,39.83868175144202,0,Disengaged At-Risk Accounts,Low,94.2,7.6,71.3
14183,0.0013166894,Low,8780.688756321528,11.561439990076845,1,Loyal High-Value Accounts,High,15.4,77.4,47.2
11666,0.630389,High,122.836562919173,77.43481500875924,1,Loyal High-Value Accounts,Low,89.8,11.6,81.6
10872,0.0008607247,Low,36128.6967994515,31.0968622410232,1,Loyal High-Value Accounts,Moderate,10.4,99.8,66.8
11895,0.035409518,Low,1977.9309938038796,70.03758230945029,1,Loyal High-Value Accounts,Low,75.7,50.5,80.1
11478,0.024219235,Low,698.5363291321186,16.918015794422985,1,Loyal High-Value Accounts,Moderate,69.8,35.5,55.0
12173,0.9824651,High,-462.1179250790302,0.0,0,Disengaged At-Risk Accounts,Moderate,98.9,2.8,2.8
11631,0.91342276,High,-118.38482122696122,0.0,0,Disengaged At-Risk Accounts,Moderate,93.9,2.8,2.8
10074,0.0009754239,Low,5162.581456850447,5.0357053384241395,1,Loyal High-Value Accounts,High,11.7,65.6,32.7
11958,0.0014532794,Low,17049.122432623153,24.777138439453392,1,Loyal High-Value Accounts,Moderate,16.8,89.6,62.8
13228,0.004479107,Low,9566.418419224583,42.84901152765527,1,Loyal High-Value Accounts,High,37.1,79.0,72.7
12165,0.0073496173,Low,199.73802521483728,1.4679980483019683,0,Disengaged At-Risk Accounts,Moderate,47.3,18.0,14.9
13210,0.0019523044,Low,12565.790851349228,24.53224862276096,1,Loyal High-Value Accounts,High,21.8,83.6,62.7
10093,0.04504437,Low,822.4442853994558,37.04648469229502,0,Disengaged At-Risk Accounts,Low,78.5,37.1,70.1
14715,0.011624487,Low,14430.583785463425,167.74813530393993,1,Loyal High-Value Accounts,Moderate,56.2,86.6,89.3
14060,0.019079275,Low,5203.274183290937,99.27470127690744,1,Loyal High-Value Accounts,Moderate,65.2,65.8,84.7
12390,0.0012939378,Low,3171.272620627026,4.103429492786843,1,Loyal High-Value Accounts,High,15.2,60.2,29.4
12279,0.7540983,High,855.6686541309058,645.2582741623138,1,Loyal High-Value Accounts,High,90.5,37.3,95.3
12716,0.0005865428,Low,20830.5058044753,12.217983715505373,1,Loyal High-Value Accounts,High,6.5,93.6,48.3
10495,0.828233,High,-162.4898795781411,0.0,1,Loyal High-Value Accounts,Low,91.5,2.8,2.8
13340,0.020561827,Low,143.2678669435542,2.9458491444208494,0,Disengaged At-Risk Accounts,Low,66.5,13.1,23.9
12329,0.001913396,Low,14919.813308550367,28.547510256689876,1,Loyal High-Value Accounts,High,21.4,87.2,65.5
13836,0.028751371,Low,2597.8003714807214,74.69032337720103,0,Disengaged At-Risk Accounts,Low,72.9,56.6,81.2
11165,0.0028863417,Low,207.0436217920768,0.5975986293390336,1,Loyal High-Value Accounts,High,28.4,18.7,8.8
14118,0.044476945,Low,251.69936337717144,11.194818729682744,1,Loyal High-Value Accounts,Low,78.3,22.9,46.6
11271,0.0030591034,Low,6681.594501719934,20.43968836727512,1,Loyal High-Value Accounts,Moderate,29.5,70.7,59.2
13779,0.011041517,Low,1009.6789790674259,11.148387984940657,1,Loyal High-Value Accounts,High,55.4,38.8,46.5
14024,0.9451847,High,4401.314193426196,4160.05486915237,1,Loyal High-Value Accounts,Low,95.9,63.4,99.4
12317,0.004701158,Low,3497.4643402354955,16.442132574106513,1,Loyal High-Value Accounts,High,38.3,61.2,54.4
12616,0.016094642,Low,1321.09994492645,21.262630342735907,0,Disengaged At-Risk Accounts,Low,62.1,41.9,60.0
10619,0.007339539,Low,5326.6091612425635,39.09485571053396,1,Loyal High-Value Accounts,High,47.2,66.3,70.9
13938,0.0039474047,Low,9920.286299101506,39.159384553209684,1,Loyal High-Value Accounts,Moderate,34.5,79.5,71.0
12147,0.00048296942,Low,23030.5497035327,11.123051292288093,1,Loyal High-Value Accounts,High,5.0,95.0,46.4
12836,0.0055029998,Low,14777.32762469682,81.31963037525881,1,Loyal High-Value Accounts,High,41.7,87.0,82.3
13868,0.00040782848,Low,22511.993253312856,9.181032074251057,1,Loyal High-Value Accounts,High,3.8,94.4,43.1
11361,0.02499386,Low,5910.794853804449,147.73357452209763,1,Loyal High-Value Accounts,Low,70.5,67.9,88.5
14708,0.9276734,High,-295.57140715217184,0.0,0,Disengaged At-Risk Accounts,Low,94.8,2.8,2.8
13596,0.024576224,Low,220.74772090188074,5.425145521735491,1,Loyal High-Value Accounts,Moderate,70.1,20.2,34.0
14534,0.6087065,High,748.3267155781136,455.5113166671948,0,Disengaged At-Risk Accounts,Low,89.7,36.2,93.9
10870,0.000832883,Low,4623.03180406613,3.850444601947053,1,Loyal High-Value Accounts,High,9.9,64.1,28.0
12894,0.008687468,Low,7116.742957311956,61.826478453926505,1,Loyal High-Value Accounts,High,50.6,72.3,78.5
11043,0.008999643,Low,6509.027453477125,58.5789228118894,1,Loyal High-Value Accounts,Moderate,51.2,69.9,77.8
11872,0.15452729,Low,55.31944488679304,8.548363994244065,0,Disengaged At-Risk Accounts,Low,87.3,8.1,41.9
10357,0.9427937,High,2177.7541223812073,2053.1729253575277,1,Loyal High-Value Accounts,Low,95.6,53.1,98.7
11163,0.0023865292,Low,6805.31588359303,16.241085285404928,1,Loyal High-Value Accounts,Moderate,25.1,71.3,54.1
12946,0.9188825,High,-249.07277638255482,0.0,0,Disengaged At-Risk Accounts,Low,94.3,2.8,2.8
11372,0.034172196,Low,10579.35997069411,361.5199618511506,0,Disengaged At-Risk Accounts,Moderate,75.3,81.0,93.2
14206,0.31825122,Medium,263.99757981573805,84.01755247962281,1,Loyal High-Value Accounts,Low,88.6,24.2,82.7
12896,0.013553069,Low,281.65053861379596,3.8172291761503088,1,Loyal High-Value Accounts,High,59.1,25.6,27.8
13400,0.0026114949,Low,5854.8432369203465,15.28989299564183,1,Loyal High-Value Accounts,High,26.4,67.6,52.9
13973,0.03808367,Low,1303.0385322337252,49.624487892892574,0,Disengaged At-Risk Accounts,Moderate,76.6,41.6,75.2
13780,0.08393012,Low,-71.59180854831648,0.0,1,Loyal High-Value Accounts,Moderate,84.7,2.8,2.8
13881,0.032217458,Low,308.4803227898681,9.938451809533682,0,Disengaged At-Risk Accounts,Moderate,74.5,27.3,44.6
14585,0.041454814,Low,5020.039334194823,208.10479875146822,1,Loyal High-Value Accounts,High,77.6,65.1,90.8
14105,0.051012,Low,198.29939504389455,10.115648384304798,1,Loyal High-Value Accounts,Moderate,79.9,17.9,45.0
10333,0.012161759,Low,179.51362818357484,2.1832014344149457,1,Loyal High-Value Accounts,Low,56.9,16.3,19.7
13083,0.013751054,Low,4702.293857108464,64.66149761183443,1,Loyal High-Value Accounts,High,59.4,64.3,79.1
12917,0.0006886251,Low,2463.893061836074,1.6966985867607869,1,Loyal High-Value Accounts,High,8.2,55.6,16.4
11790,0.002168772,Low,213.54589622862184,0.46313236977901495,1,Loyal High-Value Accounts,High,23.5,19.4,7.6
11259,0.027131597,Low,3818.1861733758556,103.59348692393176,0,Disengaged At-Risk Accounts,Low,71.9,62.0,85.1
13910,0.012031206,Low,56.48883493936825,0.6796288058909116,1,Loyal High-Value Accounts,Low,56.7,8.2,9.6
11823,0.005268711,Low,2945.106154511342,15.516913578445138,0,Disengaged At-Risk Accounts,Low,40.9,58.8,53.2
11117,0.00038778246,Low,27048.4652177041,10.488920484235047,1,Loyal High-Value Accounts,Moderate,3.6,97.8,45.4
13504,0.020373782,Low,2058.4350530782617,41.93810732692453,1,Loyal High-Value Accounts,Low,66.2,51.7,72.3
13788,0.0057559414,Low,197.42942548229922,1.1363922004622171,1,Loyal High-Value Accounts,High,42.6,17.8,12.6
12681,0.0027525625,Low,212.09324102511096,0.5837999058135022,1,Loyal High-Value Accounts,Moderate,27.6,19.2,8.6
12628,0.031289145,Low,-101.82472252742792,0.0,0,Disengaged At-Risk Accounts,Low,74.0,2.8,2.8
13482,0.786948,High,228.72882886510806,179.99770018778813,1,Loyal High-Value Accounts,High,90.8,21.1,89.8
12292,0.0011300789,Low,1936.27976811634,2.188148947683491,1,Loyal High-Value Accounts,Moderate,13.4,50.1,19.8
10446,0.0025534858,Low,10508.120923121736,26.832337557469373,1,Loyal High-Value Accounts,Moderate,26.1,80.8,64.2
12238,0.05052453,Low,427.0788315810526,21.577956841254213,0,Disengaged At-Risk Accounts,Low,79.8,31.0,60.2
13604,0.002614476,Low,231.2424860386426,0.6045779344414303,1,Loyal High-Value Accounts,High,26.5,21.2,8.8
10453,0.053781208,Low,110.21351375141577,5.927415869000202,1,Loyal High-Value Accounts,High,80.4,11.2,35.4
11889,0.014487136,Low,1619.691898139409,23.46469705809027,1,Loyal High-Value Accounts,Moderate,60.3,45.2,61.7
14573,0.0007618375,Low,21420.143608845283,16.318669168464712,1,Loyal High-Value Accounts,High,9.2,94.2,54.2
13149,0.001927629,Low,2502.745376346529,4.824364559007661,1,Loyal High-Value Accounts,Moderate,21.6,56.0,31.9
10015,0.034625206,Low,-64.95621262322442,0.0,0,Disengaged At-Risk Accounts,Low,75.5,2.8,2.8
14964,0.0009905994,Low,627.6273834888268,0.621727305644307,1,Loyal High-Value Accounts,High,11.8,34.6,9.0
10946,0.0008259077,Low,5432.345149705014,4.486615611026782,1,Loyal High-Value Accounts,High,9.9,66.6,30.8
10248,0.021567378,Low,183.3778627540179,3.954979718265631,0,Disengaged At-Risk Accounts,Low,67.3,16.5,28.6
11017,0.0018841317,Low,4467.506158784501,8.417369939534291,1,Loyal High-Value Accounts,High,21.1,63.7,41.6
10361,0.016713299,Low,301.8824985628183,5.045452418242274,1,Loyal High-Value Accounts,Moderate,62.8,26.9,32.7
14800,0.0056042587,Low,5645.739751958272,31.64018633997273,1,Loyal High-Value Accounts,Moderate,42.1,67.0,67.1
11718,0.0029971031,Low,276.34132141840024,0.8282234441268957,1,Loyal High-Value Accounts,High,29.0,25.1,10.4
14452,0.038819484,Low,69.02678866988654,2.6795843468273364,1,Loyal High-Value Accounts,Moderate,76.9,8.7,22.5
10664,0.0033644803,Low,20705.931615931586,69.6646997065841,1,Loyal High-Value Accounts,High,31.2,93.1,80.1
11433,0.0024181895,Low,26741.173762112532,64.66522674218753,1,Loyal High-Value Accounts,High,25.5,97.6,79.1
13380,0.0015778962,Low,7526.90253917063,11.876670782044785,0,Disengaged At-Risk Accounts,Low,18.1,73.5,47.8
14032,0.03488051,Low,77.41434131165231,2.700251819497564,0,Disengaged At-Risk Accounts,Low,75.5,9.1,22.6
13769,0.044225257,Low,408.9416894403271,18.085551268552997,1,Loyal High-Value Accounts,High,78.3,30.7,56.5
11607,0.002930416,Low,619.480011643889,1.815334154579431,0,Disengaged At-Risk Accounts,Low,28.6,34.4,17.3
13203,0.026449531,Low,168.39064010424514,4.453853508886023,1,Loyal High-Value Accounts,Moderate,71.2,15.2,30.6
14514,0.0015858316,Low,7853.668246978773,12.454595539871576,1,Loyal High-Value Accounts,High,18.3,74.4,48.7
10491,0.00046417784,Low,7475.694695936422,3.4700517862987525,1,Loyal High-Value Accounts,Moderate,4.6,73.3,26.4
10863,0.005123408,Low,380.75135451447517,1.9507445531000707,1,Loyal High-Value Accounts,High,40.3,30.0,18.3
12234,0.0027742062,Low,7270.424442937152,20.16965673320264,1,Loyal High-Value Accounts,Low,27.7,72.8,59.0
12754,0.006261373,Low,33.07397447268791,0.20708848874026828,1,Loyal High-Value Accounts,High,44.2,7.2,5.8
11384,0.024557697,Low,126.215965729164,3.099573399444244,1,Loyal High-Value Accounts,Low,70.0,11.9,24.5
12073,0.0013167628,Low,26080.629107697143,34.34200122230992,1,Loyal High-Value Accounts,High,15.4,97.0,68.6
13709,0.020745197,Low,1635.0307954869381,33.91903646200934,0,Disengaged At-Risk Accounts,Low,66.6,45.4,68.4
12084,0.00025861326,Low,2493.4922081127943,0.6448501522010818,1,Loyal High-Value Accounts,High,1.4,55.9,9.2
11363,0.018233947,Low,1143.2361458968417,20.845707813949232,1,Loyal High-Value Accounts,Moderate,64.4,40.1,59.6
13411,0.0055738273,Low,353.619790066702,1.971015642406779,1,Loyal High-Value Accounts,Moderate,41.9,29.0,18.4
10507,0.09410046,Low,76.42464086686267,7.191593892249705,0,Disengaged At-Risk Accounts,Low,85.4,9.1,39.0
12852,0.06332876,Low,7.286746872637753,0.4614606284455584,0,Disengaged At-Risk Accounts,Low,82.3,5.7,7.6
10026,0.0015033007,Low,2753.2568358982694,4.1389730296153004,1,Loyal High-Value Accounts,Moderate,17.5,57.6,29.5
12118,0.009773118,Low,223.5646783421662,2.1849240762880946,1,Loyal High-Value Accounts,High,52.9,20.5,19.8
11223,0.025859958,Low,273.3388363688783,7.068530708244127,1,Loyal High-Value Accounts,Low,70.9,25.0,38.6
11114,0.0060930094,Low,2444.8223094095874,14.8963252515292,1,Loyal High-Value Accounts,Moderate,43.7,55.4,52.4
14422,0.0033585618,Low,21214.244097227955,71.24934938346892,1,Loyal High-Value Accounts,High,31.2,94.0,80.4
13650,0.025546946,Low,267.75699074465996,6.840373285008964,1,Loyal High-Value Accounts,Low,70.7,24.5,37.9
12581,0.0031147094,Low,139.61639983867246,0.4348645126614321,1,Loyal High-Value Accounts,High,29.9,12.8,7.4
14817,0.0003123099,Low,21965.294108181202,6.859978516334788,1,Loyal High-Value Accounts,High,2.4,94.3,37.9
13165,0.0023369652,Low,5062.805797169029,11.831600837521536,1,Loyal High-Value Accounts,High,24.7,65.3,47.7
10434,0.070016555,Low,639.0663183294545,44.74522233789615,1,Loyal High-Value Accounts,Moderate,83.2,34.8,73.6
12198,0.06842783,Low,357.78544296497745,24.48248180204145,0,Disengaged At-Risk Accounts,Low,82.9,29.2,62.7
13366,0.024598662,Low,155.42796607245063,3.823319973257186,0,Disengaged At-Risk Accounts,Low,70.1,14.2,27.9
13289,0.002861116,Low,20694.708112436398,59.20996218194799,1,Loyal High-Value Accounts,High,28.3,93.0,77.9
12224,0.0008653603,Low,14274.927413745854,12.35295567611153,1,Loyal High-Value Accounts,High,10.5,86.3,48.5
13079,0.022334453,Low,172.78000601993318,3.8589468751537077,1,Loyal High-Value Accounts,Moderate,68.1,15.5,28.1
14718,0.0037079907,Low,6674.996040930026,24.750823568097147,1,Loyal High-Value Accounts,Moderate,33.1,70.6,62.8
12265,0.010777916,Low,370.5480469003692,3.993735659696027,1,Loyal High-Value Accounts,Low,55.0,29.7,28.8
13277,0.9794083,High,738.2821002674324,723.0796342884827,0,Disengaged At-Risk Accounts,Low,98.6,36.0,95.6
13107,0.013027589,Low,146.35251194681314,1.9066203508830741,0,Disengaged At-Risk Accounts,Low,58.4,13.4,17.9
11103,0.016625477,Low,297.75035499262236,4.950241678990562,1,Loyal High-Value Accounts,High,62.6,26.7,32.4
11781,0.00035771294,Low,20763.224491395104,7.4272740590226425,1,Loyal High-Value Accounts,High,3.2,93.3,39.5
12451,0.004763365,Low,222.56073704375544,1.060137978886888,1,Loyal High-Value Accounts,Moderate,38.7,20.4,12.1
13476,0.94315404,High,-449.95782595013384,0.0,0,Disengaged At-Risk Accounts,Low,95.7,2.8,2.8
14094,0.006958808,Low,3414.4046963860783,23.760186097047303,1,Loyal High-Value Accounts,High,46.1,60.9,62.2
10157,0.00029978578,Low,20991.892455585283,6.293070873484131,1,Loyal High-Value Accounts,High,2.2,93.8,36.5
13177,0.008759247,Low,1803.4954855375606,15.797262672067898,1,Loyal High-Value Accounts,Moderate,50.7,48.1,53.6
13860,0.00024428754,Low,2189.7940610624346,0.5349394067714768,1,Loyal High-Value Accounts,High,1.2,53.2,8.2
10616,0.02812295,Low,194.5135014824538,5.470293543677165,1,Loyal High-Value Accounts,Moderate,72.5,17.5,34.1
10644,8.043226e-05,Low,26837.740033459864,2.1586201545223807,1,Loyal High-Value Accounts,High,0.0,97.7,19.6
11610,0.96952045,High,371.6430109700822,360.31549910067054,0,Disengaged At-Risk Accounts,Low,97.9,29.8,93.2
11938,0.0011453704,Low,514.278478394562,0.5890393573099288,1,Loyal High-Value Accounts,High,13.6,32.6,8.7
11069,0.0010834406,Low,29087.627934997898,31.51471744065615,1,Loyal High-Value Accounts,High,12.9,98.8,67.0
13502,0.001559708,Low,3196.6698504622054,4.985871649792421,1,Loyal High-Value Accounts,High,18.0,60.3,32.5
14742,0.001159348,Low,22939.568249973287,26.594941264609655,1,Loyal High-Value Accounts,High,13.8,94.8,64.1
14372,0.020566126,Low,9129.661833722324,187.7617786379143,1,Loyal High-Value Accounts,High,66.5,78.1,90.0
11515,0.016936105,Low,6276.312580702243,106.2962872770807,1,Loyal High-Value Accounts,Moderate,63.0,69.2,85.3
10331,0.017847342,Low,240.84601313832076,4.298461266163173,1,Loyal High-Value Accounts,High,64.1,21.9,30.0
13339,0.01058556,Low,14845.491943290275,157.14785257415497,1,Loyal High-Value Accounts,High,54.5,87.1,88.8
12903,0.0008751387,Low,4070.3129477931993,3.562088290780484,1,Loyal High-Value Accounts,High,10.6,62.6,26.7
12332,0.013979647,Low,483.4201975171997,6.758043863138414,0,Disengaged At-Risk Accounts,Low,59.7,32.1,37.7
10623,0.0067939656,Low,386.6016767733253,2.6265584873060894,1,Loyal High-Value Accounts,Moderate,45.7,30.1,22.2
11783,0.008764738,Low,4038.2180530040528,35.39392409772858,1,Loyal High-Value Accounts,High,50.7,62.5,69.2
12477,0.00029046586,Low,30248.24574057106,8.786082752638011,1,Loyal High-Value Accounts,High,2.0,99.1,42.4
10776,0.008841499,Low,8650.021278605767,76.47915236481208,1,Loyal High-Value Accounts,Moderate,50.9,77.0,81.5
13091,0.0027831567,Low,7797.459054742876,21.70155040003025,1,Loyal High-Value Accounts,Moderate,27.8,74.3,60.3
12100,0.0037353863,Low,19418.873588144357,72.53699437874342,1,Loyal High-Value Accounts,High,33.3,91.7,80.8
11742,0.00054233486,Low,29720.159226156844,16.11827848180174,1,Loyal High-Value Accounts,High,5.7,98.9,53.9
13250,0.92360914,High,997.1153027047665,920.9448047541947,0,Disengaged At-Risk Accounts,Low,94.5,38.7,96.4
10756,0.0036781647,Low,4479.807408001364,16.4774693709845,1,Loyal High-Value Accounts,High,33.0,63.8,54.4
10519,0.0012606845,Low,12897.465305054548,16.25963400456831,1,Loyal High-Value Accounts,Moderate,14.8,84.1,54.1
14054,0.040968917,Low,1966.6786504991671,80.57269500811061,0,Disengaged At-Risk Accounts,Low,77.4,50.4,82.2
10033,0.9671943,High,751.3544626623826,726.7057676705662,0,Disengaged At-Risk Accounts,Low,97.7,36.3,95.7
13129,0.77359575,High,2221.1166656604,1718.2464135461976,1,Loyal High-Value Accounts,Moderate,90.6,53.4,98.3
12982,0.0031298406,Low,263.94126677463834,0.8260940916179406,1,Loyal High-Value Accounts,High,30.0,24.2,10.4
11158,0.00034080815,Low,31655.621155356064,10.788493804962222,1,Loyal High-Value Accounts,High,2.9,99.5,45.8
14346,0.010213556,Low,1866.6125890579692,19.06475177584122,1,Loyal High-Value Accounts,Moderate,53.7,48.9,57.7
10745,0.017091708,Low,-102.83564335106698,0.0,0,Disengaged At-Risk Accounts,Low,63.2,2.8,2.8
13540,0.9723504,High,-254.67534804078437,0.0,0,Disengaged At-Risk Accounts,Low,98.1,2.8,2.8
12911,0.006731713,Low,295.6423504115946,1.9901795099878272,1,Loyal High-Value Accounts,High,45.6,26.5,18.6
12096,0.053415947,Low,757.3080650487279,40.452327209667885,0,Disengaged At-Risk Accounts,Low,80.3,36.4,71.6
12760,0.08223165,Low,-0.7433863335332006,0.0,0,Disengaged At-Risk Accounts,Moderate,84.5,2.8,2.8
10784,0.015918914,Low,850.0215271963048,13.531419783967646,1,Loyal High-Value Accounts,Low,61.9,37.2,50.4
13567,0.0026649463,Low,109.22374541752743,0.29107541103228557,1,Loyal High-Value Accounts,Moderate,26.8,11.1,6.3
13139,0.006933186,Low,280.85801603259546,1.9472409218269282,1,Loyal High-Value Accounts,High,46.0,25.5,18.2
10230,0.7892228,High,148.94496598131954,117.55075965553395,1,Loyal High-Value Accounts,High,90.9,13.6,86.4
10858,0.016185725,Low,742.0006925678534,12.009819239692362,1,Loyal High-Value Accounts,Moderate,62.2,36.1,48.0
11667,0.014131752,Low,5471.6795615416095,77.32441772700923,1,Loyal High-Value Accounts,High,59.8,66.6,81.6
11402,0.004120175,Low,5935.526043199505,24.45540480056664,1,Loyal High-Value Accounts,High,35.5,68.1,62.7
13214,0.004495914,Low,2696.331497961981,12.12247478418803,1,Loyal High-Value Accounts,High,37.2,57.3,48.1
10409,0.0020282392,Low,239.440984339725,0.4856435887145073,1,Loyal High-Value Accounts,High,22.4,21.7,7.8
10171,0.05562857,Low,293.62406797409017,16.333887506199645,1,Loyal High-Value Accounts,Moderate,80.7,26.3,54.2
10541,0.029026354,Low,4032.4309846655583,117.04676815977727,1,Loyal High-Value Accounts,Moderate,73.0,62.5,86.4
13631,0.0066193957,Low,5247.825116877493,34.737430950961404,1,Loyal High-Value Accounts,High,45.3,66.0,69.0
14015,0.006124058,Low,624.1761327552541,3.822490718760543,1,Loyal High-Value Accounts,Moderate,43.8,34.4,27.8
12733,0.0058701364,Low,9765.562902686885,57.32518657746479,1,Loyal High-Value Accounts,High,42.9,79.3,77.3
10614,0.0039843167,Low,84.69208536149341,0.33744009157396143,1,Loyal High-Value Accounts,Low,34.7,9.7,6.7
12046,0.0005786306,Low,14338.86107141233,8.296903773500441,1,Loyal High-Value Accounts,High,6.3,86.4,41.4
12026,0.018652523,Low,163.01295967509586,3.0406029692805014,0,Disengaged At-Risk Accounts,Low,64.9,14.7,24.3
13666,0.9673525,High,-21.467126567526577,0.0,0,Disengaged At-Risk Accounts,Low,97.7,2.8,2.8
11162,0.0018239218,Low,12416.916106703513,22.647484029383318,1,Loyal High-Value Accounts,Moderate,20.6,83.4,61.3
12192,0.007366192,Low,9304.200965003629,68.53653128658291,1,Loyal High-Value Accounts,Moderate,47.3,78.5,79.8
12518,0.0021035431,Low,2136.6054603800785,4.494441763036282,1,Loyal High-Value Accounts,High,23.0,52.6,30.8
13048,0.031316552,Low,301.29288368187696,9.43545435281038,1,Loyal High-Value Accounts,Low,74.1,26.9,43.5
13063,0.00037352473,Low,27454.85223290038,10.25506627005865,1,Loyal High-Value Accounts,High,3.4,98.2,45.1
11618,0.021630388,Low,243.07236289597395,5.257749461538181,1,Loyal High-Value Accounts,Moderate,67.3,22.1,33.6
12340,0.008036016,Low,179.48262226978153,1.4423251444592797,1,Loyal High-Value Accounts,High,49.0,16.2,14.8
10565,0.034383237,Low,296.55224428093794,10.196426205318001,1,Loyal High-Value Accounts,Moderate,75.3,26.6,45.1
13806,0.00015811778,Low,20953.416755492894,3.3131077090037984,1,Loyal High-Value Accounts,High,0.3,93.8,25.7
14721,0.055212952,Low,143.2678669435542,7.910241888863029,0,Disengaged At-Risk Accounts,Low,80.7,13.1,40.6
14820,0.0011592027,Low,1218.774066345202,1.4128061356349721,1,Loyal High-Value Accounts,High,13.8,40.7,14.6
12805,0.00027279655,Low,4080.0048666341363,1.113011241425489,1,Loyal High-Value Accounts,High,1.6,62.6,12.5
13361,0.014966784,Low,75.9876669031187,1.1372910006299863,0,Disengaged At-Risk Accounts,Low,60.9,9.0,12.7
11558,0.06598917,Low,1900.0855095250135,125.38505904883328,0,Disengaged At-Risk Accounts,Low,82.7,49.5,87.1
13994,0.90193367,High,2608.9888407526096,2353.1348802436996,0,Disengaged At-Risk Accounts,Low,93.4,56.7,98.9
13705,0.0020754554,Low,27762.94413671296,57.620751893365075,1,Loyal High-Value Accounts,High,22.8,98.4,77.4
11766,0.0020073135,Low,536.6810473893361,1.077287132196562,1,Loyal High-Value Accounts,High,22.2,32.9,12.2
14399,0.00043870125,Low,16758.864188098552,7.352134584145785,1,Loyal High-Value Accounts,High,4.3,89.2,39.4
12695,0.0043503884,Low,279.704165677671,1.216821764119475,1,Loyal High-Value Accounts,High,36.5,25.4,13.2
14667,0.04479896,Low,607.9598095127856,27.235966608343386,1,Loyal High-Value Accounts,Low,78.4,34.1,64.4
14941,0.009995765,Low,62.828032125385484,0.6280142478510907,1,Loyal High-Value Accounts,Low,53.3,8.4,9.1
11173,0.00287048,Low,17381.21528790785,49.892431977292496,1,Loyal High-Value Accounts,High,28.3,89.9,75.3
14522,0.005703784,Low,177.37234512457076,1.011693554759014,0,Disengaged At-Risk Accounts,Low,42.4,16.0,11.7
10326,0.0048345854,Low,9133.805227395764,44.15816101023541,1,Loyal High-Value Accounts,High,39.1,78.1,73.3
11052,0.0008580355,Low,15847.395442535524,13.59762819948948,1,Loyal High-Value Accounts,High,10.3,88.3,50.5
13138,0.0048302216,Low,15016.52713483449,72.53315440742679,1,Loyal High-Value Accounts,Moderate,39.1,87.4,80.8
14991,0.0009762257,Low,29938.18889996877,29.226429729175475,1,Loyal High-Value Accounts,High,11.8,99.0,66.0
13075,0.022634046,Low,192.1650015675824,4.349471514324794,1,Loyal High-Value Accounts,Moderate,68.5,17.2,30.2
14848,0.0023258165,Low,9633.966186766611,22.406837957274362,1,Loyal High-Value Accounts,Moderate,24.6,79.1,61.0
11670,0.021888586,Low,212.3830281878125,4.648764126710052,1,Loyal High-Value Accounts,Moderate,67.6,19.2,31.3
11197,0.0014260379,Low,10037.48795915414,14.313837915518285,1,Loyal High-Value Accounts,High,16.5,79.8,51.5
10621,0.006855215,Low,10863.001532211581,74.4682104617332,1,Loyal High-Value Accounts,Moderate,45.8,81.7,81.1
11527,0.93884075,High,1770.3489690824965,1662.0757483709012,0,Disengaged At-Risk Accounts,Low,95.4,47.5,98.2
13067,0.013434396,Low,1903.848285210388,25.577052026134606,0,Disengaged At-Risk Accounts,Low,58.9,49.5,63.5
11483,0.012609047,Low,1007.5221634543652,12.7038941955454,1,Loyal High-Value Accounts,Low,57.7,38.8,49.3
11190,0.086114444,Low,1752.8331055049223,150.94424802243606,1,Loyal High-Value Accounts,Moderate,84.9,47.3,88.6
10329,0.03195305,Low,325.9475221696148,10.415018022902855,1,Loyal High-Value Accounts,Moderate,74.4,28.1,45.3
10649,0.024772631,Low,719.4482769093232,17.822626690663977,1,Loyal High-Value Accounts,Moderate,70.2,35.8,56.1
10898,0.021294644,Low,299.57379785021277,6.379317407640836,1,Loyal High-Value Accounts,High,67.0,26.8,36.7
12094,0.014564445,Low,135.33980527860618,1.9711491830818726,1,Loyal High-Value Accounts,High,60.4,12.5,18.4
11124,0.0003170729,Low,23099.057480242103,7.324085218101733,1,Loyal High-Value Accounts,High,2.5,95.0,39.2
12081,0.005769451,Low,2040.0048028752722,11.769708053522582,0,Disengaged At-Risk Accounts,Low,42.6,51.4,47.6
14786,0.0026794537,Low,462.0692307697692,1.2380931086816853,1,Loyal High-Value Accounts,Moderate,26.9,31.6,13.5
13821,0.0057071974,Low,6849.699911582632,39.092589231416,1,Loyal High-Value Accounts,Moderate,42.5,71.4,70.9
13545,0.9918533,High,634.2331524965075,629.066243216084,0,Disengaged At-Risk Accounts,Low,99.8,34.7,95.2
12136,0.85833675,High,-15.74622591892191,0.0,0,Disengaged At-Risk Accounts,Low,92.1,2.8,2.8
12479,0.03039287,Low,125.92527849006524,3.827230657517467,0,Disengaged At-Risk Accounts,Low,73.7,11.9,27.9
11601,0.024569927,Low,8489.167090303701,208.57821386117152,1,Loyal High-Value Accounts,Moderate,70.1,76.5,90.8
13530,0.9778491,High,-237.02466296521726,0.0,0,Disengaged At-Risk Accounts,Low,98.4,2.8,2.8
12283,0.012244441,Low,1571.716675201829,19.244791493392476,0,Disengaged At-Risk Accounts,Low,57.0,44.5,57.9
11520,0.0005704353,Low,20678.566195715524,11.795784313713487,1,Loyal High-Value Accounts,High,6.1,93.0,47.6
10190,0.00030665795,Low,3853.3763687873766,1.1816685056287433,1,Loyal High-Value Accounts,High,2.3,62.1,13.0
13468,0.01764114,Low,404.3393006829169,7.133006270709292,0,Disengaged At-Risk Accounts,Low,63.7,30.6,38.8
11024,0.044768546,Low,58.00737584410332,2.5969058608575057,0,Disengaged At-Risk Accounts,Moderate,78.4,8.2,21.9
14569,0.012138099,Low,11019.35907388877,133.75407586937865,1,Loyal High-Value Accounts,Moderate,56.9,82.0,87.6
14123,0.015800666,Low,1141.221509483714,18.03205997643353,1,Loyal High-Value Accounts,Moderate,61.8,40.1,56.5
13471,0.7923484,High,819.5302867991071,649.3534990868121,0,Disengaged At-Risk Accounts,Low,91.0,37.0,95.4
14852,0.0060913293,Low,279.9405395093593,1.7052100019241285,1,Loyal High-Value Accounts,High,43.6,25.4,16.5
14619,0.017162394,Low,705.2359239266319,12.103536633217237,0,Disengaged At-Risk Accounts,Low,63.3,35.7,48.1
14232,0.003149042,Low,7506.269425320286,23.63755697805399,1,Loyal High-Value Accounts,High,30.1,73.4,62.0
10810,0.024321616,Low,76.5050375831444,1.8607261229017074,1,Loyal High-Value Accounts,Low,69.8,9.1,17.7
13036,0.026633661,Low,612.9413400928463,16.324872012232458,1,Loyal High-Value Accounts,Moderate,71.4,34.3,54.2
10979,0.90692604,High,1356.0986796882646,1229.8811998331935,0,Disengaged At-Risk Accounts,Low,93.6,42.3,97.2
12230,0.008454316,Low,225.9268851438214,1.9100573467043975,1,Loyal High-Value Accounts,High,50.0,20.7,17.9
14066,0.017655674,Low,2847.9698950764173,50.28282907774384,1,Loyal High-Value Accounts,Moderate,63.8,58.1,75.5
11882,0.01845602,Low,262.63749762992165,4.847242767486867,1,Loyal High-Value Accounts,High,64.7,24.0,31.9
11863,0.0032434978,Low,8414.752892321365,27.293232541498824,1,Loyal High-Value Accounts,Moderate,30.5,76.2,64.5
13987,0.00038907756,Low,25636.976762344133,9.974772240268186,1,Loyal High-Value Accounts,High,3.6,96.8,44.7
12035,0.0019260636,Low,16272.80471616149,31.342456181971354,1,Loyal High-Value Accounts,High,21.5,88.6,66.9
12750,0.0025005762,Low,16972.10400689626,42.44003934295315,1,Loyal High-Value Accounts,High,25.8,89.5,72.4
11663,0.6906483,High,6944.907261498002,4796.488514215359,1,Loyal High-Value Accounts,High,90.1,71.7,99.6
12017,0.00017841771,Low,15786.996787498516,2.8166798900383836,1,Loyal High-Value Accounts,Moderate,0.5,88.2,23.2
14410,0.00059241796,Low,761.5059327609663,0.4511297887739361,1,Loyal High-Value Accounts,High,6.6,36.5,7.5
10175,0.0025193936,Low,1758.4620640619028,4.4302580218299905,1,Loyal High-Value Accounts,High,25.9,47.3,30.5
14949,0.025549978,Low,570.6235245925969,14.579418509784407,0,Disengaged At-Risk Accounts,Moderate,70.7,33.5,52.0
14288,0.0006172057,Low,26777.372891117484,16.52714689010823,1,Loyal High-Value Accounts,High,7.1,97.6,54.5
11653,0.0030625768,Low,5150.195065165355,15.772867685237056,1,Loyal High-Value Accounts,High,29.6,65.6,53.5
14601,0.005109156,Low,12743.186545983208,65.1069282077385,1,Loyal High-Value Accounts,Moderate,40.3,83.8,79.2
10218,0.0004689425,Low,12995.170802130044,6.0939880315172035,1,Loyal High-Value Accounts,High,4.7,84.3,36.1
14581,0.038191058,Low,344.9034109195428,13.172226081717536,1,Loyal High-Value Accounts,High,76.7,28.7,49.9
13966,0.002095179,Low,9171.821550096658,19.216607296465327,1,Loyal High-Value Accounts,High,23.0,78.2,57.9
11445,0.0036503095,Low,2390.256671737813,8.725176679258832,1,Loyal High-Value Accounts,High,32.8,55.0,42.3
10691,0.003506903,Low,19608.258672056643,68.76426255314425,1,Loyal High-Value Accounts,High,31.9,91.9,79.9
14427,0.00075746403,Low,17686.095875301115,13.39658151124865,1,Loyal High-Value Accounts,High,9.1,90.1,50.2
12379,0.0005805251,Low,1776.8309145708624,1.0314949158160445,1,Loyal High-Value Accounts,High,6.4,47.7,11.8
12858,0.02666454,Low,-88.81942404592678,0.0,0,Disengaged At-Risk Accounts,Low,71.5,2.8,2.8
11107,0.024433084,Low,248.24245994863506,6.0653288346524254,1,Loyal High-Value Accounts,High,69.9,22.5,36.0
11704,0.0042938148,Low,10385.298892089839,44.59254974414339,1,Loyal High-Value Accounts,High,36.1,80.5,73.5
10819,0.009907143,Low,12699.247104447635,125.81325947534486,1,Loyal High-Value Accounts,High,53.1,83.7,87.1
11706,0.004072926,Low,6170.431774478974,25.13171204999782,1,Loyal High-Value Accounts,Moderate,35.2,68.9,63.1
10612,0.015649134,Low,208.60406524498538,3.264473031125936,1,Loyal High-Value Accounts,Moderate,61.6,18.9,25.5
13064,0.019470967,Low,106.00953124832002,2.0641081219782373,1,Loyal High-Value Accounts,Moderate,65.7,10.8,18.9
14990,0.00040470425,Low,13770.716994995939,5.573067634740724,1,Loyal High-Value Accounts,High,3.8,85.5,34.3
13956,0.0029104743,Low,6646.238288326161,19.34370583144157,1,Loyal High-Value Accounts,Moderate,28.5,70.5,58.0
10577,0.024117805,Low,88.91538014309904,2.1444438054582244,1,Loyal High-Value Accounts,Low,69.6,9.9,19.5
12195,0.0012318117,Low,4661.8701769835425,5.742546264435522,1,Loyal High-Value Accounts,High,14.6,64.2,34.8
14575,0.0020456654,Low,6680.037296791227,13.665121181884155,1,Loyal High-Value Accounts,Moderate,22.6,70.7,50.6
11181,0.0018435918,Low,13891.34935754964,25.609977804763727,1,Loyal High-Value Accounts,High,20.8,85.7,63.5
10889,0.010687519,Low,219.52876130240708,2.3462177778010345,1,Loyal High-Value Accounts,High,54.8,20.0,20.7
13338,0.005888673,Low,7217.770707679854,42.50309156744202,1,Loyal High-Value Accounts,Moderate,43.0,72.6,72.5
12025,0.42592874,Medium,1319.1534005758474,561.8653480079679,0,Disengaged At-Risk Accounts,Low,89.0,41.9,94.7
12838,0.0042062625,Low,270.6536243753575,1.138440198520049,1,Loyal High-Value Accounts,High,35.8,24.8,12.7
10818,0.009460759,Low,283.47361557548834,2.681875658798072,0,Disengaged At-Risk Accounts,Low,52.3,25.7,22.5
13494,0.84898806,High,1637.6712369022,1390.363320084181,1,Loyal High-Value Accounts,High,92.0,45.5,97.6
13674,0.08345297,Low,32.28252558165681,2.6940726320949286,0,Disengaged At-Risk Accounts,Low,84.7,7.1,22.5
10209,0.0006290229,Low,20261.843774540044,12.745163570316741,1,Loyal High-Value Accounts,High,7.2,92.4,49.3
10294,0.0015772203,Low,6947.959778687907,10.958463033295153,1,Loyal High-Value Accounts,High,18.1,71.7,46.2
11120,0.026378153,Low,6235.853360825932,164.49029336391808,1,Loyal High-Value Accounts,Moderate,71.2,69.1,89.2
13404,0.9423869,High,566.0275428955749,533.4169557394696,1,Loyal High-Value Accounts,Moderate,95.6,33.4,94.5
13356,0.020556124,Low,1645.3943174402812,33.82292949847166,0,Disengaged At-Risk Accounts,Low,66.4,45.6,68.3
11265,0.00545427,Low,9186.953987674015,50.10812908022211,1,Loyal High-Value Accounts,High,41.5,78.3,75.4
10991,0.005368055,Low,6684.769775534029,35.88421077751505,1,Loyal High-Value Accounts,Moderate,41.2,70.7,69.5
12424,0.0009930071,Low,3836.5632537499773,3.809734533425805,1,Loyal High-Value Accounts,Moderate,11.9,62.0,27.7
13983,0.0011271843,Low,482.15272277190616,0.5434749562902018,1,Loyal High-Value Accounts,High,13.4,32.1,8.3
14329,0.012151227,Low,6059.842250194649,73.63452078212228,1,Loyal High-Value Accounts,High,56.9,68.5,81.0
11808,0.010834105,Low,707.0573409199988,7.660333693732745,0,Disengaged At-Risk Accounts,Low,55.1,35.7,40.0
10354,0.021910816,Low,257.5517016470237,5.643168056291344,1,Loyal High-Value Accounts,High,67.7,23.5,34.5
14904,0.002684719,Low,1533.5336771386906,4.117106891627719,0,Disengaged At-Risk Accounts,Low,27.0,44.0,29.4
11659,0.036007404,Low,1111.1356817806843,40.00911175647011,0,Disengaged At-Risk Accounts,Low,76.0,39.9,71.4
13245,0.005894429,Low,2958.751504971077,17.440150823774673,1,Loyal High-Value Accounts,High,43.1,58.9,55.7
11490,0.050279204,Low,75.87061665207021,3.8147141972591943,0,Disengaged At-Risk Accounts,Low,79.8,9.0,27.8
13483,0.95038444,High,2136.96914796788,2030.9422227957243,1,Loyal High-Value Accounts,Low,96.2,52.6,98.7
14088,0.0033461095,Low,10105.24241541235,33.81324794873873,1,Loyal High-Value Accounts,High,31.1,79.9,68.3
13251,0.004139718,Low,6699.029984189702,27.732095905466384,1,Loyal High-Value Accounts,Moderate,35.6,70.8,64.8
11229,0.042891204,Low,10367.769502466717,444.6861204580985,1,Loyal High-Value Accounts,Moderate,78.0,80.5,93.8
10260,0.007403347,Low,1140.564552410509,8.443995357641711,1,Loyal High-Value Accounts,Moderate,47.4,40.1,41.7
11695,0.011073481,Low,9500.818756203702,105.20713875106293,1,Loyal High-Value Accounts,Moderate,55.5,78.9,85.3
13754,0.0030594976,Low,4929.378213889855,15.081420660876491,1,Loyal High-Value Accounts,High,29.5,64.9,52.7
14887,0.0053311028,Low,185.52816677064587,0.9890697216775275,1,Loyal High-Value Accounts,High,41.1,16.6,11.4
11979,0.019662313,Low,3401.952971225154,66.89026468698151,0,Disengaged At-Risk Accounts,Moderate,65.8,60.9,79.4
12707,0.0045231814,Low,129.52667667629558,0.585872649110284,1,Loyal High-Value Accounts,Moderate,37.3,12.2,8.6
10053,0.0019095088,Low,10454.314431839923,19.96260577694775,1,Loyal High-Value Accounts,Moderate,21.4,80.7,58.9
12338,0.020293044,Low,2441.1231671325822,49.5378196602722,0,Disengaged At-Risk Accounts,Low,66.1,55.3,75.1
10412,0.002750575,Low,6025.78203178462,16.57436587478773,1,Loyal High-Value Accounts,Moderate,27.5,68.3,54.5
12334,0.0030078916,Low,195.35514261623436,0.5876070901309228,1,Loyal High-Value Accounts,Moderate,29.2,17.6,8.6
14583,0.00076382165,Low,1165.0270928884443,0.8898729145600945,1,Loyal High-Value Accounts,High,9.3,40.3,10.8
14085,0.036250506,Low,1464.6574763034296,53.094574041545556,0,Disengaged At-Risk Accounts,Low,76.2,43.3,76.3
12496,0.10536376,Low,24.783220342338183,2.6112531914093973,0,Disengaged At-Risk Accounts,Low,86.0,6.5,22.0
12747,0.00029620412,Low,27705.699147013183,8.206542181023691,1,Loyal High-Value Accounts,High,2.1,98.3,41.1
13304,0.0062308074,Low,7104.309122441901,44.265581834341326,1,Loyal High-Value Accounts,Moderate,44.1,72.2,73.3
11480,0.07203073,Low,2289.7768821312056,164.93430160615557,0,Disengaged At-Risk Accounts,Low,83.4,54.1,89.2
11508,0.019488832,Low,1988.6248656229898,38.75597588138671,0,Disengaged At-Risk Accounts,Low,65.7,50.6,70.8
11034,0.035214756,Low,7331.643513274441,258.1820350831498,1,Loyal High-Value Accounts,Moderate,75.6,72.9,91.9
11098,0.0037818518,Low,8174.140228934913,30.913387320184558,1,Loyal High-Value Accounts,Moderate,33.6,75.4,66.8
11470,0.008238754,Low,1503.1190447669826,12.383828396095833,1,Loyal High-Value Accounts,High,49.5,43.7,48.5
10544,0.004370162,Low,2338.605337681425,10.22008370698656,1,Loyal High-Value Accounts,High,36.6,54.6,45.1
11047,0.0016897676,Low,22882.154081417877,38.6655221596246,1,Loyal High-Value Accounts,High,19.4,94.6,70.8
14714,0.0050962972,Low,5709.083821327479,29.095188152803814,1,Loyal High-Value Accounts,Moderate,40.3,67.1,65.8
11756,0.010827051,Low,9505.562257295967,102.91720301193857,1,Loyal High-Value Accounts,Moderate,55.0,78.9,85.1
10031,0.0019928985,Low,12182.874959116489,24.279233567139666,1,Loyal High-Value Accounts,High,22.2,83.2,62.6
10726,0.0027808708,Low,1867.417519694925,5.193046790882652,1,Loyal High-Value Accounts,High,27.8,48.9,33.4
14391,0.0014554503,Low,1047.2017842300397,1.5241501657806615,1,Loyal High-Value Accounts,High,16.8,39.2,15.4
12229,0.0073729204,Low,3435.35250738362,25.328580587669986,1,Loyal High-Value Accounts,Moderate,47.4,61.0,63.3
10338,0.016657095,Low,2826.7369796299854,47.08522754741249,1,Loyal High-Value Accounts,Moderate,62.7,58.1,74.5
11427,0.0023621563,Low,22919.90348003748,54.140394099037294,1,Loyal High-Value Accounts,High,24.9,94.8,76.6
12544,0.0044525056,Low,522.1877651769943,2.3250439563304455,1,Loyal High-Value Accounts,High,36.9,32.7,20.5
12659,0.0030670655,Low,9867.449109557776,30.26411269743756,1,Loyal High-Value Accounts,High,29.6,79.5,66.5
10437,0.0045401016,Low,18879.239061208355,85.71366394103265,1,Loyal High-Value Accounts,High,37.4,91.2,83.0
12631,0.007691541,Low,6169.643471877162,47.45406708277234,1,Loyal High-Value Accounts,High,48.0,68.9,74.5
10913,0.007254483,Low,8465.423661098663,61.41227354626701,1,Loyal High-Value Accounts,Low,46.8,76.4,78.4
14354,0.002385948,Low,277.74547126018285,0.6626862755921299,1,Loyal High-Value Accounts,High,25.1,25.3,9.4
11589,0.0033923602,Low,2774.712472246108,9.412824082834106,1,Loyal High-Value Accounts,Moderate,31.3,57.7,43.5
14295,0.0044496953,Low,5203.028281359466,23.151890742925936,1,Loyal High-Value Accounts,Moderate,36.9,65.8,61.5
14652,0.0144863045,Low,3193.16226977741,46.25712090779886,1,Loyal High-Value Accounts,Low,60.3,60.3,74.2
13549,0.02402308,Low,303.9665797110721,7.3022135360940394,1,Loyal High-Value Accounts,High,69.5,27.1,39.2
11591,0.007895203,Low,245.1516470032618,1.9355220942030862,1,Loyal High-Value Accounts,High,48.5,22.2,18.1
12438,0.0121648,Low,12867.948608607585,156.5360267395936,1,Loyal High-Value Accounts,Moderate,57.0,84.0,88.8
11770,0.012893251,Low,8778.884248465689,113.1883593742705,1,Loyal High-Value Accounts,Moderate,58.1,77.3,86.1
11239,0.0038984555,Low,12598.100629096507,49.11313504663476,1,Loyal High-Value Accounts,High,34.3,83.6,75.0
10904,0.026969781,Low,1695.4423220337005,45.72570836998832,0,Disengaged At-Risk Accounts,Low,71.8,46.2,74.0
13387,0.93276,High,-104.85767182972914,0.0,0,Disengaged At-Risk Accounts,Low,95.1,2.8,2.8
14882,0.0047228346,Low,10167.143677017933,48.0177375825532,1,Loyal High-Value Accounts,Moderate,38.4,80.0,74.7
14594,0.004615998,Low,1303.3246090357447,6.01614365259062,1,Loyal High-Value Accounts,High,37.8,41.7,35.8
10508,0.0023885532,Low,6281.359923892173,15.003362523882702,1,Loyal High-Value Accounts,Low,25.1,69.2,52.5
13435,0.0045477953,Low,209.44254453503518,0.9525018156381448,1,Loyal High-Value Accounts,High,37.5,19.0,11.1
10184,0.07757492,Low,218.42324084267347,16.944166228376755,0,Disengaged At-Risk Accounts,Low,84.0,19.9,55.0
11747,0.0018371048,Low,2452.0174694183993,4.504613042585399,1,Loyal High-Value Accounts,Moderate,20.7,55.4,30.9
11498,0.001066513,Low,12817.240119953623,13.669753344078591,1,Loyal High-Value Accounts,High,12.7,84.0,50.6
12604,0.05468752,Low,2033.7697376248773,111.22182040827384,0,Disengaged At-Risk Accounts,Low,80.6,51.2,85.9
10322,0.43372262,Medium,-52.59501395964878,0.0,0,Disengaged At-Risk Accounts,Low,89.1,2.8,2.8
14419,0.0002576495,Low,20073.071510168087,5.1718165981583075,1,Loyal High-Value Accounts,High,1.4,92.3,33.4
14030,0.010959204,Low,5755.5967141290175,63.0767601799093,1,Loyal High-Value Accounts,Moderate,55.3,67.1,78.8
12202,0.0012933846,Low,10023.277719963697,12.963952908817882,1,Loyal High-Value Accounts,Moderate,15.2,79.7,49.5
14746,0.0054831603,Low,19303.809601050107,105.84588169163848,1,Loyal High-Value Accounts,High,41.6,91.5,85.3
13759,0.016329493,Low,7578.792517141146,123.7578421887914,0,Disengaged At-Risk Accounts,Low,62.4,73.7,87.0
13432,0.8950016,High,6895.926145666393,6171.864866631233,1,Loyal High-Value Accounts,Moderate,93.0,71.5,99.8
12837,0.012034074,Low,399.6846350684751,4.809834636288057,1,Loyal High-Value Accounts,High,56.8,30.4,31.8
11552,0.046946734,Low,35.525177222538645,1.667791052118709,0,Disengaged At-Risk Accounts,Low,79.1,7.3,16.3
14577,0.019430846,Low,6709.336894419879,130.3680917957339,1,Loyal High-Value Accounts,Moderate,65.6,70.8,87.5
11147,0.009932077,Low,243.44503541393433,2.4179147295108128,1,Loyal High-Value Accounts,High,53.2,22.1,20.9
14910,0.0068406863,Low,193.0286018410061,1.320448114787257,1,Loyal High-Value Accounts,High,45.8,17.3,14.1
12481,0.8282432,High,476.06352901441187,394.2963787749765,0,Disengaged At-Risk Accounts,Moderate,91.5,31.9,93.4
10045,0.22018044,Low,103.85502210530558,22.866844148550918,0,Disengaged At-Risk Accounts,Moderate,88.1,10.7,61.3
14700,0.016040206,Low,887.1121026332463,14.22946083185869,1,Loyal High-Value Accounts,Low,62.0,37.8,51.4
14120,0.9895348,High,-462.1179250790302,0.0,0,Disengaged At-Risk Accounts,Low,99.7,2.8,2.8
13846,0.072275124,Low,164.4856479257996,11.88822068069842,0,Disengaged At-Risk Accounts,Low,83.4,14.9,47.8
12791,0.006341896,Low,178.62865862501528,1.1328443791697738,1,Loyal High-Value Accounts,Moderate,44.5,16.2,12.6
11379,0.001397068,Low,10559.174503279773,14.751885123844625,1,Loyal High-Value Accounts,Moderate,16.2,80.9,52.2
11974,0.6867828,High,568.1901232474717,390.22319088367897,0,Disengaged At-Risk Accounts,Low,90.1,33.4,93.4
13897,0.00704376,Low,60.02027612279786,0.42276840839188945,0,Disengaged At-Risk Accounts,Low,46.4,8.3,7.3
10414,0.004544912,Low,438.0757529398272,1.9910157053200892,1,Loyal High-Value Accounts,Moderate,37.5,31.2,18.6
14768,0.009166145,Low,264.7702351770529,2.426922305337826,1,Loyal High-Value Accounts,High,51.6,24.3,21.0
11408,0.0029383947,Low,3331.580835877111,9.789499362755434,1,Loyal High-Value Accounts,High,28.7,60.7,44.3
12408,0.0003479382,Low,5318.2190791607545,1.8504116478674708,1,Loyal High-Value Accounts,High,2.9,66.2,17.6
10802,0.59217304,Medium,506.90757096368105,300.17699725256773,0,Disengaged At-Risk Accounts,Low,89.7,32.4,92.5
11289,0.07356677,Low,2967.6509511978084,218.32050103205344,0,Disengaged At-Risk Accounts,Low,83.5,59.1,91.1
11559,0.01716538,Low,1092.01941149804,18.74492772755298,1,Loyal High-Value Accounts,Moderate,63.4,39.7,57.4
12320,0.031663,Low,7926.127554224563,250.96498137548625,1,Loyal High-Value Accounts,Low,74.3,74.6,91.7
12599,0.0065884204,Low,12248.269559548164,80.69674860220691,1,Loyal High-Value Accounts,Moderate,45.2,83.3,82.2
11730,0.02230438,Low,416.49939981181336,9.289761013356495,0,Disengaged At-Risk Accounts,Low,68.0,30.8,43.3
13703,0.009695617,Low,993.2658794164556,9.630325099759064,1,Loyal High-Value Accounts,High,52.7,38.5,44.0
10257,0.03657196,Low,764.9642706980558,27.976243395000438,1,Loyal High-Value Accounts,Low,76.3,36.5,65.0
13611,0.00430229,Low,8391.557902667128,36.10291399241339,1,Loyal High-Value Accounts,Moderate,36.1,76.0,69.7
11887,0.0054693474,Low,2229.3476168233456,12.193076480968955,1,Loyal High-Value Accounts,High,41.5,53.5,48.3
11152,0.011563827,Low,175.64856283878547,2.0311696432944055,1,Loyal High-Value Accounts,Moderate,56.1,15.9,18.8
12452,0.008309894,Low,15254.699005074312,126.76493541644463,1,Loyal High-Value Accounts,High,49.7,87.7,87.2
10648,0.0033073383,Low,2631.1223616389766,8.702011859526186,0,Disengaged At-Risk Accounts,Moderate,30.8,56.9,42.3
13099,0.0017045998,Low,32888.9950470047,56.062575192802655,1,Loyal High-Value Accounts,Moderate,19.6,99.6,77.1
14979,0.0374451,Low,7230.270223553273,270.73817825655004,0,Disengaged At-Risk Accounts,Moderate,76.5,72.7,92.0
12355,0.020674378,Low,2516.1035769117084,52.01887563063084,0,Disengaged At-Risk Accounts,Low,66.5,56.1,76.0
14639,0.0014602204,Low,5197.685980998291,7.589767268100497,1,Loyal High-Value Accounts,Moderate,16.9,65.8,39.8
13456,0.004974912,Low,7455.860077927912,37.092247180950885,1,Loyal High-Value Accounts,Moderate,39.7,73.3,70.2
14018,0.0027146926,Low,2632.6489227617612,7.146832588436902,0,Disengaged At-Risk Accounts,Low,27.3,57.0,38.8
11316,0.004863015,Low,2987.6739321096784,14.529102879173466,1,Loyal High-Value Accounts,Moderate,39.2,59.2,51.9
11089,0.04231114,Low,1592.7040020975928,67.38912106329225,0,Disengaged At-Risk Accounts,Low,77.8,44.9,79.6
12132,0.0450126,Low,2947.394645238636,132.66989833018275,1,Loyal High-Value Accounts,High,78.4,58.8,87.6
14554,0.006687993,Low,13788.658257818099,92.21845244109785,1,Loyal High-Value Accounts,Moderate,45.5,85.6,83.9
13832,0.021463305,Low,4721.853954279835,101.346590443815,1,Loyal High-Value Accounts,High,67.2,64.4,84.9
11351,0.0046469267,Low,248.97458287473378,1.1569666249905528,1,Loyal High-Value Accounts,High,38.0,22.6,12.8
13194,0.023839545,Low,110.17368232485049,2.626490403049884,0,Disengaged At-Risk Accounts,Moderate,69.4,11.2,22.1
10113,0.44951183,Medium,107.54684112105919,48.34357693698476,0,Disengaged At-Risk Accounts,Low,89.2,11.0,74.8
13920,0.8772962,High,-209.05756469069354,0.0,0,Disengaged At-Risk Accounts,Low,92.6,2.8,2.8
10264,0.0012812457,Low,3104.680341377715,3.977858424268274,1,Loyal High-Value Accounts,High,15.0,60.0,28.7
11394,0.0006608725,Low,12471.497853804258,8.242069894752404,1,Loyal High-Value Accounts,High,7.7,83.5,41.2
14983,0.033051047,Low,28.822010847501154,0.9525976488211084,0,Disengaged At-Risk Accounts,Low,74.9,6.7,11.2
11187,0.976776,High,-853.3300285932626,0.0,0,Disengaged At-Risk Accounts,Low,98.3,2.8,2.8
14693,0.0130973235,Low,237.12964490329864,3.1057636653482494,1,Loyal High-Value Accounts,Moderate,58.6,21.6,24.6
10057,0.99014074,High,928.7962773468998,919.6390297420393,0,Disengaged At-Risk Accounts,Low,99.7,38.1,96.4
11310,0.014402581,Low,155.09386987711082,2.2337520822608297,1,Loyal High-Value Accounts,Moderate,60.1,14.1,20.1
10696,0.98558444,High,579.5133185089834,571.1593082476055,0,Disengaged At-Risk Accounts,Low,99.3,33.6,94.8
14335,0.9550303,High,-90.00850025582972,0.0,1,Loyal High-Value Accounts,Moderate,96.6,2.8,2.8
13955,0.008596678,Low,24264.053488985057,208.5902612359457,1,Loyal High-Value Accounts,High,50.4,96.1,90.8
12385,0.0004153504,Low,16614.134692537038,6.900687453912667,1,Loyal High-Value Accounts,High,4.0,89.0,38.1
14305,0.0006699829,Low,16651.04142215861,11.155913429516197,1,Loyal High-Value Accounts,High,7.9,89.1,46.5
14379,0.020574484,Low,8452.466600413978,173.90513900378707,0,Disengaged At-Risk Accounts,Low,66.5,76.4,89.5
13684,0.014451771,Low,642.1971437784346,9.280886086509273,0,Disengaged At-Risk Accounts,Moderate,60.2,34.9,43.3
11942,0.9824388,High,1321.2339478990984,1298.0314978858414,0,Disengaged At-Risk Accounts,Low,98.9,41.9,97.4
10320,0.84724164,High,7870.1207824063,6667.8940393997245,1,Loyal High-Value Accounts,Moderate,91.9,74.4,99.9
12437,0.0050139343,Low,5830.565635473654,29.234073241517024,1,Loyal High-Value Accounts,Low,39.9,67.5,66.0
11590,0.005298569,Low,2302.12077226297,12.19794545232491,1,Loyal High-Value Accounts,Moderate,41.0,54.2,48.3
10683,0.001582504,Low,1238.7768894953722,1.9603694041382553,1,Loyal High-Value Accounts,High,18.3,40.9,18.3
13143,0.017362993,Low,12024.613472047791,208.78328207470344,1,Loyal High-Value Accounts,Moderate,63.6,83.1,90.9
13426,0.011900968,Low,2373.5729401041463,28.24781541201083,0,Disengaged At-Risk Accounts,Low,56.6,54.8,65.3
10480,0.05674764,Low,35.525177222538645,2.0159700182077724,0,Disengaged At-Risk Accounts,Low,81.1,7.3,18.7
13738,0.0028644144,Low,10049.539072675227,28.786044034912663,1,Loyal High-Value Accounts,Moderate,28.3,79.8,65.6
13039,0.0010494476,Low,24754.813096864265,25.978878496321727,1,Loyal High-Value Accounts,High,12.5,96.4,63.8
10287,0.00021276518,Low,19584.90899211085,4.166986733376104,1,Loyal High-Value Accounts,High,0.9,91.9,29.7
13793,0.00033266676,Low,15735.909742465727,5.234814184177228,1,Loyal High-Value Accounts,High,2.7,88.1,33.5
12079,0.013130141,Low,2492.562721421097,32.72770103584436,0,Disengaged At-Risk Accounts,Low,58.6,55.9,67.7
13632,0.0049278717,Low,1307.0852378867137,6.44114841706206,1,Loyal High-Value Accounts,Moderate,39.5,41.8,36.9
12570,0.07375576,Low,-150.8185407834183,0.0,1,Loyal High-Value Accounts,Moderate,83.6,2.8,2.8
11922,0.02794853,Low,1299.1689374147945,36.309862530196924,0,Disengaged At-Risk Accounts,Low,72.4,41.6,69.7
14367,0.035754874,Low,83.40630217393019,2.98218185411361,0,Disengaged At-Risk Accounts,Low,75.9,9.6,24.1
13730,0.0007135736,Low,13690.54305490661,9.769210013034094,1,Loyal High-Value Accounts,Low,8.5,85.4,44.3
11599,0.0011256766,Low,8698.020985667416,9.79115831952766,1,Loyal High-Value Accounts,Moderate,13.3,77.2,44.4
12489,0.0019012684,Low,13841.43862216336,26.316289544073808,1,Loyal High-Value Accounts,High,21.3,85.6,63.9
14623,0.0014735585,Low,2438.384909178515,3.5931027715836468,1,Loyal High-Value Accounts,High,17.0,55.3,26.9
10737,0.0013498397,Low,3437.250365090622,4.63973710860458,1,Loyal High-Value Accounts,High,15.6,61.0,31.2
12403,0.0033012875,Low,11165.494982720047,36.86050941501253,1,Loyal High-Value Accounts,High,30.8,82.2,70.1
10337,0.008477212,Low,285.10084574522324,2.416860290763935,1,Loyal High-Value Accounts,Moderate,50.1,25.8,20.9
14837,0.000361334,Low,1381.044950028998,0.4990185078927002,1,Loyal High-Value Accounts,High,3.2,42.5,7.9
12952,0.031274572,Low,1061.9205749115379,33.2111114940779,1,Loyal High-Value Accounts,Moderate,74.0,39.4,68.0
12813,0.014467257,Low,250.42209665523578,3.622920849574731,1,Loyal High-Value Accounts,High,60.2,22.7,27.0
14541,0.014796206,Low,215.71492998527188,3.191762497396823,1,Loyal High-Value Accounts,High,60.7,19.7,25.1
11072,0.0027290727,Low,7157.764298720935,19.53405914916264,1,Loyal High-Value Accounts,Moderate,27.4,72.4,58.3
12441,0.047968775,Low,581.8139444281154,27.908902211887824,0,Disengaged At-Risk Accounts,Moderate,79.4,33.6,65.0
14477,0.13861205,Low,2933.027954060548,406.553008144837,0,Disengaged At-Risk Accounts,Low,87.1,58.6,93.5
12442,0.00028301158,Low,15326.110882534836,4.3374669257431755,1,Loyal High-Value Accounts,High,1.8,87.8,30.2
14311,0.06780839,Low,18.225692871671285,1.2358548841331383,0,Disengaged At-Risk Accounts,Low,82.9,6.2,13.4
14912,0.010326842,Low,106.86372539243783,1.1035647912136677,0,Disengaged At-Risk Accounts,Low,53.9,10.9,12.4
14243,0.02752281,Low,2093.6020434195643,57.62181084522604,0,Disengaged At-Risk Accounts,Low,72.1,52.1,77.4
10082,0.0633077,Low,344.6982290340197,21.822052950216307,0,Disengaged At-Risk Accounts,Low,82.3,28.7,60.6
12573,0.030658942,Low,12379.303243224176,379.53633661815184,1,Loyal High-Value Accounts,High,73.8,83.4,93.3
13590,0.0021384188,Low,493.5700065077173,1.0554594027343516,1,Loyal High-Value Accounts,High,23.3,32.2,12.0
11715,0.04689375,Low,266.4886579276379,12.496652339089364,0,Disengaged At-Risk Accounts,Low,79.1,24.4,48.8
11489,0.0028066426,Low,3930.38312172405,11.03118054034864,1,Loyal High-Value Accounts,Low,28.0,62.2,46.3
10499,0.97793716,High,727.630455171804,711.576862259058,0,Disengaged At-Risk Accounts,Low,98.4,35.9,95.6
14481,0.96133906,High,-385.78023791415427,0.0,0,Disengaged At-Risk Accounts,Low,97.2,2.8,2.8
12093,0.015599924,Low,3254.9651456474626,50.77720934939793,1,Loyal High-Value Accounts,Moderate,61.5,60.6,75.7
12723,0.9594225,High,2453.638755754045,2354.076299669199,0,Disengaged At-Risk Accounts,Low,97.0,55.5,98.9
14804,0.02652292,Low,107.54684112105919,2.852456213365779,0,Disengaged At-Risk Accounts,Low,71.3,11.0,23.4
13728,0.00709364,Low,26056.085983599573,184.83249493180796,1,Loyal High-Value Accounts,High,46.6,97.0,89.9
13718,0.014333661,Low,5882.609151374433,84.31932369080378,1,Loyal High-Value Accounts,Moderate,60.0,67.8,82.7
14191,9.521359e-05,Low,24616.66502192719,2.343841020848634,1,Loyal High-Value Accounts,High,0.1,96.3,20.6
11611,0.0024216948,Low,333.53612776025676,0.8077227087801337,1,Loyal High-Value Accounts,High,25.5,28.4,10.3
12293,0.0024228077,Low,7223.828011322171,17.501946405148402,1,Loyal High-Value Accounts,Moderate,25.5,72.6,55.8
14059,0.045807183,Low,2671.9254293267927,122.39337653934591,0,Disengaged At-Risk Accounts,Low,78.7,57.1,86.8
12488,0.026615266,Low,4515.861516277749,120.19085437684345,1,Loyal High-Value Accounts,Moderate,71.4,63.9,86.6
11023,0.019464415,Low,3900.1921567342265,75.91495702868242,1,Loyal High-Value Accounts,Moderate,65.6,62.2,81.4
12433,0.014306612,Low,207.13906414007673,2.9634582854869924,1,Loyal High-Value Accounts,Moderate,60.0,18.7,24.0
13891,0.0005980395,Low,12710.474076169028,7.601365282452833,1,Loyal High-Value Accounts,High,6.8,83.7,39.9
14155,0.8421144,High,6925.005570067764,5831.646834062537,1,Loyal High-Value Accounts,Moderate,91.8,71.6,99.8
13879,0.0125033045,Low,879.6078043173844,10.998004234457456,1,Loyal High-Value Accounts,Moderate,57.6,37.7,46.2
14472,0.003521626,Low,22194.434466184517,78.16049489413336,1,Loyal High-Value Accounts,High,32.0,94.3,81.8
14958,0.00047010442,Low,12933.985391060673,6.080323746913842,1,Loyal High-Value Accounts,High,4.7,84.2,36.0
10666,0.0054439926,Low,293.1304615484885,1.5958000514471442,1,Loyal High-Value Accounts,High,41.4,26.3,15.8
14952,0.0070207156,Low,222.1339577512967,1.5595393478263673,1,Loyal High-Value Accounts,Moderate,46.3,20.3,15.6
12810,0.00068142987,Low,22833.132571737733,15.559178527263851,1,Loyal High-Value Accounts,High,8.0,94.6,53.3
11553,0.014080874,Low,17.225490682177124,0.24254995855340555,0,Disengaged At-Risk Accounts,Low,59.7,6.1,6.0
14400,0.0027296399,Low,2310.124551815822,6.305808096627444,1,Loyal High-Value Accounts,Moderate,27.4,54.3,36.6
12303,0.63559395,High,-502.9176220359386,0.0,0,Disengaged At-Risk Accounts,Low,89.8,2.8,2.8
11018,0.0040001376,Low,2366.280873233763,9.465448998696575,1,Loyal High-Value Accounts,Low,34.8,54.8,43.7
10558,0.026236307,Low,1772.0672505582793,46.492500190457605,0,Disengaged At-Risk Accounts,Low,71.1,47.5,74.3
12553,0.024798673,Low,11524.435930197935,285.7907140660532,1,Loyal High-Value Accounts,Low,70.3,82.7,92.2
11208,0.0034269616,Low,5026.376728705293,17.22520004032968,0,Disengaged At-Risk Accounts,Moderate,31.5,65.2,55.4
12154,0.0009612779,Low,1967.01053397854,1.8908438044453204,0,Disengaged At-Risk Accounts,Moderate,11.6,50.4,17.8
13180,0.023335561,Low,2328.994274889298,54.34838833428865,0,Disengaged At-Risk Accounts,Low,69.1,54.5,76.7
12269,0.00953655,Low,272.00145008859215,2.5939555322816736,1,Loyal High-Value Accounts,Moderate,52.4,24.9,21.9
11511,0.0007383793,Low,15067.04078182049,11.125191216589661,1,Loyal High-Value Accounts,High,8.9,87.4,46.4
12755,0.01283451,Low,477.76042178025125,6.131820831943819,1,Loyal High-Value Accounts,Moderate,58.0,31.9,36.2
12305,0.95945686,High,1823.7185779818815,1749.7793022127757,0,Disengaged At-Risk Accounts,Low,97.0,48.3,98.3
11685,0.0009978152,Low,2872.156000823906,2.8658808131136277,1,Loyal High-Value Accounts,High,11.9,58.3,23.5
10246,0.018507143,Low,71.30158452123437,1.319588655268783,1,Loyal High-Value Accounts,Moderate,64.8,8.8,14.1
11164,0.000116437695,Low,5836.596991184462,0.6795999026122393,1,Loyal High-Value Accounts,High,0.1,67.5,9.6
13078,0.017086558,Low,293.13241045186464,5.008623945750742,1,Loyal High-Value Accounts,High,63.2,26.3,32.6
14177,0.0006602599,Low,10320.068196722987,6.81392737010238,1,Loyal High-Value Accounts,Moderate,7.6,80.4,37.8
10267,0.0019861762,Low,22963.861873785932,45.61027685966507,1,Loyal High-Value Accounts,High,22.1,94.9,73.9
12519,0.17181413,Low,1715.0774774607953,294.674542539862,0,Disengaged At-Risk Accounts,Low,87.6,46.5,92.4
11115,0.0090002855,Low,5776.29146470347,51.98827247874759,1,Loyal High-Value Accounts,Moderate,51.2,67.2,76.0
10064,0.0005805209,Low,3017.372105047667,1.7516475488795584,1,Loyal High-Value Accounts,Moderate,6.4,59.4,16.8
12214,0.01228023,Low,1009.2956932037426,12.394383664763374,0,Disengaged At-Risk Accounts,Low,57.1,38.8,48.5
14027,0.9530891,High,7.40713312526907,7.059657977299763,1,Loyal High-Value Accounts,Moderate,96.5,5.7,38.5
12306,0.9255273,High,877.9946747794769,812.6080184695239,0,Disengaged At-Risk Accounts,Low,94.7,37.6,96.0
12938,0.009257769,Low,194.3169662793946,1.7989416278152477,1,Loyal High-Value Accounts,High,51.8,17.4,17.2
14821,0.022185026,Low,10636.49021494268,235.9708091665501,1,Loyal High-Value Accounts,Low,68.0,81.1,91.4
13283,0.0011156613,Low,18279.53483412338,20.39377046077959,1,Loyal High-Value Accounts,High,13.2,90.9,59.1
12068,0.012648975,Low,1659.668758713686,20.993107882599073,1,Loyal High-Value Accounts,Low,57.8,45.8,59.8
12999,0.025060052,Low,217.9567388868673,5.462007221619633,0,Disengaged At-Risk Accounts,Moderate,70.5,19.9,34.1
13923,0.020513762,Low,1417.1562208175874,29.071205131094022,0,Disengaged At-Risk Accounts,Low,66.4,42.8,65.8
14310,0.063911326,Low,311.3322350930313,19.897656042812617,1,Loyal High-Value Accounts,High,82.5,27.5,58.8
14284,0.0030289895,Low,1274.7236193778626,3.8611245052642604,1,Loyal High-Value Accounts,High,29.3,41.3,28.2
12389,0.10821716,Low,9259.276123172429,1002.0125418489707,1,Loyal High-Value Accounts,Moderate,86.1,78.4,96.6
11785,0.0019214445,Low,195.04634097935946,0.37477072872112377,1,Loyal High-Value Accounts,High,21.5,17.6,7.0
11238,0.050082717,Low,165.360821385095,8.281719235339482,0,Disengaged At-Risk Accounts,Low,79.7,14.9,41.3
10104,0.011659267,Low,2401.59806325256,28.000873907073885,1,Loyal High-Value Accounts,Moderate,56.3,55.0,65.0
12223,0.022002479,Low,271.579346541186,5.975418885804044,0,Disengaged At-Risk Accounts,Low,67.8,24.8,35.6
14512,0.06597083,Low,125.81483437767781,8.300109128129492,0,Disengaged At-Risk Accounts,Moderate,82.7,11.8,41.4
10273,0.0021134797,Low,16348.40784710408,34.55202738035514,1,Loyal High-Value Accounts,High,23.1,88.8,68.8
10509,0.009679052,Low,1493.633612414609,14.456957474354082,0,Disengaged At-Risk Accounts,Low,52.7,43.6,51.8
13862,0.000177255,Low,23766.42224837337,4.212717227913759,1,Loyal High-Value Accounts,High,0.4,95.6,29.7
13885,0.0045390436,Low,1750.539531427841,7.945775331213405,1,Loyal High-Value Accounts,Moderate,37.4,47.2,40.7
11850,0.0026233068,Low,1933.4815771572871,5.072115408028003,1,Loyal High-Value Accounts,Moderate,26.5,50.0,32.8
10866,0.109797396,Low,7051.2453731338555,774.2083788756129,0,Disengaged At-Risk Accounts,Moderate,86.2,72.1,95.9
12590,0.0100607425,Low,2043.7043833396492,20.561183541678105,0,Disengaged At-Risk Accounts,Low,53.5,51.4,59.3
10909,0.0009408601,Low,14553.475825234622,13.692784348860506,1,Loyal High-Value Accounts,Moderate,11.4,86.8,50.6
12414,0.89947575,High,459.1015938030176,412.9507519305708,0,Disengaged At-Risk Accounts,Low,93.2,31.5,93.6
13934,0.0031044732,Low,21133.330041317593,65.60785740277328,1,Loyal High-Value Accounts,High,29.9,94.0,79.3
11304,0.0007248634,Low,15881.667969864377,11.512039483377206,1,Loyal High-Value Accounts,Moderate,8.7,88.4,47.1
11628,0.0004345725,Low,6218.336605282776,2.702318011659417,1,Loyal High-Value Accounts,High,4.2,69.1,22.6
11083,0.0025142161,Low,1363.8291643175428,3.4289612665267293,1,Loyal High-Value Accounts,Low,25.9,42.3,26.3
11523,0.011762108,Low,9180.412530036612,107.98100111492342,1,Loyal High-Value Accounts,Low,56.4,78.3,85.5
10836,0.0045622685,Low,8651.824317575067,39.47194554542052,1,Loyal High-Value Accounts,High,37.5,77.0,71.2
10359,0.056672357,Low,2078.83124649599,117.81226659149472,0,Disengaged At-Risk Accounts,Low,81.0,51.9,86.5
10139,0.005436957,Low,253.13738630341393,1.3762970546745366,1,Loyal High-Value Accounts,High,41.4,23.1,14.4
10300,0.007844717,Low,9162.221243653075,71.87503496348842,1,Loyal High-Value Accounts,Moderate,48.3,78.2,80.6
11557,0.06148624,Low,202.88507349274232,12.474640417840726,0,Disengaged At-Risk Accounts,Low,82.1,18.2,48.7
11004,0.0019823746,Low,15206.666769439053,30.14530968736581,1,Loyal High-Value Accounts,High,22.1,87.6,66.4
10383,0.0032602053,Low,6375.201381826541,20.78446512319883,1,Loyal High-Value Accounts,Low,30.5,69.6,59.6
10942,0.00709228,Low,2001.3913905834256,14.194427826817774,1,Loyal High-Value Accounts,Moderate,46.6,50.8,51.4
12095,0.007989446,Low,773.7381332476422,6.181738802561992,1,Loyal High-Value Accounts,Low,48.9,36.7,36.3
13996,0.004912804,Low,631.1932614951038,3.100928704652355,1,Loyal High-Value Accounts,Moderate,39.4,34.7,24.5
10762,0.0005880001,Low,479.18497700249503,0.28176082002520614,1,Loyal High-Value Accounts,Moderate,6.5,31.9,6.3
14908,0.0005948761,Low,18096.18067846962,10.764985830686497,1,Loyal High-Value Accounts,High,6.6,90.6,45.8
14748,0.004263535,Low,202.95850646985994,0.8653207246908963,1,Loyal High-Value Accounts,Moderate,35.9,18.2,10.6
12715,0.0049341046,Low,10541.747637499704,52.01408577520021,0,Disengaged At-Risk Accounts,Low,39.5,80.9,76.0
12218,0.030153336,Low,126.2992002478334,3.808342222036493,1,Loyal High-Value Accounts,Moderate,73.5,12.0,27.7
13086,0.9708128,High,624.6953279351025,606.4622189268342,0,Disengaged At-Risk Accounts,Low,98.0,34.5,95.0
10899,0.00057506864,Low,18275.91025175644,10.509902845770931,1,Loyal High-Value Accounts,High,6.3,90.8,45.5
14174,0.0010723793,Low,15142.658760108128,16.238673722302508,1,Loyal High-Value Accounts,High,12.7,87.5,54.1
13146,0.02583813,Low,1932.8164989943136,49.940362464188375,1,Loyal High-Value Accounts,Moderate,70.9,50.0,75.4
11403,0.0008349943,Low,4450.546587057861,3.71618107264964,1,Loyal High-Value Accounts,Moderate,10.0,63.6,27.3
12182,0.012691457,Low,645.699446365519,8.19486664517807,1,Loyal High-Value Accounts,Moderate,57.9,34.9,41.1
14035,0.00044360288,Low,31125.115893095113,13.807191144637509,1,Loyal High-Value Accounts,High,4.4,99.4,50.7
14523,0.0008682039,Low,6208.450531967987,5.390200810488729,1,Loyal High-Value Accounts,High,10.5,69.0,33.9
13150,0.022489427,Low,17138.403106401132,385.43285968906366,1,Loyal High-Value Accounts,Moderate,68.3,89.7,93.3
11513,0.0022722764,Low,448.1242012902088,1.018262065070263,1,Loyal High-Value Accounts,High,24.3,31.3,11.8
11189,0.0018188156,Low,6847.711252357518,12.454724019065784,1,Loyal High-Value Accounts,High,20.6,71.4,48.7
13188,0.00047868563,Low,8898.91053179275,4.259780592328699,1,Loyal High-Value Accounts,Moderate,4.9,77.6,29.8
12178,0.0023608464,Low,220.9070546940489,0.5215276207519741,1,Loyal High-Value Accounts,Moderate,24.8,20.2,8.0
14823,0.02007131,Low,4525.985619487173,90.84246459950653,1,Loyal High-Value Accounts,Low,66.0,63.9,83.6
13665,0.0013167879,Low,18315.49273458429,24.117619359283307,1,Loyal High-Value Accounts,High,15.4,91.0,62.5
12623,0.004031417,Low,27826.708357488744,112.18106401504006,1,Loyal High-Value Accounts,High,35.0,98.4,86.1
10109,0.0023461785,Low,4590.158342957284,10.769330892706812,1,Loyal High-Value Accounts,High,24.8,64.0,45.8
14282,0.31577784,Medium,-462.1179250790302,0.0,0,Disengaged At-Risk Accounts,Low,88.6,2.8,2.8
12459,0.0039740754,Low,4555.605018818972,18.104317970162274,1,Loyal High-Value Accounts,High,34.6,64.0,56.6
10431,0.03238203,Low,2079.2151303664973,67.32920681120389,0,Disengaged At-Risk Accounts,Low,74.6,51.9,79.6
10059,0.0028135665,Low,8577.377774017139,24.13302255787685,1,Loyal High-Value Accounts,High,28.0,76.7,62.5
10077,0.0008202846,Low,28927.238226569836,23.72856783295427,1,Loyal High-Value Accounts,Moderate,9.7,98.7,62.1
10797,0.008539505,Low,2318.8848898908586,19.802129814051668,1,Loyal High-Value Accounts,High,50.3,54.4,58.6
10369,0.28484562,Low,1340.2950746460638,381.7771820482496,0,Disengaged At-Risk Accounts,Low,88.4,42.2,93.3
11586,0.01293613,Low,158.67459186207165,2.0526351743732154,1,Loyal High-Value Accounts,Low,58.2,14.5,18.9
10786,0.022730416,Low,83.40630217393019,1.8958599193260448,0,Disengaged At-Risk Accounts,Low,68.6,9.6,17.8
14478,0.008842865,Low,201.9323659822571,1.7856606525487229,1,Loyal High-Value Accounts,High,50.9,18.1,17.0
14358,0.6402893,High,-502.9176220359386,0.0,0,Disengaged At-Risk Accounts,Low,89.9,2.8,2.8
12125,0.018684529,Low,2248.5823722032005,42.013702020789125,0,Disengaged At-Risk Accounts,Moderate,64.9,53.7,72.3
12155,0.0044661406,Low,3351.5790331961593,14.968623337586955,1,Loyal High-Value Accounts,Moderate,37.0,60.8,52.4
11893,0.0026621176,Low,6512.970895172632,17.338294402673487,1,Loyal High-Value Accounts,High,26.7,69.9,55.5
12241,0.0019581376,Low,1056.154600596582,2.0680960463819877,1,Loyal High-Value Accounts,High,21.9,39.3,19.0
14995,0.0009910756,Low,8719.067566571623,8.64125554657134,1,Loyal High-Value Accounts,Moderate,11.8,77.2,42.1
13726,0.010190294,Low,214.88457633674815,2.189737035622571,0,Disengaged At-Risk Accounts,Moderate,53.7,19.6,19.8
11903,0.04639183,Low,212.34691562484613,9.851161978476947,1,Loyal High-Value Accounts,Moderate,79.0,19.2,44.4
10122,0.007273344,Low,13387.700684404115,97.3733505373228,1,Loyal High-Value Accounts,Moderate,46.9,85.0,84.5
13208,0.00069988525,Low,20742.626907692465,14.517458572087287,1,Loyal High-Value Accounts,High,8.4,93.2,51.9
12522,0.030832857,Low,5395.925597355459,166.37180175144712,1,Loyal High-Value Accounts,Low,73.9,66.5,89.3
13884,0.4829271,Medium,1543.9863549757688,745.6328741109319,0,Disengaged At-Risk Accounts,Moderate,89.3,44.2,95.8
10911,0.00393847,Low,3628.8760605478833,14.292219628068565,1,Loyal High-Value Accounts,High,34.5,61.5,51.5
10125,0.0015939957,Low,27297.70616855433,43.51242687880453,1,Loyal High-Value Accounts,Moderate,18.4,98.0,73.0
12645,0.0020436067,Low,294.7796875528189,0.6024137484610788,1,Loyal High-Value Accounts,High,22.6,26.5,8.8
12122,0.0015572684,Low,17167.426934949763,26.734292078291972,1,Loyal High-Value Accounts,High,17.9,89.8,64.1
14829,0.00050386,Low,15436.455343673799,7.777812490951094,1,Loyal High-Value Accounts,High,5.2,87.9,40.3
11587,0.98134655,High,618.4703118475684,606.9337053269376,0,Disengaged At-Risk Accounts,Low,98.8,34.4,95.0
11258,0.0077874786,Low,8372.016273293248,65.19689775171828,1,Loyal High-Value Accounts,Moderate,48.2,76.0,79.2
13669,0.025658676,Low,1166.1801239135837,29.922638424520954,0,Disengaged At-Risk Accounts,Low,70.8,40.4,66.2
14615,0.03376634,Low,2125.5733119490756,71.77283213321608,0,Disengaged At-Risk Accounts,Low,75.2,52.4,80.5
13608,0.0018636325,Low,212.87012917086753,0.39671168409979185,1,Loyal High-Value Accounts,High,20.9,19.3,7.2
11179,0.0001454921,Low,14318.244066704507,2.0831914014899677,1,Loyal High-Value Accounts,High,0.3,86.4,19.1
12895,0.009997993,Low,8471.67265508383,84.69972200899683,0,Disengaged At-Risk Accounts,Low,53.3,76.5,82.8
12766,0.014830904,Low,2357.1351778019957,34.95844572902555,1,Loyal High-Value Accounts,Moderate,60.7,54.8,69.1
13699,0.0015545987,Low,12638.595672969323,19.647944182606963,1,Loyal High-Value Accounts,Moderate,17.9,83.7,58.5
12487,0.008220665,Low,2790.1682350948167,22.937038791969282,1,Loyal High-Value Accounts,High,49.4,57.9,61.4
13932,0.0049112816,Low,14004.498195161272,68.78003478099211,1,Loyal High-Value Accounts,Moderate,39.4,85.8,79.9
10443,0.0014554419,Low,6183.485559481843,8.999704170385549,1,Loyal High-Value Accounts,Low,16.8,68.9,42.8
12089,0.005093986,Low,494.1823930227068,2.517358274775758,1,Loyal High-Value Accounts,Moderate,40.2,32.3,21.5
13059,0.004171821,Low,138.2959934918854,0.5769461054011907,1,Loyal High-Value Accounts,High,35.7,12.7,8.5
10926,0.0139133325,Low,802.8705597325732,11.1706050397064,1,Loyal High-Value Accounts,High,59.5,36.8,46.5
12611,0.028566347,Low,174.24706917171955,4.977602317510165,1,Loyal High-Value Accounts,Moderate,72.7,15.7,32.5
14533,0.023823276,Low,6503.584275631189,154.93668424216196,1,Loyal High-Value Accounts,Moderate,69.3,69.9,88.8
12472,0.0041212845,Low,2748.7087160153264,11.328210533523746,1,Loyal High-Value Accounts,Low,35.5,57.6,46.7
14918,0.00046168946,Low,3512.544105753304,1.6217045860073007,1,Loyal High-Value Accounts,High,4.6,61.3,16.0
11412,0.03331019,Low,121.26909644202912,4.039496624594627,0,Disengaged At-Risk Accounts,Moderate,75.0,11.5,29.1
14749,0.000574122,Low,5943.343269401186,3.412204174450527,1,Loyal High-Value Accounts,Moderate,6.2,68.1,26.2
14271,0.0061207013,Low,7551.6581689490895,46.22144412642007,0,Disengaged At-Risk Accounts,Low,43.8,73.6,74.1
11510,0.045847215,Low,1355.3417734648817,62.13864535906993,1,Loyal High-Value Accounts,Moderate,78.7,42.3,78.5
11228,0.11535809,Low,1669.4762047194993,192.58758943355593,0,Disengaged At-Risk Accounts,Low,86.4,46.0,90.2
13839,0.02072611,Low,703.0272532370443,14.57102073630856,1,Loyal High-Value Accounts,Moderate,66.6,35.6,52.0
13362,0.09503177,Low,31.23099135317242,2.967936327294736,0,Disengaged At-Risk Accounts,Low,85.4,7.0,24.1
13743,0.00267188,Low,578.7798442889381,1.5464302608688307,1,Loyal High-Value Accounts,Moderate,26.8,33.5,15.5
12624,0.012734033,Low,2977.597459670674,37.91682481049983,1,Loyal High-Value Accounts,Moderate,58.0,59.2,70.5
13498,0.010826049,Low,262.7683969580499,2.8447436390146708,1,Loyal High-Value Accounts,Moderate,55.0,24.0,23.4
10325,0.06275754,Low,5924.288147057053,371.79373121857003,1,Loyal High-Value Accounts,Moderate,82.2,68.0,93.2
13286,0.81663674,High,7242.6096910508995,5914.581175603393,1,Loyal High-Value Accounts,Moderate,91.3,72.7,99.8
12232,0.0017095364,Low,2229.159227911339,3.8108288781936044,1,Loyal High-Value Accounts,Moderate,19.6,53.5,27.8
14156,0.0008596555,Low,287.1180003178921,0.24682256756565038,1,Loyal High-Value Accounts,High,10.4,25.9,6.0
12087,0.041295674,Low,-94.96973009153676,0.0,0,Disengaged At-Risk Accounts,Low,77.5,2.8,2.8
13516,0.0036425483,Low,459.92098599902596,1.6752844246816816,1,Loyal High-Value Accounts,High,32.8,31.5,16.3
13467,0.0005156607,Low,15203.41174459055,7.839801615763458,1,Loyal High-Value Accounts,High,5.3,87.6,40.4
11499,0.783471,High,2301.5931322573783,1803.2314459334661,0,Disengaged At-Risk Accounts,Low,90.7,54.2,98.4
11503,0.99556595,High,8.26938931657519,8.232722438074648,0,Disengaged At-Risk Accounts,Low,100.0,5.8,41.2
11007,0.012162274,Low,156.91377060052568,1.9084282331426536,1,Loyal High-Value Accounts,Moderate,57.0,14.3,17.9
14184,0.89332914,High,-76.65932491703033,0.0,0,Disengaged At-Risk Accounts,Low,92.9,2.8,2.8
13672,0.0013238512,Low,11093.174538367875,14.685712143492315,1,Loyal High-Value Accounts,Moderate,15.5,82.1,52.1
14729,0.004686051,Low,1772.5857325318134,8.306427230200418,1,Loyal High-Value Accounts,Moderate,38.2,47.6,41.4
11468,0.0016209625,Low,228.54955873502675,0.37047026806316347,1,Loyal High-Value Accounts,High,18.7,21.1,6.9
11226,0.00291168,Low,8241.435028589447,23.996420821751776,1,Loyal High-Value Accounts,Moderate,28.5,75.7,62.4
13089,0.034792304,Low,1970.450292190266,68.55650565962301,0,Disengaged At-Risk Accounts,Moderate,75.5,50.4,79.8
12304,0.007532106,Low,2544.0216695736785,19.161840324736108,0,Disengaged At-Risk Accounts,Low,47.6,56.3,57.9
12417,0.0043046046,Low,4596.528763094438,19.786238879897105,1,Loyal High-Value Accounts,High,36.2,64.1,58.6
14005,0.03841742,Low,1972.8948397669653,75.79353220310482,0,Disengaged At-Risk Accounts,Moderate,76.8,50.5,81.4
11217,0.015135157,Low,4136.676319284138,62.60924522806207,0,Disengaged At-Risk Accounts,Low,61.1,62.8,78.6
14163,0.042477746,Low,463.639962623556,19.694380365065722,0,Disengaged At-Risk Accounts,Low,77.9,31.7,58.5
13729,0.007437195,Low,10375.759756124053,77.16655027298026,1,Loyal High-Value Accounts,Moderate,47.5,80.5,81.6
10421,0.83432955,High,4063.6179157219162,3390.3964887013667,1,Loyal High-Value Accounts,Moderate,91.6,62.6,99.2
13649,0.00047197766,Low,24049.186950878804,11.350679042773063,1,Loyal High-Value Accounts,High,4.7,95.9,46.8
10007,0.0018826231,Low,6920.6377527959485,13.028952266189123,1,Loyal High-Value Accounts,High,21.1,71.6,49.7
10933,0.7924518,High,2613.470138609383,2071.0491127538953,0,Disengaged At-Risk Accounts,Low,91.0,56.8,98.8
11692,0.004152902,Low,7668.987874826741,31.848554595001367,1,Loyal High-Value Accounts,Low,35.7,73.8,67.3
10440,0.0093507385,Low,6733.982460567168,62.96770897246978,1,Loyal High-Value Accounts,Moderate,52.0,70.9,78.8
11314,0.0034772293,Low,16778.66462504189,58.343263763898484,1,Loyal High-Value Accounts,High,31.8,89.2,77.7
10679,0.009282644,Low,173.5764331204812,1.611248219265076,1,Loyal High-Value Accounts,High,51.9,15.5,15.9
11944,0.006109888,Low,6541.163795263785,39.965779485097,1,Loyal High-Value Accounts,High,43.7,70.0,71.4
13136,0.021470437,Low,9173.31580961998,196.95509757858795,1,Loyal High-Value Accounts,Low,67.2,78.2,90.4
13812,0.0018793099,Low,210.771186425315,0.3961043743615315,1,Loyal High-Value Accounts,Moderate,21.1,19.1,7.2
14751,0.0004016263,Low,8187.770086712914,3.288423902947942,1,Loyal High-Value Accounts,High,3.7,75.5,25.6
14347,0.0004971775,Low,7298.549058025015,3.628674199593569,1,Loyal High-Value Accounts,Moderate,5.1,72.8,27.0
14513,0.07949099,Low,220.840037654124,17.554793102559554,1,Loyal High-Value Accounts,Moderate,84.3,20.2,55.9
12418,0.88945675,High,-374.54848011404545,0.0,0,Disengaged At-Risk Accounts,Low,92.9,2.8,2.8
14775,0.0030040988,Low,14298.798835762922,42.95500409119393,1,Loyal High-Value Accounts,Moderate,29.1,86.3,72.7
12255,0.006376914,Low,7285.912094261605,46.461636398349185,1,Loyal High-Value Accounts,Moderate,44.6,72.8,74.3
14128,0.043491922,Low,771.0393715560778,33.533984452557696,0,Disengaged At-Risk Accounts,Low,78.1,36.6,68.1
14388,0.004022411,Low,13818.753486897253,55.58470700985503,1,Loyal High-Value Accounts,High,34.9,85.6,76.9
11087,0.002385519,Low,11606.140939438768,27.686669487243567,1,Loyal High-Value Accounts,High,25.1,82.8,64.8
11065,0.84677005,High,2129.040743637989,1802.8079329855113,0,Disengaged At-Risk Accounts,Low,91.9,52.4,98.4
14377,0.0038799217,Low,248.66531667917883,0.96480196907423,1,Loyal High-Value Accounts,High,34.2,22.6,11.3
13587,0.04270122,Low,1434.7918387288316,61.26735948792788,0,Disengaged At-Risk Accounts,Moderate,77.9,42.9,78.3
14592,0.0052781487,Low,1570.8944935413926,8.291414710662504,0,Disengaged At-Risk Accounts,Low,40.9,44.5,41.3
10195,0.004691231,Low,2505.087895787039,11.75194615601515,1,Loyal High-Value Accounts,High,38.3,56.0,47.5
11475,0.015627092,Low,1687.9246964383922,26.377354099181982,0,Disengaged At-Risk Accounts,Low,61.6,46.2,63.9
13593,0.0056137326,Low,910.4055888982584,5.1107735494144615,1,Loyal High-Value Accounts,Low,42.1,38.0,33.1
13976,0.0041112294,Low,24084.101297416124,99.01526633949246,1,Loyal High-Value Accounts,High,35.5,96.0,84.7
13120,0.0017128028,Low,241.9284957252108,0.41437580428663734,1,Loyal High-Value Accounts,High,19.7,22.0,7.3
11212,0.014426704,Low,253.68265319555374,3.6598044371899694,1,Loyal High-Value Accounts,Low,60.2,23.1,27.2
14461,0.030113174,Low,196.49055764061217,5.9169542825646015,0,Disengaged At-Risk Accounts,Low,73.5,17.7,35.4
11658,0.01735103,Low,4283.1340507570885,74.31678501341051,1,Loyal High-Value Accounts,Low,63.6,63.2,81.1
11973,0.030222049,Low,240.44856020502073,7.2668481644026395,1,Loyal High-Value Accounts,High,73.5,21.8,39.1
12875,0.0017010034,Low,31659.4199059007,53.852781098152896,1,Loyal High-Value Accounts,High,19.6,99.5,76.5
13221,0.0002718683,Low,42486.32773229401,11.550686116026005,1,Loyal High-Value Accounts,High,1.6,100.0,47.2
12880,0.010146338,Low,4484.868611195371,45.50499084730884,1,Loyal High-Value Accounts,High,53.6,63.8,73.9
12365,0.00519823,Low,609.3587867096772,3.1675871475328745,1,Loyal High-Value Accounts,High,40.6,34.2,25.0
12058,0.83434206,High,1658.0392579245995,1383.3718941185055,0,Disengaged At-Risk Accounts,Low,91.7,45.8,97.6
14357,0.016411275,Low,168.43413031520709,2.764218776667279,1,Loyal High-Value Accounts,Moderate,62.5,15.2,22.9
11131,0.0041938755,Low,11735.366789283617,49.21666694414917,1,Loyal High-Value Accounts,Low,35.8,83.0,75.0
11462,0.07497193,Low,134.1924128179167,10.060664071961355,0,Disengaged At-Risk Accounts,Moderate,83.7,12.4,44.9
10277,0.37140813,Medium,617.2475143987734,229.25074797036098,0,Disengaged At-Risk Accounts,Low,88.8,34.4,91.3
14669,0.0063048187,Low,352.1805092451786,2.220434250320564,1,Loyal High-Value Accounts,Moderate,44.4,28.9,20.0
12368,0.008900571,Low,1575.6528909233298,14.02420992782203,0,Disengaged At-Risk Accounts,Low,51.0,44.6,51.1
14190,0.95186377,High,-159.30514004119104,0.0,0,Disengaged At-Risk Accounts,Low,96.4,2.8,2.8
13106,0.0266243,Low,6099.046790074339,162.3828489268684,1,Loyal High-Value Accounts,Moderate,71.4,68.6,89.1
11303,0.0056842547,Low,886.7878555822958,5.040728028019711,1,Loyal High-Value Accounts,High,42.3,37.8,32.7
12679,0.0022960552,Low,272.9717703305497,0.6267582531140302,1,Loyal High-Value Accounts,Moderate,24.4,25.0,9.0
10223,0.0028289373,Low,8047.988882486518,22.76725559124386,1,Loyal High-Value Accounts,Moderate,28.1,75.0,61.3
14783,0.80929,High,-79.17569162275873,0.0,0,Disengaged At-Risk Accounts,Low,91.2,2.8,2.8
10049,0.0070054703,Low,6373.083552837606,44.64644779870355,1,Loyal High-Value Accounts,Moderate,46.2,69.5,73.5
10574,0.028109998,Low,1366.5323553712021,38.413221108062515,1,Loyal High-Value Accounts,Moderate,72.5,42.4,70.7
11237,0.00031866116,Low,31591.872231285517,10.06710257304889,1,Loyal High-Value Accounts,High,2.5,99.4,44.9
14907,0.010328011,Low,9627.851268058397,99.43655049030852,1,Loyal High-Value Accounts,Moderate,53.9,79.1,84.8
12267,0.0072252075,Low,10880.765542463801,78.61578900755917,1,Loyal High-Value Accounts,Moderate,46.8,81.7,81.8
13960,0.017876025,Low,653.112297220291,11.675051941860849,0,Disengaged At-Risk Accounts,Low,64.1,35.0,47.4
14692,0.0016720957,Low,601.691752338127,1.0060862132046278,1,Loyal High-Value Accounts,High,19.2,34.0,11.6
11335,0.031784393,Low,173.88886344526145,5.526951955516079,1,Loyal High-Value Accounts,Moderate,74.4,15.6,34.2
14636,0.0004747724,Low,16707.20355349796,7.932118910376671,1,Loyal High-Value Accounts,High,4.8,89.1,40.7
12618,0.004640989,Low,141.5500268996312,0.6569321185787095,1,Loyal High-Value Accounts,Low,37.9,12.9,9.3
10419,0.0017353542,Low,22705.1206277299,39.401426252651184,1,Loyal High-Value Accounts,High,19.9,94.5,71.1
10268,0.007815164,Low,2889.657214338764,22.583143827591908,1,Loyal High-Value Accounts,High,48.3,58.4,61.2
13017,0.0098341135,Low,154.4378160175496,1.5187590161676476,1,Loyal High-Value Accounts,Low,53.0,14.0,15.3
11105,0.00072640827,Low,2034.4144630953622,1.4778154843504552,1,Loyal High-Value Accounts,High,8.7,51.3,15.0
10258,0.0007460286,Low,23749.150967738708,17.71754618561195,1,Loyal High-Value Accounts,High,9.0,95.6,56.0
10296,0.006004529,Low,2163.3520913877596,12.989910529678298,1,Loyal High-Value Accounts,Moderate,43.4,52.9,49.6
13979,0.06701542,Low,145.15307230724915,9.727493657916074,0,Disengaged At-Risk Accounts,Moderate,82.8,13.3,44.2
11936,0.0020019284,Low,292.53111732030476,0.5856263511750006,1,Loyal High-Value Accounts,High,22.2,26.2,8.6
10387,0.0077091353,Low,9423.858630386076,72.64980124301745,1,Loyal High-Value Accounts,Moderate,48.1,78.7,80.9
13526,0.03940053,Low,1830.4031435200775,72.11885235099851,0,Disengaged At-Risk Accounts,Low,77.0,48.4,80.7
13297,0.0035652248,Low,1205.5534167009243,4.298068961714139,1,Loyal High-Value Accounts,Low,32.3,40.6,30.0
12678,0.0074379626,Low,802.4745186741163,5.968775435701641,1,Loyal High-Value Accounts,Low,47.5,36.8,35.6
12395,0.012921094,Low,205.77228238307444,2.6588029956704955,1,Loyal High-Value Accounts,Low,58.2,18.6,22.3
14471,0.8940967,High,2269.2795206943306,2028.9552685044905,1,Loyal High-Value Accounts,Low,93.0,53.9,98.7
13746,0.02663486,Low,6520.754391685564,173.67938542799777,1,Loyal High-Value Accounts,Low,71.4,70.0,89.5
12054,0.012800054,Low,755.8888458489588,9.675417813074155,1,Loyal High-Value Accounts,Moderate,58.0,36.4,44.1
14521,0.0067015016,Low,531.1000306519804,3.5591676796897493,1,Loyal High-Value Accounts,High,45.5,32.8,26.7
11564,0.010640588,Low,1749.0620091319254,18.611047626903723,0,Disengaged At-Risk Accounts,Low,54.7,47.2,57.2
14102,0.007329052,Low,581.8762011973689,4.264600847984298,1,Loyal High-Value Accounts,Moderate,47.2,33.7,29.9
11401,0.13704115,Low,1773.1152496346033,242.98975559396393,0,Disengaged At-Risk Accounts,Low,87.0,47.6,91.6
10713,0.003937716,Low,115.78507421912353,0.45592875438525443,1,Loyal High-Value Accounts,Moderate,34.4,11.3,7.5
13133,0.00047519998,Low,19300.626446836883,9.171657309793563,1,Loyal High-Value Accounts,High,4.8,91.4,43.1
12693,0.0062432233,Low,4403.182899165513,27.4900541777489,1,Loyal High-Value Accounts,Moderate,44.2,63.4,64.6
10210,0.21889766,Low,2492.280105089109,545.5542721181538,0,Disengaged At-Risk Accounts,Low,88.1,55.8,94.6
10910,0.0030773294,Low,17165.33455530936,52.82338816025898,1,Loyal High-Value Accounts,High,29.6,89.8,76.2
11290,0.007307114,Low,320.02015643179294,2.3384237908168246,1,Loyal High-Value Accounts,Moderate,47.1,28.0,20.6
13725,0.0090310145,Low,1198.2776255584283,10.821662631754128,1,Loyal High-Value Accounts,High,51.2,40.5,45.9
14326,0.0020737525,Low,9155.121205919611,18.98545513154077,1,Loyal High-Value Accounts,Moderate,22.8,78.1,57.6
11843,0.018697828,Low,137.3113268298602,2.5674235789901063,1,Loyal High-Value Accounts,High,64.9,12.7,21.8
10450,0.007987767,Low,11407.829280082888,91.12308748943258,1,Loyal High-Value Accounts,High,48.8,82.5,83.7
14222,0.00070065336,Low,18440.3181827178,12.920270821061711,1,Loyal High-Value Accounts,High,8.4,91.1,49.5
13025,0.020449309,Low,155.42796607245063,3.1783944554881813,0,Disengaged At-Risk Accounts,Low,66.3,14.2,25.0
10959,0.9894029,High,21.690013813354156,21.460162355527288,0,Disengaged At-Risk Accounts,Low,99.6,6.3,60.1
11794,0.0025869345,Low,2211.238291591075,5.720328585936646,1,Loyal High-Value Accounts,Low,26.3,53.4,34.7
10332,0.012141782,Low,228.3710360773561,2.7728313029878833,1,Loyal High-Value Accounts,Moderate,56.9,21.0,23.0
14987,0.007060742,Low,4161.692725899554,29.38463864459939,1,Loyal High-Value Accounts,Moderate,46.5,62.9,66.0
12922,0.0012069076,Low,23911.609876380062,28.859102734384397,1,Loyal High-Value Accounts,High,14.2,95.7,65.6
12246,0.001225986,Low,104.63139039140023,0.12827662525308442,1,Loyal High-Value Accounts,High,14.5,10.7,5.6
11775,0.008384278,Low,801.0423033606963,6.716161396466044,1,Loyal High-Value Accounts,Moderate,49.9,36.8,37.6
12532,0.0024489963,Low,7943.342149735251,19.45321550377345,1,Loyal High-Value Accounts,High,25.7,74.7,58.2
14437,0.0035682179,Low,6102.872666648558,21.776379226969976,0,Disengaged At-Risk Accounts,Low,32.3,68.6,60.5
13946,0.13204809,Low,242.9417413630122,32.0799917941875,0,Disengaged At-Risk Accounts,Moderate,86.9,22.1,67.4
12592,0.004382016,Low,157.49087120349643,0.6901275390820727,1,Loyal High-Value Accounts,Moderate,36.6,14.3,9.7
13617,0.784258,High,511.52402478306067,401.1668127221605,0,Disengaged At-Risk Accounts,Low,90.8,32.5,93.5
13791,0.00082234124,Low,3076.68000763409,2.530080865489566,1,Loyal High-Value Accounts,High,9.8,59.8,21.6
13957,0.0021927601,Low,902.9081738543397,1.9798610349407273,1,Loyal High-Value Accounts,High,23.7,37.9,18.5
13804,0.0012388593,Low,3959.7982881737344,4.905632771461293,1,Loyal High-Value Accounts,High,14.6,62.3,32.1
11367,0.0015721748,Low,1439.6285455249188,2.263347771049014,1,Loyal High-Value Accounts,High,18.1,43.0,20.3
10174,0.014668624,Low,5943.45609657309,87.18232224667126,1,Loyal High-Value Accounts,Moderate,60.5,68.1,83.2
13037,0.016165283,Low,617.9887142880208,9.98996219603348,1,Loyal High-Value Accounts,Moderate,62.2,34.4,44.8
13551,0.010367252,Low,1621.5988213320027,16.811523514390142,1,Loyal High-Value Accounts,Low,54.0,45.3,54.7
12587,0.96817744,High,1555.6710287829424,1506.1655906792046,0,Disengaged At-Risk Accounts,Low,97.8,44.3,97.9
11953,0.0018901557,Low,4596.120427962548,8.687383314852406,1,Loyal High-Value Accounts,High,21.2,64.1,42.2
12524,0.3242826,Medium,5288.415117508846,1714.940933185745,1,Loyal High-Value Accounts,High,88.7,66.1,98.2
12037,0.00567352,Low,5790.548677908152,32.85279258478398,1,Loyal High-Value Accounts,Moderate,42.3,67.3,67.7
14265,0.0005907639,Low,5369.221285244407,3.1719422562515214,1,Loyal High-Value Accounts,Moderate,6.6,66.4,25.0
13517,0.0073489808,Low,378.51251581289745,2.781681194089464,1,Loyal High-Value Accounts,High,47.3,30.0,23.0
13170,0.0027130547,Low,10387.749422796796,28.18253188903924,1,Loyal High-Value Accounts,Moderate,27.3,80.6,65.2
10001,0.051089913,Low,1813.9634669448697,92.67523508189086,1,Loyal High-Value Accounts,High,80.0,48.2,83.9
11357,0.9435703,High,1976.9351353067616,1865.3773100123638,0,Disengaged At-Risk Accounts,Low,95.8,50.5,98.5
13618,0.0016161398,Low,301.4395381603628,0.4871684288251065,1,Loyal High-Value Accounts,High,18.7,26.9,7.8
12380,0.0033320752,Low,11241.644055756455,37.458003334495054,1,Loyal High-Value Accounts,Moderate,31.0,82.4,70.4
14494,0.0009176531,Low,4868.9423906195125,4.468000017740945,1,Loyal High-Value Accounts,Moderate,11.2,64.7,30.6
10397,0.007391674,Low,6737.270903792192,49.79971002511422,0,Disengaged At-Risk Accounts,Low,47.4,71.0,75.2
13689,0.004668476,Low,8438.897425487521,39.3967906039613,1,Loyal High-Value Accounts,Moderate,38.1,76.3,71.1
12513,0.0019854172,Low,24073.294225329613,47.795532735586555,1,Loyal High-Value Accounts,High,22.1,96.0,74.7
11813,0.01059171,Low,12423.373328594631,131.5847673483701,1,Loyal High-Value Accounts,Moderate,54.6,83.5,87.5
12941,0.2337441,Low,2623.9570825294895,613.3344860023172,1,Loyal High-Value Accounts,Low,88.2,56.9,95.1
13686,0.0010966465,Low,28445.156527008774,31.19428232236753,1,Loyal High-Value Accounts,High,13.0,98.6,66.9
10817,0.004138804,Low,10025.651556474728,41.49420717408376,1,Loyal High-Value Accounts,High,35.6,79.7,72.1
11573,0.004220655,Low,293.7834971917392,1.2399588415606502,1,Loyal High-Value Accounts,Moderate,35.8,26.4,13.5
13164,0.0002824307,Low,1070.2378341855324,0.3022680219497352,1,Loyal High-Value Accounts,Moderate,1.8,39.6,6.4
11801,0.004406922,Low,10470.114664044979,46.14097898210689,1,Loyal High-Value Accounts,High,36.8,80.7,74.1
14075,0.007856413,Low,126.91669748987658,0.9971099655148609,1,Loyal High-Value Accounts,Moderate,48.4,12.0,11.5
13734,0.016175121,Low,9089.903544794051,147.03029034216217,1,Loyal High-Value Accounts,Moderate,62.2,78.0,88.4
12463,0.0026596664,Low,20579.84289898648,54.73551568734562,1,Loyal High-Value Accounts,High,26.7,92.8,76.8
14460,0.0059838598,Low,390.63352810775217,2.3374962522019116,1,Loyal High-Value Accounts,Moderate,43.3,30.3,20.6
13668,0.0037866265,Low,308.9791130958615,1.1699884990580425,1,Loyal High-Value Accounts,High,33.7,27.4,12.9
12593,0.011846342,Low,6837.896494396243,81.00406128142512,1,Loyal High-Value Accounts,Moderate,56.5,71.4,82.3
12485,0.0037685009,Low,8848.561000311203,33.345809845231706,1,Loyal High-Value Accounts,Low,33.5,77.5,68.1
13222,0.028038764,Low,5571.236879133242,156.2105981172209,1,Loyal High-Value Accounts,Moderate,72.4,66.8,88.8
13376,0.96986693,High,-84.89429535333798,0.0,0,Disengaged At-Risk Accounts,Low,98.0,2.8,2.8
10555,0.0013021568,Low,225.69178657876068,0.29388610141504395,1,Loyal High-Value Accounts,High,15.3,20.7,6.3
11160,0.008992714,Low,445.509832781052,4.006342455175164,1,Loyal High-Value Accounts,High,51.1,31.3,28.9
11214,0.95617706,High,-402.3718256751492,0.0,0,Disengaged At-Risk Accounts,Low,96.8,2.8,2.8
14077,0.0023768514,Low,7210.060364146804,17.13724201948668,1,Loyal High-Value Accounts,High,25.0,72.5,55.3
13837,0.0046350677,Low,479.2973513694515,2.2215756512439593,1,Loyal High-Value Accounts,Moderate,37.8,32.0,20.0
12464,0.009714934,Low,539.942295317961,5.245503786356562,1,Loyal High-Value Accounts,Moderate,52.7,32.9,33.5
12520,0.002403969,Low,20772.28612514117,49.935930764518346,1,Loyal High-Value Accounts,Moderate,25.4,93.3,75.3
10701,0.00082575384,Low,20652.553284310583,17.05392524116943,1,Loyal High-Value Accounts,High,9.8,92.9,55.1
14239,0.9017979,High,-123.12160466106496,0.0,0,Disengaged At-Risk Accounts,Low,93.4,2.8,2.8
13272,0.0055820504,Low,6595.085567248706,36.81410016286447,1,Loyal High-Value Accounts,Moderate,42.0,70.3,70.0
13529,0.021328654,Low,28.509812423532413,0.6080759287844691,1,Loyal High-Value Accounts,Moderate,67.1,6.7,8.9
11456,0.001697113,Low,262.79072374305366,0.4459855637852304,1,Loyal High-Value Accounts,High,19.4,24.0,7.4
14327,0.0056565255,Low,1981.60836008923,11.20901820532906,1,Loyal High-Value Accounts,High,42.2,50.6,46.6
12672,0.9681082,High,-529.4500699146715,0.0,0,Disengaged At-Risk Accounts,Low,97.8,2.8,2.8
13033,0.0012290716,Low,984.9951959420636,1.2106296612720178,1,Loyal High-Value Accounts,High,14.5,38.5,13.2
10867,0.0030000655,Low,5831.880627202376,17.496023586871427,1,Loyal High-Value Accounts,Low,29.0,67.5,55.8
11645,0.022503594,Low,750.0648735729022,16.87915534096371,1,Loyal High-Value Accounts,High,68.3,36.2,54.8
13008,0.0011096157,Low,15806.735293666237,17.53940112268289,1,Loyal High-Value Accounts,High,13.2,88.2,55.8
10475,0.005818547,Low,223.4567081866365,1.3001934071623007,1,Loyal High-Value Accounts,Moderate,42.7,20.5,14.0
11491,0.0026736492,Low,269.25557953220755,0.7198949726496611,1,Loyal High-Value Accounts,High,26.8,24.6,9.9
12315,0.9401045,High,2529.771106450859,2378.249162079973,0,Disengaged At-Risk Accounts,Low,95.5,56.2,98.9
10730,0.033471964,Low,1890.8423061562582,63.290206167984614,0,Disengaged At-Risk Accounts,Low,75.1,49.3,78.8
12893,0.0020795441,Low,10708.624416974128,22.269056974540295,1,Loyal High-Value Accounts,Moderate,22.9,81.3,60.9
13041,0.33249632,Medium,-30.77244044170383,0.0,0,Disengaged At-Risk Accounts,Low,88.7,2.8,2.8
11937,0.93329453,High,-378.67810038073463,0.0,0,Disengaged At-Risk Accounts,Low,95.2,2.8,2.8
11111,0.00066283543,Low,26367.671503287012,17.47742691286779,1,Loyal High-Value Accounts,High,7.7,97.2,55.7
14195,0.0006492903,Low,27113.778720734248,17.604712862481023,1,Loyal High-Value Accounts,High,7.5,97.8,55.9
14611,0.015760452,Low,759.6223588215037,11.971991386492617,1,Loyal High-Value Accounts,Low,61.8,36.4,47.9
11186,0.011807478,Low,231.9245475412233,2.738444000407894,1,Loyal High-Value Accounts,Moderate,56.4,21.3,22.8
12008,0.7461164,High,6029.448246887172,4498.670218536936,1,Loyal High-Value Accounts,High,90.4,68.4,99.5
10194,0.041350134,Low,702.5419457578654,29.05020339893131,1,Loyal High-Value Accounts,Moderate,77.5,35.5,65.8
11516,0.0035536268,Low,15075.466209801989,53.57258113810632,1,Loyal High-Value Accounts,High,32.3,87.5,76.4
10579,0.028579779,Low,-192.563206878686,0.0,1,Loyal High-Value Accounts,High,72.7,2.8,2.8
12124,0.007899152,Low,2582.3537006163065,20.398404695868766,1,Loyal High-Value Accounts,High,48.5,56.5,59.2
11430,0.21035582,Low,1474.429737366499,310.15487388776467,0,Disengaged At-Risk Accounts,Moderate,88.0,43.4,92.6
13828,0.019081568,Low,1944.7340221360664,37.10857515706749,0,Disengaged At-Risk Accounts,Low,65.2,50.2,70.2
12732,0.00063769426,Low,18233.27767109501,11.627256547729022,1,Loyal High-Value Accounts,High,7.3,90.8,47.3
11847,0.075844675,Low,241.42915099942115,18.31111556611067,0,Disengaged At-Risk Accounts,Low,83.8,22.0,56.9
10132,0.079547256,Low,97.91536865533256,7.788898919408721,1,Loyal High-Value Accounts,Moderate,84.3,10.4,40.3
10179,0.0033015762,Low,2552.5890801487717,8.427567471736243,1,Loyal High-Value Accounts,Moderate,30.8,56.3,41.7
14606,0.014476459,Low,298.37109750058875,4.319356823112912,0,Disengaged At-Risk Accounts,Low,60.3,26.7,30.1
14906,0.054808017,Low,258.9489107049355,14.192476265463805,1,Loyal High-Value Accounts,Moderate,80.6,23.6,51.4
12684,0.065373264,Low,145.10662540719966,9.486093767626189,0,Disengaged At-Risk Accounts,Low,82.7,13.3,43.8
12526,0.0030464313,Low,175.21923675695174,0.5337933752549414,1,Loyal High-Value Accounts,High,29.4,15.9,8.1
14982,0.005395465,Low,21221.578524788165,114.50028555027342,1,Loyal High-Value Accounts,High,41.3,94.0,86.2
12074,0.010066719,Low,10077.434240402496,101.44669666724492,1,Loyal High-Value Accounts,Moderate,53.5,79.9,85.0
10659,0.0038524875,Low,6093.348712269375,23.474550001465822,1,Loyal High-Value Accounts,High,34.1,68.6,61.8
11897,0.0039963434,Low,463.39836143953056,1.851898961020489,1,Loyal High-Value Accounts,High,34.8,31.6,17.6
13536,0.00698639,Low,180.02173696937572,1.25770203917566,0,Disengaged At-Risk Accounts,Moderate,46.2,16.3,13.6
13307,0.002332406,Low,225.67327865441288,0.5263616833745961,1,Loyal High-Value Accounts,High,24.7,20.6,8.1
10343,0.005510275,Low,689.5225059075542,3.799458479028157,1,Loyal High-Value Accounts,Moderate,41.7,35.3,27.6
13144,0.00033582235,Low,17885.97267720508,6.006509332702505,1,Loyal High-Value Accounts,High,2.8,90.4,35.8
10728,0.0026614948,Low,24875.142316331036,66.20506120325916,1,Loyal High-Value Accounts,High,26.7,96.5,79.4
14033,0.0036126543,Low,10273.087019625053,37.11311182768337,1,Loyal High-Value Accounts,Moderate,32.5,80.3,70.2
10977,0.028886063,Low,165.9882531163016,4.794747140827824,0,Disengaged At-Risk Accounts,Low,72.9,14.9,31.8
12169,0.02187541,Low,2043.3831349154473,44.69984265654641,0,Disengaged At-Risk Accounts,Low,67.6,51.4,73.6
14723,0.0004465096,Low,26284.87289339242,11.736448055057568,1,Loyal High-Value Accounts,High,4.4,97.1,47.5
11929,0.009743393,Low,30848.167077068538,300.5658274644478,1,Loyal High-Value Accounts,High,52.8,99.3,92.5
14579,0.98106444,High,534.4585420808057,524.3382696589997,0,Disengaged At-Risk Accounts,Moderate,98.7,32.9,94.4
14797,0.001970207,Low,26616.966330427826,52.44093566758605,1,Loyal High-Value Accounts,High,22.0,97.4,76.1
11300,0.9647016,High,-153.53688233771322,0.0,0,Disengaged At-Risk Accounts,Low,97.5,2.8,2.8
13363,0.018182945,Low,10082.557738239233,183.33058783704627,1,Loyal High-Value Accounts,Moderate,64.3,79.9,89.8
14740,0.019274995,Low,246.19695111288428,4.745444935476652,1,Loyal High-Value Accounts,Low,65.5,22.4,31.7
10661,0.0010306853,Low,18814.974293446754,19.39231674088426,1,Loyal High-Value Accounts,High,12.3,91.2,58.1
11791,0.000927864,Low,8893.259497953268,8.25173525805602,1,Loyal High-Value Accounts,Moderate,11.2,77.6,41.2
12687,0.0058879363,Low,4399.569132031164,25.90438295108157,1,Loyal High-Value Accounts,High,43.0,63.4,63.7
14332,0.019208806,Low,3962.936198724307,76.12327118746569,1,Loyal High-Value Accounts,Moderate,65.4,62.3,81.4
13173,0.042621024,Low,2193.6617843116633,93.4961114538425,1,Loyal High-Value Accounts,Low,77.9,53.3,84.0
12331,0.00066347944,Low,1758.66624251426,1.166838895217304,1,Loyal High-Value Accounts,Moderate,7.7,47.3,12.9
13254,0.09728744,Low,1686.1136383356813,164.03767741607268,0,Disengaged At-Risk Accounts,Low,85.6,46.1,89.1
12878,0.016131412,Low,1328.5209514154967,21.4309191339474,0,Disengaged At-Risk Accounts,Low,62.1,42.1,60.0
13834,0.049969625,Low,24.571098748028938,1.227808583592762,0,Disengaged At-Risk Accounts,Low,79.7,6.4,13.3
13403,0.5114941,Medium,565.7811427418004,289.3937164567825,0,Disengaged At-Risk Accounts,Low,89.4,33.3,92.3
11279,0.026313148,Low,155.0544570472047,4.0799709444008725,1,Loyal High-Value Accounts,Moderate,71.2,14.1,29.3
13274,0.031789724,Low,263.8538774872541,8.38784188458633,1,Loyal High-Value Accounts,Moderate,74.4,24.2,41.6
11622,0.023679543,Low,1909.8398386548242,45.22413512982743,0,Disengaged At-Risk Accounts,Low,69.2,49.7,73.7
13215,0.0016882134,Low,262.629702718384,0.4433749930488568,1,Loyal High-Value Accounts,High,19.3,23.9,7.4
13015,0.005818955,Low,17068.29705873407,99.31965480880555,1,Loyal High-Value Accounts,Moderate,42.7,89.7,84.7
10068,0.01039568,Low,1922.4149685112845,19.984810114888724,0,Disengaged At-Risk Accounts,Moderate,54.0,49.8,58.9
12749,0.00633232,Low,4904.3983507289395,31.056220554699387,0,Disengaged At-Risk Accounts,Low,44.4,64.8,66.8
12278,0.0036756685,Low,231.1234049257479,0.8495330191824053,1,Loyal High-Value Accounts,High,33.0,21.2,10.5
14041,0.19956024,Low,3873.306916507915,772.9580575075628,0,Disengaged At-Risk Accounts,Moderate,87.9,62.1,95.8
10821,0.010587563,Low,259.07170175610554,2.7429379138343504,1,Loyal High-Value Accounts,Moderate,54.6,23.6,22.8
11227,0.96831304,High,1247.3978159523988,1207.871569194963,0,Disengaged At-Risk Accounts,Low,97.8,41.1,97.2
14136,0.9242648,High,159.1549373253946,147.10130450609867,1,Loyal High-Value Accounts,High,94.6,14.5,88.4
14320,0.3895332,Medium,1716.5775250965494,668.6639225278371,0,Disengaged At-Risk Accounts,Low,88.9,46.5,95.4
12790,0.33570287,Medium,-343.80827941242075,0.0,0,Disengaged At-Risk Accounts,Low,88.8,2.8,2.8
14624,0.018356925,Low,185.4362167893323,3.4040387009972517,1,Loyal High-Value Accounts,Low,64.5,16.6,26.1
14597,0.024909683,Low,26.915868734522533,0.6704657463235603,0,Disengaged At-Risk Accounts,Low,70.4,6.6,9.5
14404,0.00044881587,Low,15731.972941799711,7.060759182850305,1,Loyal High-Value Accounts,Moderate,4.4,88.1,38.5
13569,0.057510994,Low,124.17070123035191,7.141180499967786,1,Loyal High-Value Accounts,Moderate,81.2,11.7,38.8
11144,0.00047773545,Low,450.64440793808205,0.21528880808352682,1,Loyal High-Value Accounts,Moderate,4.9,31.4,5.9
10398,0.010004367,Low,14076.828071785885,140.8297506791797,1,Loyal High-Value Accounts,High,53.4,85.8,88.0
13097,0.00028376293,Low,20949.634567455283,5.944729666964278,1,Loyal High-Value Accounts,High,1.8,93.8,35.5
14436,0.008006133,Low,10951.713509823512,87.68087646129356,1,Loyal High-Value Accounts,Moderate,48.9,81.8,83.3
12940,0.0006462615,Low,7676.427878414929,4.960979782542149,1,Loyal High-Value Accounts,High,7.4,73.8,32.4
11399,0.0010602368,Low,17044.561704320437,18.071272027011528,1,Loyal High-Value Accounts,High,12.6,89.6,56.5
11660,0.022042427,Low,1581.619561097587,34.862734052568776,1,Loyal High-Value Accounts,High,67.8,44.8,69.0
10980,0.0016003951,Low,4974.738756627372,7.961547396478377,1,Loyal High-Value Accounts,High,18.5,65.0,40.8
11299,0.006718721,Low,14899.284117426014,100.104129733832,1,Loyal High-Value Accounts,Moderate,45.5,87.2,84.8
13667,0.00021888265,Low,26665.69805342608,5.836658586286743,1,Loyal High-Value Accounts,Moderate,1.0,97.4,35.2
10083,0.0016964475,Low,8703.690560965197,14.76535402831669,1,Loyal High-Value Accounts,Low,19.4,77.2,52.2
12322,0.00033797187,Low,18277.639532024314,6.1773279964275964,1,Loyal High-Value Accounts,Moderate,2.8,90.9,36.2
13715,0.017706592,Low,10652.235702279013,188.6147875900612,1,Loyal High-Value Accounts,Low,63.9,81.2,90.0
13986,0.0016389241,Low,223.01724918267146,0.3655083490679033,1,Loyal High-Value Accounts,Moderate,18.9,20.5,6.9
14031,0.92060417,High,1674.8887366906963,1541.9095542262032,0,Disengaged At-Risk Accounts,Low,94.4,46.0,98.0
12439,0.053787228,Low,66.52755133994856,3.5783325535772814,0,Disengaged At-Risk Accounts,Low,80.5,8.6,26.8
10424,0.00070512394,Low,20737.061646884795,14.622198554889685,1,Loyal High-Value Accounts,High,8.4,93.2,52.1
13462,0.014179302,Low,189.05458906970628,2.6806621846493908,1,Loyal High-Value Accounts,Moderate,59.8,17.0,22.5
11905,0.003735305,Low,10284.671104617093,38.416383842028765,1,Loyal High-Value Accounts,Moderate,33.3,80.3,70.7
14678,0.0007362489,Low,201.00666161590752,0.14799093597770346,1,Loyal High-Value Accounts,Moderate,8.8,18.1,5.6
13572,0.0009162203,Low,3416.105232035186,3.1299049808635195,1,Loyal High-Value Accounts,Moderate,11.1,61.0,24.8
13348,0.0017724835,Low,2897.85874799127,5.136406704683298,1,Loyal High-Value Accounts,Moderate,20.2,58.4,33.2
11566,0.98143446,High,-353.50790139413044,0.0,0,Disengaged At-Risk Accounts,Low,98.8,2.8,2.8
13576,0.91427046,High,-113.88160842005315,0.0,0,Disengaged At-Risk Accounts,Low,94.0,2.8,2.8
10840,0.03413188,Low,226.65984195932322,7.73632671914475,0,Disengaged At-Risk Accounts,Low,75.3,20.8,40.2
10501,0.015672054,Low,696.0190588734658,10.908048374361709,1,Loyal High-Value Accounts,Moderate,61.7,35.4,46.1
10142,0.110689856,Low,44.6157305058701,4.938508790026678,0,Disengaged At-Risk Accounts,Low,86.2,7.7,32.4
11378,0.015595355,Low,810.0632306243853,12.633223711651864,1,Loyal High-Value Accounts,Low,61.5,37.0,49.0
13941,0.0040669246,Low,13579.50847624539,55.226836596426764,1,Loyal High-Value Accounts,Moderate,35.2,85.3,76.9
14122,0.8879395,High,3888.224943484417,3452.508561700804,1,Loyal High-Value Accounts,Low,92.8,62.2,99.2
11139,0.0015822621,Low,1380.1612860299967,2.1837769033844476,1,Loyal High-Value Accounts,High,18.2,42.5,19.7
14403,0.0010395765,Low,860.1716101871884,0.8942141780607534,1,Loyal High-Value Accounts,High,12.4,37.4,10.8
11788,0.004080972,Low,259.5866719566632,1.0593659835932385,1,Loyal High-Value Accounts,Moderate,35.3,23.7,12.0
11479,0.024395095,Low,-107.42729418565746,0.0,0,Disengaged At-Risk Accounts,Low,69.9,2.8,2.8
10551,0.959074,High,607.2358340736944,582.3841127073475,0,Disengaged At-Risk Accounts,Low,97.0,34.1,94.8
13306,0.0022652359,Low,20559.093016640527,46.5711950546828,1,Loyal High-Value Accounts,High,24.2,92.7,74.3
12020,0.1924151,Low,3249.494403710357,625.2518014156899,0,Disengaged At-Risk Accounts,Low,87.8,60.5,95.2
10949,0.0011039412,Low,8499.656609934586,9.383121413007066,1,Loyal High-Value Accounts,High,13.1,76.6,43.4
12410,0.053907774,Low,1740.9405353641687,93.85022960471112,1,Loyal High-Value Accounts,Moderate,80.5,46.9,84.1
10533,0.12816279,Low,-2.863159470607474,0.0,0,Disengaged At-Risk Accounts,Low,86.9,2.8,2.8
14664,0.0038795369,Low,12921.7395595295,50.13036510507281,1,Loyal High-Value Accounts,Moderate,34.2,84.2,75.4
11830,0.035300612,Low,51.79313355269834,1.8283293350965608,0,Disengaged At-Risk Accounts,Low,75.6,8.0,17.4
13108,0.8699931,High,-85.55924265639493,0.0,1,Loyal High-Value Accounts,Moderate,92.4,2.8,2.8
14891,0.013304069,Low,4795.460008970413,63.799129440676005,1,Loyal High-Value Accounts,High,58.8,64.5,78.9
14113,0.0018560817,Low,2674.0027270682876,4.963167402816528,1,Loyal High-Value Accounts,High,20.9,57.2,32.5
11603,0.0073856204,Low,13854.663034045658,102.32528168559918,1,Loyal High-Value Accounts,Low,47.4,85.7,85.0
10640,0.011420929,Low,315.2791217186931,3.6007804243294848,1,Loyal High-Value Accounts,Moderate,55.9,27.7,26.9
14981,0.01349585,Low,6745.202529373246,91.03224409753172,1,Loyal High-Value Accounts,Moderate,59.1,71.0,83.6
10968,0.0022019646,Low,30656.14669527048,67.50375019546212,1,Loyal High-Value Accounts,High,23.8,99.2,79.7
14370,0.95747095,High,35.525177222538645,34.0143253072597,0,Disengaged At-Risk Accounts,Low,96.9,7.3,68.5
12907,0.013727213,Low,2171.903977569776,29.81418907178761,1,Loyal High-Value Accounts,Moderate,59.4,53.0,66.2
11684,0.002838389,Low,20548.173975210262,58.323711324228334,1,Loyal High-Value Accounts,High,28.2,92.6,77.7
14610,0.0052808453,Low,5939.457619437034,31.365357049506457,1,Loyal High-Value Accounts,Moderate,40.9,68.1,67.0
13907,0.020301295,Low,5142.015617647595,104.389578233425,0,Disengaged At-Risk Accounts,Moderate,66.1,65.5,85.2
10156,0.008528418,Low,7995.26459016994,68.18695770724715,1,Loyal High-Value Accounts,High,50.2,74.9,79.8
12649,0.006109584,Low,14395.27115120213,87.94912007017017,1,Loyal High-Value Accounts,High,43.7,86.5,83.4
13190,0.0013425888,Low,9859.221877795126,13.23688089744441,1,Loyal High-Value Accounts,Moderate,15.6,79.4,50.0
11090,0.11117367,Low,-548.8116707719532,0.0,0,Disengaged At-Risk Accounts,Low,86.3,2.8,2.8
12828,0.0006127671,Low,15664.745420965031,9.59884097191755,1,Loyal High-Value Accounts,High,7.0,88.0,44.0
14373,0.024777088,Low,77.41434131165231,1.9181019714717706,0,Disengaged At-Risk Accounts,Low,70.2,9.1,18.0
10289,0.9314257,High,1519.053065229901,1414.8850504171878,0,Disengaged At-Risk Accounts,Low,95.0,43.9,97.7
10931,0.0040493943,Low,281.27250046339213,1.1389832544185508,1,Loyal High-Value Accounts,High,35.1,25.6,12.7
12700,0.007980415,Low,254.17335340952394,2.0284087573156104,0,Disengaged At-Risk Accounts,Low,48.8,23.2,18.8
13117,0.0016261936,Low,6248.280585247614,10.160914147554855,1,Loyal High-Value Accounts,High,18.7,69.2,45.0
14138,0.07944142,Low,1373.0572070793996,109.07761527934763,1,Loyal High-Value Accounts,Low,84.3,42.4,85.7
12577,0.0021278963,Low,215.26956859811978,0.45807131763140746,0,Disengaged At-Risk Accounts,Moderate,23.2,19.7,7.6
13690,0.038657144,Low,1765.466331018804,68.24788567696854,0,Disengaged At-Risk Accounts,Low,76.8,47.5,79.8
10943,0.0023509134,Low,19444.61006041003,45.712593584909534,1,Loyal High-Value Accounts,Moderate,24.8,91.7,74.0
14103,0.0020683303,Low,13310.316408812932,27.530130743870814,1,Loyal High-Value Accounts,High,22.7,84.9,64.7
14807,0.12061011,Low,1.4349294415703095,0.17306699845255757,0,Disengaged At-Risk Accounts,Low,86.6,5.5,5.7
11699,0.029563848,Low,90.28677074356796,2.6692243602849324,1,Loyal High-Value Accounts,Moderate,73.3,9.9,22.4
14855,0.0005948861,Low,21203.05010475788,12.613399319169249,1,Loyal High-Value Accounts,Moderate,6.7,94.0,49.0
13151,0.006702079,Low,2717.3744326859787,18.212058044387206,1,Loyal High-Value Accounts,High,45.5,57.4,56.8
13933,0.7020522,High,1070.8514501367304,751.7935907398419,0,Disengaged At-Risk Accounts,Low,90.2,39.6,95.8
13367,0.013585038,Low,11165.693848532037,151.68637022443642,1,Loyal High-Value Accounts,Moderate,59.2,82.2,88.7
13271,0.004862819,Low,7885.222522543234,38.34440885286546,1,Loyal High-Value Accounts,Low,39.2,74.5,70.6
10986,0.013461315,Low,8425.066241391045,113.41247118687501,1,Loyal High-Value Accounts,Moderate,59.0,76.2,86.2
12953,0.0015460287,Low,2057.2630281595025,3.1805875867047835,1,Loyal High-Value Accounts,Moderate,17.7,51.6,25.1
14865,0.009428582,Low,6374.922948974158,60.10648475118947,1,Loyal High-Value Accounts,High,52.2,69.6,78.1
12370,0.07147372,Low,154.81095379739682,11.064914406959561,0,Disengaged At-Risk Accounts,Low,83.3,14.0,46.3
14925,0.38979805,Medium,1899.938382723518,740.5922675070132,0,Disengaged At-Risk Accounts,Low,88.9,49.5,95.7
10982,0.0050484478,Low,7744.736278647687,39.098896473074085,1,Loyal High-Value Accounts,Low,40.1,74.1,70.9
12654,0.012514048,Low,7105.283302670283,88.91585812202497,1,Loyal High-Value Accounts,Moderate,57.6,72.2,83.4
12586,0.09947991,Low,1817.9556646917006,180.85007265495,0,Disengaged At-Risk Accounts,Low,85.7,48.3,89.8
13372,0.0007317658,Low,36070.04841560451,26.39482842837453,1,Loyal High-Value Accounts,High,8.8,99.8,64.0
13134,0.00038852566,Low,19482.38483572415,7.56940641144688,1,Loyal High-Value Accounts,Moderate,3.6,91.7,39.7
13758,0.00516931,Low,16821.961997191145,86.95793874956522,1,Loyal High-Value Accounts,High,40.5,89.3,83.2
12527,0.1090206,Low,2622.5056797408374,285.9071380741206,0,Disengaged At-Risk Accounts,Moderate,86.2,56.8,92.2
14097,0.009396269,Low,11026.297958595811,103.60606154057405,1,Loyal High-Value Accounts,Moderate,52.1,82.0,85.2
11458,0.96860373,High,19.928168397662688,19.302498246064136,0,Disengaged At-Risk Accounts,Low,97.8,6.2,58.0
11396,0.0060319924,Low,204.24824435503496,1.232023853491341,1,Loyal High-Value Accounts,High,43.5,18.4,13.3
10265,0.0014194382,Low,6763.410997072109,9.60024369896757,1,Loyal High-Value Accounts,Low,16.4,71.2,44.0
12550,0.00032660388,Low,16854.73773833242,5.504822807074295,1,Loyal High-Value Accounts,High,2.6,89.4,34.2
10930,0.0011137633,Low,8485.585406480111,9.450933705543614,1,Loyal High-Value Accounts,High,13.2,76.5,43.6
13264,0.24588944,Low,-149.68194384069864,0.0,0,Disengaged At-Risk Accounts,Moderate,88.2,2.8,2.8
12423,0.005140957,Low,6428.0666486165355,33.04641395657837,1,Loyal High-Value Accounts,Low,40.4,69.7,67.8
12179,0.0017572698,Low,362.80555077052657,0.6375472527409578,1,Loyal High-Value Accounts,Low,20.0,29.5,9.2
14073,0.027538365,Low,147.56205281292043,4.063617634082407,0,Disengaged At-Risk Accounts,Low,72.2,13.5,29.2
10247,0.0022224647,Low,2317.960921359055,5.151586214134634,1,Loyal High-Value Accounts,Moderate,24.0,54.4,33.3
13827,0.02860496,Low,222.6025135480174,6.367536011313498,1,Loyal High-Value Accounts,High,72.8,20.4,36.7
11759,0.009436891,Low,7208.377782509308,68.02467840625307,1,Loyal High-Value Accounts,Moderate,52.3,72.5,79.7
11185,0.0036896383,Low,2794.788746346866,10.311759707879796,1,Loyal High-Value Accounts,High,33.1,57.9,45.2
14644,0.0004675582,Low,17933.42041414962,8.384917547481802,1,Loyal High-Value Accounts,High,4.7,90.5,41.5
10924,0.040275708,Low,2143.4708628767926,86.32980623874931,0,Disengaged At-Risk Accounts,Low,77.2,52.7,83.1
14204,0.0054274425,Low,7696.838635440247,41.774149056778604,1,Loyal High-Value Accounts,Moderate,41.3,73.9,72.3
10269,0.0022080916,Low,163.57563704683304,0.3611899821841965,1,Loyal High-Value Accounts,High,23.8,14.8,6.8
10670,0.94560814,High,931.2020677540507,880.5522543573255,0,Disengaged At-Risk Accounts,Low,95.9,38.2,96.3
12916,0.008058297,Low,142.99065438859745,1.1522612253275006,1,Loyal High-Value Accounts,High,49.1,13.0,12.7
11911,0.0033228875,Low,280.0083310344954,0.930436173911833,1,Loyal High-Value Accounts,High,30.9,25.4,11.1
14913,0.048208922,Low,43.417190545178855,2.093095958866592,0,Disengaged At-Risk Accounts,Low,79.4,7.7,19.2
11153,0.0005682825,Low,20672.790631822452,11.74798513072919,1,Loyal High-Value Accounts,High,6.1,93.0,47.5
14965,0.00028953466,Low,20362.820640770664,5.895742252448725,1,Loyal High-Value Accounts,Low,1.9,92.5,35.3
13683,0.94614995,High,1286.4546339810138,1217.1789815194443,0,Disengaged At-Risk Accounts,Low,96.0,41.4,97.2
14374,0.0109406505,Low,1980.3838426825746,21.6666874350793,1,Loyal High-Value Accounts,High,55.2,50.5,60.3
11782,0.004912615,Low,7037.798888584277,34.573995137042765,1,Loyal High-Value Accounts,High,39.4,72.0,68.8
13948,0.000999975,Low,264.92563263292044,0.2649190143146144,1,Loyal High-Value Accounts,High,11.9,24.3,6.1
14111,0.22149962,Low,-29.234194904300793,0.0,0,Disengaged At-Risk Accounts,Low,88.1,2.8,2.8
11916,0.0035123294,Low,2651.627125168298,9.313387967736071,1,Loyal High-Value Accounts,High,31.9,57.0,43.3
10613,0.0015834732,Low,12773.489242015932,20.22647756374709,1,Loyal High-Value Accounts,Moderate,18.3,83.9,59.1
12560,0.0065525556,Low,161.38651454100292,1.057494109348771,1,Loyal High-Value Accounts,High,45.0,14.7,12.0
12268,0.023463814,Low,13.825693301034498,0.3244034903406544,0,Disengaged At-Risk Accounts,Low,69.1,6.0,6.6
13869,0.0043299664,Low,11584.322748313643,50.15972804907819,1,Loyal High-Value Accounts,High,36.3,82.8,75.5
11899,0.0018008874,Low,5619.344032594424,10.119805881862948,1,Loyal High-Value Accounts,High,20.4,66.9,45.0
11650,0.005862984,Low,6472.156077163062,37.946146716739065,1,Loyal High-Value Accounts,Moderate,42.9,69.8,70.5
12610,0.028145397,Low,143.2678669435542,4.032331004213344,0,Disengaged At-Risk Accounts,Low,72.5,13.1,29.0
10259,0.0013501548,Low,2224.4850219908785,3.003399020925806,1,Loyal High-Value Accounts,Moderate,15.7,53.5,24.2
10848,0.00026730896,Low,2484.457004937328,0.6641176232867206,1,Loyal High-Value Accounts,High,1.5,55.8,9.4
14385,0.004739272,Low,4379.9846463117865,20.757938342960564,1,Loyal High-Value Accounts,Moderate,38.5,63.3,59.5
11234,0.004297239,Low,1306.5043484601035,5.61436114538319,1,Loyal High-Value Accounts,High,36.1,41.7,34.4
11128,0.0038435662,Low,12869.066085516313,49.463107045299495,1,Loyal High-Value Accounts,Moderate,34.0,84.0,75.1
14735,0.97683334,High,1927.636393688674,1882.9795035104844,1,Loyal High-Value Accounts,Low,98.3,49.9,98.5
11968,0.0030888608,Low,147.8110871836929,0.45656786894969276,1,Loyal High-Value Accounts,Moderate,29.8,13.5,7.5
10559,0.012498272,Low,2230.7616139252527,27.88066464072367,1,Loyal High-Value Accounts,Moderate,57.6,53.6,64.9
10905,0.004828617,Low,5894.325888939263,28.461442053758287,1,Loyal High-Value Accounts,Moderate,39.1,67.8,65.5
10485,0.0018624753,Low,3079.8886283484476,5.736216494821291,1,Loyal High-Value Accounts,High,20.9,59.8,34.7
12212,0.056164023,Low,1278.6724270764694,71.81538700931553,0,Disengaged At-Risk Accounts,Low,80.9,41.4,80.6
11321,0.84068894,High,-462.1179250790302,0.0,0,Disengaged At-Risk Accounts,Low,91.8,2.8,2.8
12506,0.012889896,Low,362.71219497325023,4.675322321757369,1,Loyal High-Value Accounts,High,58.1,29.5,31.4
10008,0.008428912,Low,315.89911756065624,2.6626857612326558,0,Disengaged At-Risk Accounts,Moderate,50.0,27.8,22.4
14093,0.006442527,Low,4486.111062497819,28.901890842338158,1,Loyal High-Value Accounts,Low,44.7,63.8,65.7
14180,0.04816199,Low,3733.4862833935867,179.8121325575474,0,Disengaged At-Risk Accounts,Moderate,79.4,61.7,89.7
13401,0.00019502631,Low,6539.263262812151,1.2753283868385814,1,Loyal High-Value Accounts,High,0.6,70.0,13.8
11451,0.0046473527,Low,11230.812547652526,52.193547383976465,1,Loyal High-Value Accounts,High,38.0,82.4,76.1
11202,0.017823644,Low,2728.0295838513393,48.62342807604956,1,Loyal High-Value Accounts,Moderate,64.0,57.5,74.9
11815,0.2860991,Low,996.9835869446166,285.23611299468627,1,Loyal High-Value Accounts,Low,88.4,38.6,92.2
10774,0.018670412,Low,8375.132919127422,156.36718031633373,1,Loyal High-Value Accounts,Moderate,64.9,76.0,88.8
12275,0.09000418,Low,44.31843755841103,3.988844779881104,0,Disengaged At-Risk Accounts,Low,85.2,7.7,28.8
11012,0.013461744,Low,205.68304487845512,2.7688525801960817,1,Loyal High-Value Accounts,Moderate,59.0,18.5,22.9
13002,0.89894813,High,26.358956384652732,23.695334629595617,1,Loyal High-Value Accounts,Moderate,93.2,6.6,62.1
12606,0.0031482996,Low,195.19126217512266,0.614520580809356,1,Loyal High-Value Accounts,High,30.1,17.6,8.9
11992,0.004865965,Low,253.98258565601864,1.2358703405686744,1,Loyal High-Value Accounts,High,39.3,23.2,13.4
11278,0.009356597,Low,293.3010823304823,2.7443001556293605,1,Loyal High-Value Accounts,High,52.1,26.3,22.8
11784,0.00084213703,Low,24617.299544419642,20.73113951005232,1,Loyal High-Value Accounts,High,10.2,96.3,59.5
13313,0.91752326,High,-24.787966483634435,0.0,0,Disengaged At-Risk Accounts,Low,94.2,2.8,2.8
10447,0.06568575,Low,3204.2975096492287,210.47668211303244,1,Loyal High-Value Accounts,Moderate,82.7,60.3,90.9
10881,0.059900433,Low,2508.4015086131717,150.25433606503395,0,Disengaged At-Risk Accounts,Low,81.7,56.1,88.6
12039,0.023549326,Low,863.330664823578,20.330855068135868,1,Loyal High-Value Accounts,Moderate,69.1,37.4,59.1
10782,0.69164705,High,-82.64744402532206,0.0,0,Disengaged At-Risk Accounts,Low,90.1,2.8,2.8
11750,0.9948218,High,-497.83690129343995,0.0,0,Disengaged At-Risk Accounts,Low,99.9,2.8,2.8
13615,0.00703626,Low,8489.80357738256,59.73646416075321,1,Loyal High-Value Accounts,High,46.3,76.6,78.0
13514,0.0026804195,Low,5847.251521145809,15.67308687335071,1,Loyal High-Value Accounts,Moderate,27.0,67.6,53.4
11900,0.00032649087,Low,4821.070100640527,1.57403538934507,1,Loyal High-Value Accounts,High,2.6,64.6,15.6
14457,0.0003536034,Low,2966.62867736594,1.0490099600855758,1,Loyal High-Value Accounts,Moderate,3.1,59.1,11.9
10884,0.010253169,Low,1310.9698665147905,13.441595126639266,0,Disengaged At-Risk Accounts,Low,53.8,41.8,50.3
12528,0.0050309673,Low,252.64993044714961,1.271073537206542,1,Loyal High-Value Accounts,Moderate,40.0,23.0,13.7
11092,0.037404463,Low,13710.126423651875,512.8199123588897,1,Loyal High-Value Accounts,Moderate,76.4,85.4,94.3
13130,0.010445673,Low,9637.65955440207,100.6718403707754,1,Loyal High-Value Accounts,Low,54.2,79.1,84.9
10532,0.0038599079,Low,240.49890673183083,0.9283036190564021,1,Loyal High-Value Accounts,Moderate,34.1,21.8,11.0
14582,0.008471406,Low,6355.8358172643175,53.842866090056866,1,Loyal High-Value Accounts,Low,50.1,69.5,76.5
14572,0.010024458,Low,207.66948339194573,2.081774049435014,1,Loyal High-Value Accounts,Moderate,53.4,18.8,19.1
13543,0.009169467,Low,10738.398631361077,98.46538966603006,1,Loyal High-Value Accounts,Moderate,51.6,81.4,84.6
14227,0.00088216324,Low,302.36286438595175,0.2667334030088508,1,Loyal High-Value Accounts,High,10.7,27.0,6.2
12291,0.0022211687,Low,7445.044959566481,16.536700963598076,1,Loyal High-Value Accounts,High,24.0,73.2,54.5
11728,0.08806281,Low,7187.644283531488,632.9641379206325,1,Loyal High-Value Accounts,Moderate,85.0,72.5,95.3
10611,0.005033603,Low,14128.705843863416,71.11829524659976,1,Loyal High-Value Accounts,Moderate,40.0,86.0,80.3
10571,0.11130621,Low,747.1326526496761,83.1605060573799,0,Disengaged At-Risk Accounts,Low,86.3,36.1,82.6
12846,0.007456661,Low,4699.692858657763,35.04401740053322,1,Loyal High-Value Accounts,Low,47.6,64.3,69.1
13230,0.025325732,Low,42.314794016863516,1.071653145839634,0,Disengaged At-Risk Accounts,Low,70.5,7.5,12.1
10344,0.010629129,Low,2273.758948017243,24.168076411060905,1,Loyal High-Value Accounts,High,54.7,53.9,62.6
13201,0.006189581,Low,5168.739277870759,31.99233046323098,1,Loyal High-Value Accounts,High,44.0,65.7,67.3
13350,0.026583502,Low,1739.9375533481561,46.253633549562714,0,Disengaged At-Risk Accounts,Low,71.3,46.9,74.2
10435,0.0042623575,Low,237.85188570765723,1.0138097652601936,1,Loyal High-Value Accounts,High,35.9,21.7,11.7
11904,0.0005260201,Low,23218.83363022769,12.213573855494705,1,Loyal High-Value Accounts,High,5.5,95.2,48.3
14055,0.024555275,Low,3989.378041403884,97.96027575012657,1,Loyal High-Value Accounts,Moderate,70.0,62.4,84.5
14152,0.9835638,High,625.5509473553416,615.2692548542124,0,Disengaged At-Risk Accounts,Low,99.1,34.5,95.1
12070,0.07033808,Low,69.09261790356574,4.859841936490738,0,Disengaged At-Risk Accounts,Low,83.2,8.8,32.0
11538,0.004802548,Low,2785.137216783511,13.375754782750526,1,Loyal High-Value Accounts,Moderate,39.0,57.8,50.1
12400,0.17501946,Low,239.59041283762906,41.93298418157304,1,Loyal High-Value Accounts,Moderate,87.6,21.8,72.3
12498,0.012347395,Low,4730.894307697406,58.414218830449265,1,Loyal High-Value Accounts,High,57.2,64.4,77.7
11518,0.062502734,Low,206.83800770089587,12.927941051517598,0,Disengaged At-Risk Accounts,Low,82.2,18.7,49.5
10966,0.045286708,Low,83.40630217393019,3.7771968168873653,0,Disengaged At-Risk Accounts,Low,78.6,9.6,27.5
14543,0.0005552412,Low,8408.205489248752,4.668582016834097,1,Loyal High-Value Accounts,Moderate,5.8,76.1,31.3
10529,0.003536125,Low,2102.105744939924,7.433308564967159,1,Loyal High-Value Accounts,Moderate,32.1,52.2,39.5
10177,0.87382805,High,309.48512608974715,270.43678531029116,0,Disengaged At-Risk Accounts,Low,92.5,27.4,92.0
13712,0.003759985,Low,7064.272041967151,26.561557557728158,1,Loyal High-Value Accounts,Moderate,33.5,72.1,64.1
12708,0.00033433244,Low,23611.83477071704,7.894202217466075,1,Loyal High-Value Accounts,High,2.8,95.4,40.5
14432,0.01198453,Low,1152.5010235961342,13.812182982855404,1,Loyal High-Value Accounts,Moderate,56.7,40.2,50.8
10573,0.92241764,High,587.0093344956109,541.4677653861211,0,Disengaged At-Risk Accounts,Low,94.4,33.8,94.6
14319,0.90728486,High,2012.6915427749518,1826.084556242173,1,Loyal High-Value Accounts,Low,93.6,51.0,98.5
13739,0.011505437,Low,4950.786254994463,56.960959770905035,1,Loyal High-Value Accounts,Moderate,56.0,64.9,77.2
14287,0.01306766,Low,1792.277916975216,23.42087830464256,1,Loyal High-Value Accounts,Moderate,58.5,47.9,61.7
12620,0.9475258,High,-324.9225452919712,0.0,1,Loyal High-Value Accounts,Moderate,96.0,2.8,2.8
12375,0.8364506,High,1904.387651219274,1592.9261492793114,0,Disengaged At-Risk Accounts,Low,91.7,49.6,98.1
13424,0.053603027,Low,-24.19679674943403,0.0,0,Disengaged At-Risk Accounts,Low,80.4,2.8,2.8
12751,0.0045717545,Low,263.1239564116873,1.2029381279330973,1,Loyal High-Value Accounts,High,37.6,24.1,13.1
12209,0.0015149674,Low,809.1384945325336,1.2258184530752227,1,Loyal High-Value Accounts,Moderate,17.6,36.9,13.2
14766,0.0026248666,Low,23760.20508783615,62.36736761918753,1,Loyal High-Value Accounts,High,26.5,95.6,78.6
14248,0.0015864877,Low,18389.611280827063,29.174893016781233,1,Loyal High-Value Accounts,Moderate,18.4,91.1,65.9
10384,0.9162351,High,13.736866170309678,12.586198802284176,0,Disengaged At-Risk Accounts,Low,94.1,6.0,49.0
10853,0.007324376,Low,8234.489643818277,60.31249950120482,1,Loyal High-Value Accounts,Moderate,47.2,75.7,78.2
11881,0.016728045,Low,3562.1526065263283,59.587850590877714,0,Disengaged At-Risk Accounts,Low,62.8,61.4,78.0
10371,0.03576932,Low,6756.002962466407,241.6576388063791,1,Loyal High-Value Accounts,Low,75.9,71.1,91.6
13557,0.054528065,Low,44.506918464401615,2.426876144125156,0,Disengaged At-Risk Accounts,Low,80.6,7.7,21.0
13275,0.008795211,Low,2341.582445745036,20.594711898800664,1,Loyal High-Value Accounts,Moderate,50.8,54.6,59.4
14459,0.006443061,Low,6451.094913502095,41.56479762221833,1,Loyal High-Value Accounts,High,44.7,69.8,72.2
11106,0.0007468587,Low,1168.324717029579,0.8725734953244637,1,Loyal High-Value Accounts,Moderate,9.0,40.4,10.7
13247,0.008256653,Low,1553.7918364931757,12.829120531227401,0,Disengaged At-Risk Accounts,Low,49.6,44.3,49.4
12362,0.035936832,Low,247.19957389622687,8.883569663376397,1,Loyal High-Value Accounts,High,75.9,22.5,42.6
14150,0.89400226,High,1542.4620095684047,1378.9645206328182,0,Disengaged At-Risk Accounts,Low,93.0,44.2,97.5
11337,0.0058584358,Low,2452.3575644454454,14.366979254756068,1,Loyal High-Value Accounts,High,42.9,55.5,51.7
12190,0.005729247,Low,108.06534690545139,0.6191330520895927,1,Loyal High-Value Accounts,Moderate,42.5,11.0,9.0
14734,0.0020273197,Low,1040.4131497164726,2.109250120576017,1,Loyal High-Value Accounts,High,22.4,39.2,19.4
12471,0.8168808,High,15.192743569370066,12.41066085814278,0,Disengaged At-Risk Accounts,Low,91.3,6.0,48.6
13546,0.9439605,High,25.189683821901355,23.77806622912184,0,Disengaged At-Risk Accounts,Low,95.8,6.5,62.2
14202,0.008196456,Low,2282.024695602377,18.704515825010517,0,Disengaged At-Risk Accounts,Low,49.3,54.1,57.3
14997,0.00055853854,Low,30878.420352025823,17.24678772850228,1,Loyal High-Value Accounts,High,5.9,99.3,55.5
11172,0.0022132653,Low,755.8741324842488,1.6729499743623393,1,Loyal High-Value Accounts,Moderate,23.9,36.3,16.3
14129,0.0072914446,Low,8409.53662690273,61.31767023563977,1,Loyal High-Value Accounts,High,47.0,76.1,78.3
14090,0.0108865015,Low,1739.366168577092,18.93561243956802,1,Loyal High-Value Accounts,High,55.2,46.9,57.6
11423,0.98198223,High,-247.9985501122136,0.0,0,Disengaged At-Risk Accounts,Low,98.8,2.8,2.8
12493,0.0022073488,Low,246.14619350589217,0.5433305101974097,1,Loyal High-Value Accounts,High,23.8,22.3,8.2
12823,0.00023158372,Low,24817.867673092715,5.747414096903397,1,Loyal High-Value Accounts,Moderate,1.1,96.4,34.8
14607,0.013213835,Low,1639.5171496052646,21.66430864421227,1,Loyal High-Value Accounts,Moderate,58.7,45.5,60.3
11465,0.009152318,Low,8780.591564352959,80.36276930680651,1,Loyal High-Value Accounts,Moderate,51.5,77.4,82.1
10875,0.079515435,Low,6212.229744493671,493.9681492207133,1,Loyal High-Value Accounts,Moderate,84.3,69.0,94.2
12298,0.0037909534,Low,21047.87300867358,79.79150636413983,1,Loyal High-Value Accounts,High,33.7,93.9,81.9
12971,0.028554877,Low,85.91932540732995,2.45341579180855,0,Disengaged At-Risk Accounts,Low,72.7,9.7,21.1
14476,0.02735804,Low,198.52809585507407,5.431339629929554,1,Loyal High-Value Accounts,Moderate,72.0,17.9,34.0
11252,0.00022963653,Low,4946.622819846221,1.1359252865343141,1,Loyal High-Value Accounts,High,1.1,64.9,12.6
12949,0.001626752,Low,5593.829626398379,9.099773351754486,1,Loyal High-Value Accounts,Moderate,18.8,66.8,43.0
10841,0.0007562656,Low,14419.256337774403,10.90478748175157,1,Loyal High-Value Accounts,High,9.1,86.5,46.1
14962,0.0029022028,Low,9999.266282916466,29.019898342637305,1,Loyal High-Value Accounts,Moderate,28.5,79.6,65.7
10582,0.024900436,Low,2281.2988578155855,56.80533712154859,0,Disengaged At-Risk Accounts,Low,70.3,54.1,77.2
10205,0.022987895,Low,1304.0088862838338,29.976418983854906,1,Loyal High-Value Accounts,Moderate,68.9,41.7,66.3
11642,0.0011346359,Low,20486.15148504375,23.244322530122204,1,Loyal High-Value Accounts,High,13.5,92.5,61.6
12015,0.015183231,Low,59.46205769339546,0.9028261494896617,0,Disengaged At-Risk Accounts,Low,61.1,8.2,10.9
10906,0.002392216,Low,919.4377499585669,2.199493592636205,1,Loyal High-Value Accounts,Moderate,25.2,38.1,19.9
10632,0.015001869,Low,64.19792306032603,0.9630888208536634,1,Loyal High-Value Accounts,Low,61.0,8.5,11.2
13300,0.00038610373,Low,23152.87950772946,8.939413039990782,1,Loyal High-Value Accounts,High,3.5,95.1,42.7
11975,0.0009871023,Low,25384.067618493376,25.056670960381442,1,Loyal High-Value Accounts,Moderate,11.8,96.7,63.0
10163,0.0009252266,Low,24000.91413325316,22.20628424528423,1,Loyal High-Value Accounts,High,11.2,95.8,60.8
14048,0.0005959027,Low,15920.780078347927,9.487235434090792,1,Loyal High-Value Accounts,Moderate,6.7,88.4,43.8
13050,0.0024046472,Low,369.70813127283026,0.8890176155879557,1,Loyal High-Value Accounts,High,25.4,29.6,10.7
14635,0.0066861687,Low,463.4575381759939,3.0987552961020923,1,Loyal High-Value Accounts,Moderate,45.4,31.7,24.5
10618,0.78707904,High,1306.601054675262,1028.3982988584974,0,Disengaged At-Risk Accounts,Low,90.8,41.7,96.7
10876,0.026896818,Low,10885.141860286358,292.775675271482,1,Loyal High-Value Accounts,Moderate,71.7,81.8,92.4
11432,0.005260463,Low,11176.387791673938,58.792973028819496,1,Loyal High-Value Accounts,Moderate,40.8,82.3,77.8
10548,0.00761319,Low,5047.623026593962,38.42851306964319,1,Loyal High-Value Accounts,Moderate,47.8,65.2,70.7
13980,0.0012190355,Low,2656.2958585425686,3.2381188850265112,1,Loyal High-Value Accounts,Moderate,14.3,57.0,25.3
14686,0.14714082,Low,1515.055475942818,222.92649879440646,0,Disengaged At-Risk Accounts,Low,87.2,43.9,91.2
14355,0.024901241,Low,150.0775423207718,3.7371170596329546,1,Loyal High-Value Accounts,Moderate,70.4,13.7,27.4
13559,0.7689806,High,16040.459425688567,12334.802471008592,1,Loyal High-Value Accounts,Moderate,90.6,88.5,100.0
14942,0.005319315,Low,230.6707158441072,1.227010200884606,1,Loyal High-Value Accounts,High,41.0,21.2,13.3
12639,0.0026827087,Low,1642.607122351938,4.4066363676402,1,Loyal High-Value Accounts,Moderate,27.0,45.5,30.5
14371,0.00382111,Low,2606.851258089316,9.961065116777469,1,Loyal High-Value Accounts,High,33.8,56.6,44.7
11862,0.0045649977,Low,90.32700530813949,0.41234257510074457,1,Loyal High-Value Accounts,Moderate,37.6,10.0,7.2
10641,0.037581272,Low,7882.571285063108,296.23705885978137,1,Loyal High-Value Accounts,Moderate,76.5,74.5,92.4
13186,0.0025866823,Low,560.7621808952225,1.4505136230230675,1,Loyal High-Value Accounts,High,26.2,33.2,14.8
10638,0.017140273,Low,250.8032072892984,4.298835443410566,1,Loyal High-Value Accounts,Moderate,63.3,22.8,30.1
13748,0.016742459,Low,104.91067003082506,1.7564625462297392,1,Loyal High-Value Accounts,Moderate,62.8,10.7,16.8
13687,0.95425475,High,1137.2985446232485,1085.2725343227098,0,Disengaged At-Risk Accounts,Low,96.5,40.0,96.9
12309,0.02213616,Low,5607.125079799029,124.12021365175471,1,Loyal High-Value Accounts,Moderate,67.9,66.9,87.0
13185,0.0023610329,Low,27241.357065556836,64.31773969981492,1,Loyal High-Value Accounts,High,24.9,97.9,79.0
12097,0.0013731465,Low,21039.55047637478,28.89038602837878,1,Loyal High-Value Accounts,High,16.0,93.9,65.7
12641,0.015665082,Low,12874.589519775065,201.68150390345102,1,Loyal High-Value Accounts,Moderate,61.7,84.1,90.5
13280,0.0020620802,Low,21363.937083673783,44.054151551179,1,Loyal High-Value Accounts,High,22.7,94.2,73.2
13917,0.029442344,Low,1046.6301759994035,30.815245536931716,0,Disengaged At-Risk Accounts,Low,73.3,39.2,66.7
13708,0.006494903,Low,8971.561916850147,58.269424459211045,1,Loyal High-Value Accounts,Moderate,44.8,77.8,77.6
10922,0.0032184357,Low,6580.281318656123,21.178212195905814,1,Loyal High-Value Accounts,Moderate,30.3,70.2,59.9
10547,0.06896683,Low,94.70362626354138,6.531408730640527,0,Disengaged At-Risk Accounts,Low,83.0,10.2,37.2
13909,0.98305583,High,1658.1275312570785,1630.0319364888144,0,Disengaged At-Risk Accounts,Low,99.0,45.8,98.2
11901,0.00029135784,Low,10178.278789841504,2.9655212775469035,1,Loyal High-Value Accounts,High,2.0,80.1,24.0
12029,0.06122112,Low,491.58688235812406,30.095499031752123,0,Disengaged At-Risk Accounts,Low,81.9,32.2,66.4
12302,0.0101065645,Low,245.6713851715875,2.4828936999028786,1,Loyal High-Value Accounts,Moderate,53.6,22.3,21.3
11886,0.56844825,Medium,1058.832726224211,601.8916055269867,0,Disengaged At-Risk Accounts,Low,89.6,39.4,94.9
11643,0.0033829568,Low,283.80201786602106,0.960089978102066,0,Disengaged At-Risk Accounts,Low,31.3,25.7,11.2
13740,0.0079396395,Low,82.45376521639093,0.6546531713407993,0,Disengaged At-Risk Accounts,Moderate,48.7,9.4,9.3
14957,0.0071516177,Low,180.30741301122134,1.2894896806650344,1,Loyal High-Value Accounts,Moderate,46.6,16.3,13.8
12098,0.90252626,High,1445.4796973385269,1304.5833843098223,0,Disengaged At-Risk Accounts,Low,93.5,43.1,97.4
14900,0.00803597,Low,324.2312237533487,2.605512361354682,1,Loyal High-Value Accounts,Moderate,49.0,28.1,21.9
13797,0.0014102772,Low,10965.509384924793,15.464407993742812,1,Loyal High-Value Accounts,Low,16.3,81.9,53.2
14634,0.0005903969,Low,27425.13629169646,16.191716233080502,1,Loyal High-Value Accounts,High,6.6,98.1,54.0
14192,0.0046405485,Low,13524.790304057993,62.762445222898634,1,Loyal High-Value Accounts,High,37.9,85.3,78.7
10837,0.007951768,Low,975.8217442974404,7.759508232386982,1,Loyal High-Value Accounts,Moderate,48.7,38.5,40.3
10602,0.0010020254,Low,4464.891541772736,4.473934917352319,1,Loyal High-Value Accounts,High,12.0,63.7,30.7
12185,0.9942258,High,355.42777086135067,353.37545984013036,0,Disengaged At-Risk Accounts,Low,99.9,29.1,93.1
14267,0.9806857,High,1098.7794490115368,1077.5573050838614,0,Disengaged At-Risk Accounts,Low,98.7,39.8,96.8
12643,0.002483889,Low,9421.097388747896,23.400960123814375,1,Loyal High-Value Accounts,Moderate,25.8,78.7,61.7
14442,0.014695325,Low,435.64130851903684,6.401890583804114,0,Disengaged At-Risk Accounts,Low,60.6,31.2,36.8
11583,0.96642035,High,-486.0621695595647,0.0,0,Disengaged At-Risk Accounts,Low,97.6,2.8,2.8
14401,0.004756218,Low,2885.5725405849967,13.724411545452242,1,Loyal High-Value Accounts,Moderate,38.6,58.4,50.6
13051,0.0010014824,Low,7890.192077847416,7.9018882128819214,1,Loyal High-Value Accounts,High,12.0,74.5,40.5
14131,0.032132886,Low,10661.095613936846,342.5717737307673,1,Loyal High-Value Accounts,Moderate,74.5,81.2,93.0
11071,0.015238635,Low,105.55299893686761,1.60848364949659,1,Loyal High-Value Accounts,Moderate,61.2,10.8,15.9
11776,0.0043403395,Low,3002.993597388794,13.034011584934895,0,Disengaged At-Risk Accounts,Low,36.4,59.4,49.7
14956,0.00037518135,Low,17664.835414508507,6.627516784691813,1,Loyal High-Value Accounts,Moderate,3.4,90.0,37.4
11284,0.0056397663,Low,9117.79828108431,51.42225186735675,1,Loyal High-Value Accounts,Moderate,42.2,78.0,75.8
13253,0.003823005,Low,174.9966602656049,0.6690130889477692,1,Loyal High-Value Accounts,High,33.8,15.8,9.5
13492,0.009306584,Low,600.5762414988834,5.589312971787959,1,Loyal High-Value Accounts,High,51.9,33.9,34.3
14901,0.015720943,Low,177.5209205139914,2.7907962707537926,0,Disengaged At-Risk Accounts,Low,61.8,16.1,23.1
11837,0.0009640864,Low,18141.458459106438,17.489933129414446,1,Loyal High-Value Accounts,Moderate,11.7,90.7,55.7
14375,0.0034449757,Low,1177.706375988221,4.057169856059255,1,Loyal High-Value Accounts,High,31.5,40.4,29.2
11020,0.66519773,High,95.48619396449011,63.51719947766708,0,Disengaged At-Risk Accounts,Low,89.9,10.3,78.9
14233,0.0026419016,Low,2731.9621427884413,7.217575174459594,1,Loyal High-Value Accounts,High,26.6,57.5,39.0
11327,0.08788754,Low,103.25265525169296,9.074621915997689,0,Disengaged At-Risk Accounts,Low,85.0,10.6,43.0
10476,0.16868076,Low,1790.2018572320778,301.9726049694245,0,Disengaged At-Risk Accounts,Low,87.5,47.8,92.5
14467,0.00012731529,Low,4374.083654987441,0.5568877220624028,1,Loyal High-Value Accounts,High,0.1,63.3,8.4
11652,0.012297507,Low,213.08526001866628,2.6204175566853545,1,Loyal High-Value Accounts,High,57.1,19.3,22.1
14789,0.0014962058,Low,2382.271555277496,3.5643685297817593,1,Loyal High-Value Accounts,High,17.3,54.9,26.7
14420,0.05791793,Low,16.2362969298386,0.9403727120582269,0,Disengaged At-Risk Accounts,Low,81.4,6.1,11.1
12781,0.0010561394,Low,238.0832965841736,0.2514491398592304,1,Loyal High-Value Accounts,Moderate,12.6,21.7,6.0
13011,0.00067408703,Low,2279.8749768299526,1.5368341526947338,1,Loyal High-Value Accounts,High,7.9,54.0,15.5
12752,0.011472717,Low,2762.8011751459535,31.696835809492285,1,Loyal High-Value Accounts,High,55.9,57.7,67.2
11374,0.007854945,Low,200.4238618262579,1.5743184166116393,1,Loyal High-Value Accounts,Moderate,48.4,18.0,15.6
10740,0.014670512,Low,2498.4007709584475,36.65281776078151,0,Disengaged At-Risk Accounts,Moderate,60.5,55.9,70.0
13857,0.018031215,Low,1054.6069013215833,19.01584408952855,1,Loyal High-Value Accounts,Moderate,64.2,39.3,57.7
12597,0.000532957,Low,22399.01235877933,11.937711028534391,1,Loyal High-Value Accounts,High,5.6,94.4,47.8
10868,0.017758535,Low,332.8115478769408,5.910245595001087,1,Loyal High-Value Accounts,Moderate,64.0,28.4,35.4
11141,0.11768119,Low,-20.26455447993382,0.0,0,Disengaged At-Risk Accounts,Low,86.5,2.8,2.8
10998,0.0037110643,Low,15275.383481849049,56.68793101302437,1,Loyal High-Value Accounts,High,33.1,87.7,77.2
11338,0.007894564,Low,14580.187669600793,115.10423081313178,1,Loyal High-Value Accounts,Moderate,48.5,86.9,86.3
10542,0.0023040848,Low,11079.829761222461,25.528867692298927,1,Loyal High-Value Accounts,Moderate,24.5,82.1,63.4
11100,0.001372438,Low,16724.537546836178,22.953391540085008,1,Loyal High-Value Accounts,High,15.9,89.2,61.4
11133,0.0018743549,Low,354.8556794011141,0.6651254817594385,1,Loyal High-Value Accounts,Moderate,21.0,29.0,9.4
10861,0.009543746,Low,2343.1100155701124,22.362046319660752,1,Loyal High-Value Accounts,Moderate,52.4,54.7,61.0
12891,0.0012414007,Low,16924.053036967518,21.009531650506894,1,Loyal High-Value Accounts,High,14.7,89.4,59.8
12259,0.0015571594,Low,246.78370967413878,0.3842815619287062,1,Loyal High-Value Accounts,High,17.9,22.4,7.1
14170,0.0053834007,Low,3713.934143037751,19.993595710553148,0,Disengaged At-Risk Accounts,Low,41.2,61.7,58.9
10060,0.0003659518,Low,26754.213587599603,9.790752539533019,1,Loyal High-Value Accounts,High,3.3,97.6,44.3
13072,0.005502514,Low,5884.808147977628,32.3812396657925,1,Loyal High-Value Accounts,Moderate,41.6,67.8,67.6
11939,0.0003495044,Low,22904.567109360334,8.005247156492409,1,Loyal High-Value Accounts,High,3.0,94.8,40.9
14763,0.94162,High,-286.3544460695431,0.0,1,Loyal High-Value Accounts,Low,95.5,2.8,2.8
12028,0.024677536,Low,70.55551593786319,1.7411362506182624,0,Disengaged At-Risk Accounts,Low,70.1,8.8,16.7
11079,0.020381873,Low,6766.2578829087815,137.90901205868823,1,Loyal High-Value Accounts,Moderate,66.2,71.2,87.9
14931,0.0035527877,Low,9737.620907856102,34.595699831473965,1,Loyal High-Value Accounts,Moderate,32.2,79.3,68.8
13337,0.030210618,Low,1655.803736943949,50.02285406337822,0,Disengaged At-Risk Accounts,Low,73.5,45.7,75.4
12650,0.02000245,Low,159.8898497149897,3.198188851381187,1,Loyal High-Value Accounts,Moderate,65.9,14.6,25.2
10941,0.01291784,Low,150.8292728873273,1.9483884027117928,1,Loyal High-Value Accounts,High,58.1,13.7,18.3
11081,0.0012310118,Low,2311.6525356839957,2.845671590913689,1,Loyal High-Value Accounts,High,14.5,54.3,23.4
10188,0.0037374918,Low,20736.186446575324,77.5013265656163,1,Loyal High-Value Accounts,High,33.4,93.2,81.7
12806,0.007059569,Low,258.42356916801157,1.8243590190400967,1,Loyal High-Value Accounts,High,46.5,23.5,17.3
12086,0.0033634957,Low,218.75364241775054,0.7357769340150142,1,Loyal High-Value Accounts,High,31.2,20.0,10.0
12250,0.96323526,High,65.35291174306928,62.950228872905214,0,Disengaged At-Risk Accounts,Moderate,97.3,8.6,78.7
14978,0.8944415,High,3.7848033092677844,3.3852850939071164,1,Loyal High-Value Accounts,Moderate,93.0,5.6,26.0
10601,0.04456916,Low,2913.5612284637987,129.85497886073168,0,Disengaged At-Risk Accounts,Low,78.3,58.5,87.4
12024,0.0023197918,Low,30601.154242082066,70.98830729028856,1,Loyal High-Value Accounts,Moderate,24.5,99.2,80.3
12857,0.011101567,Low,1518.8637608251247,16.86176808781138,1,Loyal High-Value Accounts,High,55.5,43.9,54.8
11493,0.010003828,Low,225.65799820745994,2.2574439009906526,1,Loyal High-Value Accounts,Moderate,53.3,20.6,20.2
13845,0.01669955,Low,5617.91280863767,93.8166196263944,1,Loyal High-Value Accounts,Moderate,62.8,66.9,84.0
10227,0.0006955542,Low,19267.98889424788,13.401930414342896,1,Loyal High-Value Accounts,High,8.3,91.4,50.2
13906,0.014313081,Low,185.69255633360206,2.6578326517818542,1,Loyal High-Value Accounts,Moderate,60.0,16.7,22.3
11930,0.057162095,Low,31.11030986631547,1.7783304837417977,0,Disengaged At-Risk Accounts,Moderate,81.1,6.9,17.0
13259,0.041834746,Low,174.09004123495671,7.283012578918175,0,Disengaged At-Risk Accounts,Low,77.7,15.6,39.1
14629,0.001700958,Low,5839.562248936391,9.932850148477009,1,Loyal High-Value Accounts,High,19.5,67.5,44.6
11405,0.004467504,Low,5935.025461358847,26.514750576357798,1,Loyal High-Value Accounts,High,37.1,68.0,64.0
12180,0.004351597,Low,10650.15503070605,46.34518069648767,1,Loyal High-Value Accounts,High,36.5,81.2,74.2
10698,0.0036702328,Low,324.3892679123849,1.1905841427889925,1,Loyal High-Value Accounts,High,32.9,28.1,13.1
11125,0.10420027,Low,1056.9208163743344,110.13143052594387,0,Disengaged At-Risk Accounts,Low,85.9,39.3,85.9
12979,0.0049969167,Low,259.62617215676244,1.297330367053519,1,Loyal High-Value Accounts,High,39.9,23.7,13.9
13110,0.027882112,Low,1839.6354931398569,51.29292320866578,1,Loyal High-Value Accounts,Moderate,72.3,48.6,75.8
11779,0.01988561,Low,2000.2513433412546,39.7762196939798,0,Disengaged At-Risk Accounts,Moderate,65.8,50.7,71.3
13044,0.014851553,Low,1190.3586828479895,17.67867550250818,0,Disengaged At-Risk Accounts,Low,60.8,40.5,56.0
11038,0.017154127,Low,4143.1579201768745,71.07225863278056,0,Disengaged At-Risk Accounts,Low,63.3,62.8,80.3
14306,0.0009388519,Low,28042.191940977675,26.3274654693543,1,Loyal High-Value Accounts,High,11.4,98.6,63.9
12257,0.0025463002,Low,8941.512739497346,22.76777550034669,1,Loyal High-Value Accounts,Moderate,26.1,77.7,61.3
10314,0.009991411,Low,63.737378281795806,0.6368263501052266,0,Disengaged At-Risk Accounts,Low,53.3,8.5,9.1
12282,0.0009025769,Low,15249.31123811962,13.763676001859263,1,Loyal High-Value Accounts,High,10.9,87.7,50.7
12548,0.00169954,Low,24059.97731050317,40.89089261571239,1,Loyal High-Value Accounts,High,19.5,95.9,71.7
11417,0.010259253,Low,2332.171215083965,23.926334471663996,0,Disengaged At-Risk Accounts,Low,53.8,54.5,62.3
11037,0.027258057,Low,-20.189828226906386,0.0,0,Disengaged At-Risk Accounts,Low,72.0,2.8,2.8
12160,0.0021894646,Low,18974.155363489153,41.54324213377673,1,Loyal High-Value Accounts,High,23.7,91.2,72.1
14294,0.002076951,Low,10225.564394308534,21.23799709809768,1,Loyal High-Value Accounts,Moderate,22.8,80.2,59.9
11755,0.07813377,Low,1433.1321415915202,111.97601617533975,0,Disengaged At-Risk Accounts,Low,84.1,42.9,86.0
13322,0.10359815,Low,1861.0531029501626,192.8016541079875,0,Disengaged At-Risk Accounts,Low,85.9,48.8,90.2
14805,0.003890609,Low,1741.191543473793,6.774295320903355,1,Loyal High-Value Accounts,Moderate,34.3,47.0,37.7
14229,0.017187474,Low,4519.750959037373,77.6831034305025,1,Loyal High-Value Accounts,Moderate,63.4,63.9,81.7
12521,0.0008327203,Low,22726.335872157666,18.924681462337045,1,Loyal High-Value Accounts,Moderate,9.9,94.5,57.5
14526,0.0077928114,Low,2479.6340366457525,19.32332032688627,1,Loyal High-Value Accounts,Moderate,48.2,55.7,58.0
13820,0.016400764,Low,106.0859236373095,1.7398901723649511,1,Loyal High-Value Accounts,Moderate,62.4,10.8,16.6
13658,0.9148983,High,1318.22615234838,1206.042834595396,0,Disengaged At-Risk Accounts,Low,94.1,41.8,97.2
11507,0.96322244,High,1651.3689237221165,1590.635610748162,1,Loyal High-Value Accounts,Moderate,97.3,45.7,98.1
11924,0.957906,High,-398.63857973603143,0.0,0,Disengaged At-Risk Accounts,Low,96.9,2.8,2.8
10449,0.0026469158,Low,13743.238647363405,36.37719617079551,1,Loyal High-Value Accounts,High,26.7,85.5,69.8
14208,0.0005666912,Low,20837.865346139475,11.808635302060779,1,Loyal High-Value Accounts,High,6.0,93.6,47.7
12825,0.007922313,Low,176.05406136759171,1.394755410077595,1,Loyal High-Value Accounts,Moderate,48.6,15.9,14.5
11679,0.006246943,Low,6839.92920298806,42.72864803828254,1,Loyal High-Value Accounts,Low,44.2,71.4,72.6
13461,0.11058727,Low,31.23099135317242,3.453750044026298,0,Disengaged At-Risk Accounts,Low,86.2,7.0,26.4
10362,0.0022009623,Low,29044.245371896934,63.92528843123219,1,Loyal High-Value Accounts,High,23.8,98.7,79.0
12184,0.00029867803,Low,26240.325802915013,7.837408842521531,1,Loyal High-Value Accounts,High,2.2,97.1,40.4
11135,0.0017581927,Low,7496.112422438128,13.179609883704883,1,Loyal High-Value Accounts,Low,20.1,73.4,49.9
11364,0.0006929299,Low,20299.35585597123,14.066030581181254,1,Loyal High-Value Accounts,High,8.3,92.4,51.1
12156,0.040092826,Low,40.91218121130529,1.640284958068112,0,Disengaged At-Risk Accounts,Moderate,77.1,7.5,16.1
11831,0.056558188,Low,2189.3948872395395,123.82820775035971,0,Disengaged At-Risk Accounts,Low,81.0,53.1,87.0
11054,0.00040958484,Low,4273.581796294381,1.7503943234885921,1,Loyal High-Value Accounts,High,3.9,63.1,16.7
12461,0.008259586,Low,7820.4183684177115,64.59341852786628,1,Loyal High-Value Accounts,Moderate,49.6,74.3,79.1
10023,0.013560172,Low,1115.229684475899,15.122706531034748,1,Loyal High-Value Accounts,Moderate,59.1,39.9,52.8
12067,0.97416544,High,-462.1179250790302,0.0,0,Disengaged At-Risk Accounts,Low,98.2,2.8,2.8
11654,0.002604519,Low,2041.223608256414,5.316405705736327,1,Loyal High-Value Accounts,Moderate,26.3,51.4,33.7
12756,0.022553049,Low,225.3135490244576,5.081507517803196,1,Loyal High-Value Accounts,Moderate,68.4,20.6,32.8
13423,0.03623278,Low,235.1392562327978,8.519749096851637,1,Loyal High-Value Accounts,Moderate,76.1,21.4,41.9
12981,0.0003188301,Low,12788.73457739376,4.077433591238452,1,Loyal High-Value Accounts,Moderate,2.5,83.9,29.3
14196,0.96763617,High,1580.7428690215397,1529.583972378201,0,Disengaged At-Risk Accounts,Low,97.7,44.7,98.0
12469,0.018874777,Low,3055.4325506235245,57.67060950110075,1,Loyal High-Value Accounts,Moderate,65.1,59.7,77.4
12326,0.00354727,Low,3285.202745981213,11.65350142003663,1,Loyal High-Value Accounts,Moderate,32.1,60.6,47.4
10461,0.036686666,Low,-94.21837178622381,0.0,0,Disengaged At-Risk Accounts,Moderate,76.3,2.8,2.8
11068,0.019907203,Low,2385.664995169368,47.49191632688446,1,Loyal High-Value Accounts,High,65.9,55.0,74.6
10088,0.9355412,High,974.2452326149842,911.4465662502001,0,Disengaged At-Risk Accounts,Low,95.2,38.4,96.4
11431,0.0058025564,Low,6115.322068879292,35.48450124984962,1,Loyal High-Value Accounts,Low,42.7,68.7,69.3
12819,0.019285923,Low,84.41747953189727,1.628068999135346,0,Disengaged At-Risk Accounts,Low,65.5,9.7,16.1
10283,0.0032612558,Low,189.574728778029,0.6182516835449212,1,Loyal High-Value Accounts,High,30.6,17.1,9.0
12484,0.033680983,Low,-107.12982922043321,0.0,0,Disengaged At-Risk Accounts,Low,75.2,2.8,2.8
10463,0.012143674,Low,3734.4175686563813,45.34955067850164,1,Loyal High-Value Accounts,Moderate,56.9,61.8,73.7
10213,0.005605306,Low,7736.3131907332245,43.36440282862289,1,Loyal High-Value Accounts,Moderate,42.1,74.1,72.9
12589,0.07507754,Low,696.8626241511836,52.31873235628996,0,Disengaged At-Risk Accounts,Low,83.7,35.4,76.1
10467,0.007304275,Low,7236.755612013923,52.85925268346431,1,Loyal High-Value Accounts,High,47.1,72.7,76.2
12582,0.013948094,Low,126.56850559259293,1.765389426071493,1,Loyal High-Value Accounts,Moderate,59.6,12.0,16.9
11369,0.00077460153,Low,17902.81386131418,13.867547055041248,1,Loyal High-Value Accounts,Low,9.4,90.4,50.8
10235,0.012922767,Low,173.8954620316763,2.2472104718395145,1,Loyal High-Value Accounts,Moderate,58.2,15.6,20.2
14826,0.025639692,Low,1734.8140716731923,44.480099032570024,0,Disengaged At-Risk Accounts,Low,70.8,46.8,73.4
10598,0.0046084695,Low,13066.496274106163,60.216550198742475,1,Loyal High-Value Accounts,Low,37.7,84.5,78.1
14558,0.0056577697,Low,572.9116742128998,3.241402333841267,1,Loyal High-Value Accounts,High,42.2,33.5,25.4
12251,0.95258963,High,3430.272603418508,3267.64211379642,0,Disengaged At-Risk Accounts,Low,96.4,61.0,99.2
14194,0.008043728,Low,139.92886255159374,1.1255496869763795,1,Loyal High-Value Accounts,High,49.0,12.9,12.5
12284,0.005954105,Low,9231.538842757182,54.965551039816994,1,Loyal High-Value Accounts,Moderate,43.2,78.4,76.8
10663,0.0037871609,Low,14412.86709369138,54.58384600877829,1,Loyal High-Value Accounts,High,33.7,86.5,76.7
11485,0.0068635764,Low,655.9340816396917,4.5020536564912375,1,Loyal High-Value Accounts,Moderate,45.8,35.0,30.9
12286,0.0014105237,Low,272.0943294708695,0.3837954901081828,1,Loyal High-Value Accounts,High,16.3,24.9,7.1
14863,0.00068537536,Low,27561.62569190228,18.890059087878818,1,Loyal High-Value Accounts,High,8.1,98.2,57.5
13405,0.00896585,Low,241.12922709583341,2.161928450954524,1,Loyal High-Value Accounts,Low,51.1,21.9,19.6
12665,0.012993952,Low,1338.755470234132,17.39572466726149,0,Disengaged At-Risk Accounts,Moderate,58.4,42.2,55.6
13659,0.046748497,Low,395.3085228157887,18.480079131660176,1,Loyal High-Value Accounts,Low,79.1,30.3,57.0
10780,0.0013791826,Low,10888.706997801619,15.017514816621736,1,Loyal High-Value Accounts,High,16.0,81.8,52.5
13919,0.004667692,Low,1267.0107590025373,5.914015839809347,1,Loyal High-Value Accounts,High,38.1,41.2,35.4
13600,0.057186376,Low,2513.3435505100233,143.729010059276,0,Disengaged At-Risk Accounts,Low,81.2,56.1,88.2
13653,0.08084199,Low,43.391090482068854,3.507822030165593,0,Disengaged At-Risk Accounts,Low,84.5,7.6,26.5
13505,0.014531271,Low,244.1297508492236,3.5475154713094645,1,Loyal High-Value Accounts,Moderate,60.4,22.2,26.6
13409,0.07340857,Low,145.7177771225726,10.696933119793698,0,Disengaged At-Risk Accounts,Low,83.5,13.4,45.7
14984,0.0028257403,Low,6226.87291927267,17.595525496541946,1,Loyal High-Value Accounts,High,28.1,69.1,55.9
10686,0.09091433,Low,2930.6073891884726,266.4342113152544,0,Disengaged At-Risk Accounts,Low,85.2,58.6,92.0
13552,0.053095043,Low,323.46582249094007,17.174431658937753,1,Loyal High-Value Accounts,High,80.3,28.0,55.4
12928,0.008925668,Low,10399.267752867137,92.82041103001359,1,Loyal High-Value Accounts,Low,51.1,80.6,83.9
13662,0.014040881,Low,6952.332040780032,97.61686572069603,1,Loyal High-Value Accounts,Moderate,59.7,71.7,84.5
12172,0.0002966492,Low,26013.53011287846,7.716892973569813,1,Loyal High-Value Accounts,High,2.1,96.9,40.2
12842,0.08521023,Low,209.3802669576212,17.841339967104542,0,Disengaged At-Risk Accounts,Low,84.8,19.0,56.2
11851,0.0030974906,Low,270.22690018861454,0.8370252941069557,1,Loyal High-Value Accounts,High,29.8,24.7,10.4
10488,0.0056641903,Low,22773.02106325079,128.990724494794,1,Loyal High-Value Accounts,High,42.2,94.5,87.4
11689,0.0050832555,Low,13171.55226345445,66.95436508894879,1,Loyal High-Value Accounts,Moderate,40.1,84.6,79.5
12231,0.93052703,High,2448.073719385142,2277.998770800841,0,Disengaged At-Risk Accounts,Moderate,94.9,55.4,98.9
13481,0.84212816,High,1787.6268203361283,1505.4108807140071,0,Disengaged At-Risk Accounts,Low,91.8,47.8,97.9
12321,0.0017213312,Low,18309.906792384405,31.517412937342247,1,Loyal High-Value Accounts,High,19.8,91.0,67.1
10783,0.9933335,High,1271.957537782682,1263.4780563947506,0,Disengaged At-Risk Accounts,Low,99.9,41.3,97.3
10522,0.050727624,Low,95.56640130282663,4.847856514960197,0,Disengaged At-Risk Accounts,Low,79.9,10.3,31.9
10523,0.0030388753,Low,2996.7010404975535,9.106600752435346,1,Loyal High-Value Accounts,Moderate,29.3,59.3,43.0
14627,0.0023974846,Low,1462.1681427566482,3.505525622006052,1,Loyal High-Value Accounts,Moderate,25.3,43.3,26.5
14154,0.03304349,Low,88.0131400942861,2.908261214250631,0,Disengaged At-Risk Accounts,Low,74.9,9.8,23.8
12399,0.018879537,Low,181.9399578735781,3.434942082635864,1,Loyal High-Value Accounts,High,65.1,16.4,26.3
12208,0.035963215,Low,1533.448716742076,55.14774579026582,0,Disengaged At-Risk Accounts,Low,76.0,44.0,76.9
13707,0.07826925,Low,1716.1553634040467,134.3221943628675,0,Disengaged At-Risk Accounts,Low,84.1,46.5,87.6
13786,0.016482314,Low,64.12264666250387,1.0568896028877495,1,Loyal High-Value Accounts,Moderate,62.6,8.5,12.0
14672,0.31668225,Medium,121.24031037610932,38.39465419666179,0,Disengaged At-Risk Accounts,Low,88.6,11.5,70.6
14037,0.026808135,Low,98.45670420462638,2.6394406387931086,0,Disengaged At-Risk Accounts,Low,71.6,10.4,22.2
11512,0.00087235094,Low,14113.459614537249,12.311889735319298,1,Loyal High-Value Accounts,High,10.6,85.9,48.4
11883,0.024970828,Low,3210.7185567255456,80.1742996298195,0,Disengaged At-Risk Accounts,Low,70.4,60.4,82.0
10652,0.0021058826,Low,8621.964636903138,18.15684551501272,1,Loyal High-Value Accounts,Moderate,23.1,76.9,56.6
12969,0.002041961,Low,7499.068159514035,15.31280521619389,1,Loyal High-Value Accounts,Moderate,22.6,73.4,53.0
13296,0.003985089,Low,8083.125572915538,32.211973062290966,1,Loyal High-Value Accounts,Low,34.7,75.1,67.5
10370,0.0015724158,Low,8441.377333950388,13.273355218049122,0,Disengaged At-Risk Accounts,Low,18.1,76.3,50.0
12811,0.0013108192,Low,13700.82475652635,17.959303843742003,1,Loyal High-Value Accounts,High,15.3,85.4,56.4
10119,0.56050014,Medium,1164.3769044539285,652.6334237327519,0,Disengaged At-Risk Accounts,Low,89.6,40.3,95.4
14042,0.03107851,Low,4604.417592671068,143.0984381353864,1,Loyal High-Value Accounts,Moderate,74.0,64.1,88.1
14640,0.0011827878,Low,24452.426455219957,28.92203215217295,1,Loyal High-Value Accounts,High,14.0,96.2,65.7
12217,0.6379973,High,293.79385447541483,187.4396945009935,1,Loyal High-Value Accounts,Moderate,89.9,26.4,90.0
13775,0.004737783,Low,657.334287520855,3.1143073595757063,1,Loyal High-Value Accounts,Low,38.5,35.1,24.7
11614,0.92204,High,861.75285981206,794.570594500765,0,Disengaged At-Risk Accounts,Low,94.4,37.4,96.0
13104,0.012522629,Low,263.39926919132824,3.298451448692672,1,Loyal High-Value Accounts,High,57.7,24.1,25.6
10963,0.0014104545,Low,3030.0516821728256,4.273750065630475,1,Loyal High-Value Accounts,Moderate,16.3,59.5,30.0
12511,0.023780804,Low,585.2799052597585,13.918426786717594,0,Disengaged At-Risk Accounts,Low,69.3,33.7,50.9
13781,0.003249937,Low,5218.882882705574,16.961040422348223,1,Loyal High-Value Accounts,Moderate,30.5,65.9,55.0
13071,0.050125644,Low,2134.7330801123285,107.0048695782253,1,Loyal High-Value Accounts,High,79.7,52.5,85.4
14774,0.37813708,Medium,2099.190729130168,793.7818565839879,0,Disengaged At-Risk Accounts,Low,88.9,52.1,96.0
13568,0.6367001,High,1228.7754642673112,782.3614532920094,0,Disengaged At-Risk Accounts,Low,89.8,40.8,95.9
12416,0.0005865359,Low,13190.826473479541,7.736893251475918,1,Loyal High-Value Accounts,Moderate,6.5,84.7,40.2
14798,0.016955853,Low,2956.9752178554254,50.13803566537908,0,Disengaged At-Risk Accounts,Low,63.0,58.9,75.5
14369,0.010494369,Low,203.3052066655988,2.1335598750721543,1,Loyal High-Value Accounts,Moderate,54.3,18.4,19.5
12186,0.00044452868,Low,25889.03639454689,11.508419068043278,1,Loyal High-Value Accounts,High,4.4,96.9,47.1
14544,0.02167676,Low,159.3688605228171,3.454600567622609,0,Disengaged At-Risk Accounts,Low,67.4,14.6,26.4
12568,0.0014180931,Low,1828.5171788420537,2.593007600003916,1,Loyal High-Value Accounts,Moderate,16.4,48.4,21.9
12038,0.015130373,Low,177.04747735697586,2.6787943211885623,1,Loyal High-Value Accounts,High,61.0,16.0,22.4
14396,0.98584044,High,93.25622199382751,91.93575490415007,0,Disengaged At-Risk Accounts,Low,99.4,10.1,83.8
10773,0.004506403,Low,332.0066541521003,1.4961558203544456,1,Loyal High-Value Accounts,High,37.3,28.3,15.2
11285,0.034553856,Low,6419.931061244878,221.83337122185395,1,Loyal High-Value Accounts,High,75.4,69.7,91.2
14744,0.0059855366,Low,444.2607542059654,2.659139009827894,1,Loyal High-Value Accounts,High,43.4,31.3,22.4
14884,0.9176569,High,1059.470545344608,972.2304546914845,0,Disengaged At-Risk Accounts,Moderate,94.2,39.4,96.6
12588,0.006202268,Low,208.38710513065325,1.2924726630404828,1,Loyal High-Value Accounts,Moderate,44.1,18.9,13.9
14716,0.00083073543,Low,19263.74841582106,16.003078308027202,1,Loyal High-Value Accounts,High,9.9,91.4,53.8
11415,0.00040513926,Low,14909.50373134034,6.040425319007623,1,Loyal High-Value Accounts,High,3.8,87.2,35.9
11235,0.0008829218,Low,19664.881847778663,17.36255285069786,1,Loyal High-Value Accounts,High,10.7,92.0,55.5
12874,0.010476795,Low,19258.077277267905,201.76292821281692,1,Loyal High-Value Accounts,High,54.3,91.4,90.5
10436,0.0007498022,Low,27350.812955473604,20.507700187688755,1,Loyal High-Value Accounts,High,9.0,98.1,59.3
11675,0.014844007,Low,188.07437724237124,2.7917773457439177,1,Loyal High-Value Accounts,Moderate,60.8,16.9,23.1
10366,0.99079764,High,-285.5386787862694,0.0,0,Disengaged At-Risk Accounts,Low,99.8,2.8,2.8
12821,0.0006445303,Low,771.955391075858,0.49754862905199737,1,Loyal High-Value Accounts,High,7.4,36.6,7.9
10232,0.093297794,Low,68.37793048448292,6.379510104026949,0,Disengaged At-Risk Accounts,Low,85.3,8.7,36.8
14402,0.0057054227,Low,215.9661888981328,1.2321784012806463,1,Loyal High-Value Accounts,High,42.4,19.7,13.3
10148,0.0040238826,Low,3719.5611945961828,14.967077423395038,0,Disengaged At-Risk Accounts,Low,35.0,61.7,52.4
14536,0.0018338863,Low,27672.907887361922,50.748965476176295,1,Loyal High-Value Accounts,High,20.7,98.3,75.6
10408,0.017173402,Low,3631.2050253767793,62.3601436865914,1,Loyal High-Value Accounts,Moderate,63.4,61.5,78.6
12091,0.014680923,Low,1983.8855735065647,29.125271271511703,0,Disengaged At-Risk Accounts,Low,60.6,50.6,65.9
10087,0.000862893,Low,6626.232449653642,5.717729651257891,1,Loyal High-Value Accounts,Moderate,10.4,70.5,34.7
10845,0.0015806789,Low,31524.732371359998,49.83047795919647,1,Loyal High-Value Accounts,High,18.2,99.4,75.3
11032,0.0036265082,Low,9957.596203842211,36.111304012699065,1,Loyal High-Value Accounts,High,32.6,79.5,69.7
12803,0.00057288393,Low,20903.57534854721,11.97532242712631,1,Loyal High-Value Accounts,High,6.1,93.7,48.0
13414,0.00049872196,Low,33350.61073936138,16.632681893034142,1,Loyal High-Value Accounts,Moderate,5.1,99.7,54.5
12900,0.9788109,High,772.7451250287316,756.3713562534496,0,Disengaged At-Risk Accounts,Low,98.5,36.6,95.8
14868,0.001699015,Low,10508.719355294097,17.85447215696868,1,Loyal High-Value Accounts,Moderate,19.5,80.8,56.2
12629,0.0012071547,Low,23864.28347623872,28.807882195436427,1,Loyal High-Value Accounts,High,14.2,95.7,65.6
14795,0.005323412,Low,362.57002053060216,1.9301095607246328,0,Disengaged At-Risk Accounts,Low,41.1,29.4,18.1
10856,0.9833808,High,1250.715860968693,1229.929957084596,0,Disengaged At-Risk Accounts,Low,99.0,41.2,97.2
10079,0.002700159,Low,9300.8969201151,25.113901395299987,1,Loyal High-Value Accounts,Moderate,27.2,78.4,63.1
12248,0.0019529355,Low,2341.800944174037,4.573386141270706,1,Loyal High-Value Accounts,High,21.8,54.6,31.1
14710,0.10633586,Low,288.69894132355876,30.699051208813188,0,Disengaged At-Risk Accounts,Low,86.1,25.9,66.6
13899,0.0005392822,Low,24755.782579207516,13.350353397445092,1,Loyal High-Value Accounts,Moderate,5.6,96.4,50.1
13103,0.06979795,Low,108.87672170996865,7.599371760629378,1,Loyal High-Value Accounts,Moderate,83.1,11.1,39.8
13944,0.057580538,Low,221.66369374480038,12.763514761738922,1,Loyal High-Value Accounts,Low,81.3,20.3,49.3
12280,0.045667443,Low,-67.68492534661311,0.0,1,Loyal High-Value Accounts,Low,78.6,2.8,2.8
14448,0.954843,High,1635.911271332887,1562.0384009851944,0,Disengaged At-Risk Accounts,Low,96.6,45.5,98.0
14378,0.008242643,Low,705.897919860146,5.818464857230471,1,Loyal High-Value Accounts,High,49.5,35.7,35.1
14112,0.008760609,Low,8844.12348101973,77.47990540090164,1,Loyal High-Value Accounts,Low,50.7,77.5,81.7
13655,0.022511104,Low,2090.239330026237,47.05359519771095,0,Disengaged At-Risk Accounts,Moderate,68.3,52.1,74.5
12177,0.03994227,Low,2386.489444257042,95.32180163509365,0,Disengaged At-Risk Accounts,Moderate,77.1,55.0,84.3
10425,0.8598899,High,0.8264993296163636,0.7106984461647818,1,Loyal High-Value Accounts,Low,92.1,5.5,9.8
10393,0.016164107,Low,273.605818728054,4.422593797648293,1,Loyal High-Value Accounts,High,62.1,25.0,30.5
14873,0.01669605,Low,250.3896262438565,4.180517910328623,1,Loyal High-Value Accounts,High,62.7,22.7,29.7
13642,0.008838082,Low,236.9380858783458,2.0940781685094083,1,Loyal High-Value Accounts,High,50.9,21.6,19.3
10105,0.022136047,Low,8093.221113055159,179.15192684488392,1,Loyal High-Value Accounts,High,67.9,75.1,89.7
12673,0.0964498,Low,31.23099135317242,3.012222864683393,0,Disengaged At-Risk Accounts,Low,85.5,7.0,24.2
13169,0.0004949857,Low,5802.807697522364,2.8723069740292675,1,Loyal High-Value Accounts,High,5.1,67.4,23.5
14413,0.040783122,Low,267.5473966940357,10.911418168820092,1,Loyal High-Value Accounts,Moderate,77.3,24.4,46.1
14435,0.006582699,Low,214.48185715955654,1.4118694604791213,1,Loyal High-Value Accounts,Low,45.1,19.5,14.6
12993,0.9842259,High,475.14956237159373,467.65451933621586,0,Disengaged At-Risk Accounts,Low,99.1,31.9,93.9
11949,0.0062354947,Low,272.14154649342925,1.6969371827926873,1,Loyal High-Value Accounts,High,44.2,24.9,16.4
11460,0.8972864,High,-529.4500699146715,0.0,0,Disengaged At-Risk Accounts,Low,93.1,2.8,2.8
13474,0.16428193,Low,1460.0872628946556,239.86596008676534,0,Disengaged At-Risk Accounts,Low,87.4,43.3,91.5
12987,0.008070874,Low,4645.014788817257,37.48932921831306,1,Loyal High-Value Accounts,High,49.1,64.2,70.4
12881,0.0006626425,Low,27462.84070766546,18.19804467909167,1,Loyal High-Value Accounts,High,7.7,98.2,56.7
14937,0.056681268,Low,1867.7823085943617,105.86826944436157,1,Loyal High-Value Accounts,Low,81.0,48.9,85.3
11588,0.0054077543,Low,994.8727112756694,5.380027214017637,1,Loyal High-Value Accounts,Moderate,41.3,38.6,33.8
13902,0.0070518926,Low,144.11158713899,1.0162594318359754,1,Loyal High-Value Accounts,Moderate,46.4,13.2,11.7
11732,7.862961e-05,Low,27144.4644555882,2.134358592514628,1,Loyal High-Value Accounts,High,0.0,97.9,19.5
12063,0.012442064,Low,3209.5912838402587,39.93393869167762,0,Disengaged At-Risk Accounts,Moderate,57.5,60.4,71.4
13958,0.01942353,Low,93.57063212953139,1.81747193403773,1,Loyal High-Value Accounts,Low,65.6,10.1,17.3
14915,0.92258847,High,842.0724764009944,776.886355609214,0,Disengaged At-Risk Accounts,Low,94.5,37.2,95.9
11792,0.8734618,High,1577.1755787371462,1377.6025930010007,0,Disengaged At-Risk Accounts,Moderate,92.5,44.6,97.5
12356,0.002329636,Low,8976.4552008536,20.911872286287338,1,Loyal High-Value Accounts,Low,24.6,77.8,59.7
11941,0.0047771875,Low,-37.49232533960086,0.0,1,Loyal High-Value Accounts,High,38.8,2.8,2.8
10703,0.0016771307,Low,10568.00784234456,17.72393037149332,1,Loyal High-Value Accounts,High,19.3,81.0,56.0
12443,0.017297097,Low,365.1891288304833,6.316711620560936,1,Loyal High-Value Accounts,High,63.5,29.5,36.6
12998,0.0009923847,Low,14430.64174873431,14.320748648596997,1,Loyal High-Value Accounts,High,11.9,86.6,51.6
10497,0.02596432,Low,-7.194962244584339,0.0,0,Disengaged At-Risk Accounts,Low,71.0,2.8,2.8
10465,0.007007607,Low,11992.966970075038,84.0419968100612,1,Loyal High-Value Accounts,Moderate,46.2,83.1,82.7
14366,0.0029415411,Low,190.97139367933028,0.5617502112425812,1,Loyal High-Value Accounts,Moderate,28.7,17.1,8.4
14574,0.9735995,High,-367.31062612196723,0.0,0,Disengaged At-Risk Accounts,Low,98.2,2.8,2.8
10173,0.0036336866,Low,19531.364596072894,70.97085730808563,1,Loyal High-Value Accounts,Moderate,32.7,91.8,80.3
13278,0.13003103,Low,-6.23172820034668,0.0,0,Disengaged At-Risk Accounts,Low,86.9,2.8,2.8
14944,0.010206742,Low,1953.250721225447,19.936326587295618,1,Loyal High-Value Accounts,Moderate,53.7,50.3,58.8
12541,0.8931344,High,176.86667053085804,157.9657103440506,0,Disengaged At-Risk Accounts,Low,92.9,15.9,88.9
13479,0.033285707,Low,14553.806014459627,484.4337261571798,1,Loyal High-Value Accounts,Low,75.0,86.8,94.1
13448,0.07650984,Low,212.44160686181704,16.253873517416725,1,Loyal High-Value Accounts,Moderate,83.8,19.3,54.1
12261,0.0047971634,Low,824.010955745822,3.9529152141096917,1,Loyal High-Value Accounts,Moderate,38.9,37.1,28.5
12113,0.02725942,Low,344.65461802803134,9.395085195769468,1,Loyal High-Value Accounts,Moderate,72.0,28.7,43.5
10901,0.03037081,Low,1210.4194795295487,36.761418989492796,0,Disengaged At-Risk Accounts,Low,73.6,40.6,70.0
11447,0.0092788385,Low,145.5374127814281,1.350418152215101,1,Loyal High-Value Accounts,Low,51.9,13.3,14.2
13809,0.010766498,Low,138.7777519567091,1.4941503629578894,0,Disengaged At-Risk Accounts,Low,55.0,12.8,15.1
12698,0.0005534938,Low,15667.834611579221,8.67204924565803,1,Loyal High-Value Accounts,High,5.8,88.1,42.2
14833,0.015956726,Low,306.27921893974167,4.887213553207969,1,Loyal High-Value Accounts,Low,61.9,27.1,32.1
10742,0.0007998519,Low,873.692390207751,0.6988245178871829,1,Loyal High-Value Accounts,High,9.6,37.6,9.8
12294,0.049154866,Low,1760.947226394355,86.5591258036938,0,Disengaged At-Risk Accounts,Low,79.5,47.4,83.1
12453,0.006132905,Low,7398.332892039484,45.37327208852172,1,Loyal High-Value Accounts,Moderate,43.8,73.1,73.8
14993,0.008322958,Low,10322.702487143693,85.91541824720515,1,Loyal High-Value Accounts,High,49.8,80.4,83.0
14215,0.0008455676,Low,8688.380630899672,7.346613282250248,1,Loyal High-Value Accounts,Moderate,10.2,77.1,39.3
11207,0.00035306343,Low,8817.411825540281,3.1131056417770453,1,Loyal High-Value Accounts,Moderate,3.1,77.5,24.7
10510,0.00198781,Low,5363.98696217435,10.662586997387354,1,Loyal High-Value Accounts,High,22.2,66.4,45.6
14285,0.013729581,Low,5841.015535189928,80.1946940321087,1,Loyal High-Value Accounts,Moderate,59.4,67.6,82.1
13592,0.0047256886,Low,2073.758576547841,9.799937270099736,0,Disengaged At-Risk Accounts,Low,38.4,51.8,44.4
12986,0.011544985,Low,3706.5676997390956,42.792267625229286,1,Loyal High-Value Accounts,High,56.1,61.6,72.6
14249,0.012046201,Low,8987.638295737126,108.26689881514275,1,Loyal High-Value Accounts,High,56.8,77.9,85.6
11550,0.0047571477,Low,30319.325513808075,144.23351108959662,1,Loyal High-Value Accounts,High,38.7,99.1,88.2
13484,0.0008404743,Low,14431.993670468704,12.129720175544781,1,Loyal High-Value Accounts,High,10.1,86.6,48.2
12203,0.007270297,Low,3959.6427577179197,28.787779003372265,1,Loyal High-Value Accounts,Moderate,46.9,62.3,65.6
12567,0.0006671695,Low,27396.184019545624,18.27789881912,1,Loyal High-Value Accounts,High,7.8,98.1,56.8
14281,0.00039385597,Low,4909.551580829547,1.9336561881480483,1,Loyal High-Value Accounts,Moderate,3.7,64.8,18.1
12045,0.0021139656,Low,4349.9632150667185,9.19567247955095,1,Loyal High-Value Accounts,Moderate,23.1,63.3,43.2
10768,0.0011716746,Low,6585.030027841185,7.715512288088283,1,Loyal High-Value Accounts,High,13.9,70.2,40.1
12559,0.8313586,High,49.316054392961796,40.999326508919424,0,Disengaged At-Risk Accounts,Moderate,91.6,7.9,71.8
13985,0.96096087,High,-163.5120147953487,0.0,0,Disengaged At-Risk Accounts,Low,97.2,2.8,2.8
10422,0.0013716344,Low,24530.39259980884,33.64673096326852,1,Loyal High-Value Accounts,Moderate,15.9,96.2,68.2
10124,0.027028086,Low,1682.9773899630566,45.48765706635304,0,Disengaged At-Risk Accounts,Low,71.8,46.1,73.9
14293,0.0017523849,Low,270.30870363135864,0.4736849009348984,1,Loyal High-Value Accounts,High,20.0,24.7,7.7
13341,0.027601756,Low,1624.8996971983775,44.85008521920057,0,Disengaged At-Risk Accounts,Moderate,72.2,45.4,73.6
10820,0.00072010374,Low,25462.183490341275,18.335413482730342,1,Loyal High-Value Accounts,Moderate,8.6,96.7,56.9
11404,0.059985902,Low,32.612027201345526,1.9562618729524155,0,Disengaged At-Risk Accounts,Low,81.8,7.1,18.3
11383,0.31302923,Medium,-444.42310753465017,0.0,0,Disengaged At-Risk Accounts,Low,88.5,2.8,2.8
12149,0.02134178,Low,345.69633285846874,7.377775152019111,1,Loyal High-Value Accounts,Low,67.1,28.8,39.4
11576,0.021596694,Low,3347.2486306756578,72.28950564084819,1,Loyal High-Value Accounts,High,67.3,60.8,80.8
11639,0.022901142,Low,16239.240525470907,371.8971535066556,1,Loyal High-Value Accounts,High,68.8,88.6,93.2
11796,0.0008836009,Low,24215.563971429136,21.396894298363595,1,Loyal High-Value Accounts,High,10.7,96.1,60.0
14963,0.15570688,Low,1186.7940851333983,184.7920071380353,0,Disengaged At-Risk Accounts,Low,87.3,40.5,89.8
10400,0.025930144,Low,2246.0067523319153,58.23927827208847,0,Disengaged At-Risk Accounts,Low,70.9,53.7,77.6
12311,0.010457824,Low,5778.217264365389,60.42757909392076,1,Loyal High-Value Accounts,Moderate,54.2,67.2,78.2
10883,0.0006118171,Low,5024.492055065208,3.0740702334024816,0,Disengaged At-Risk Accounts,Moderate,7.0,65.2,24.4
11723,0.015332162,Low,6031.701522353408,92.47902716973361,1,Loyal High-Value Accounts,Moderate,61.3,68.4,83.9
14451,0.014620581,Low,828.9544721970882,12.119795766063149,1,Loyal High-Value Accounts,Low,60.5,37.1,48.1
11353,0.00038677754,Low,234.0492948236724,0.09052500993875746,1,Loyal High-Value Accounts,High,3.5,21.4,5.5
12923,0.0011810799,Low,16807.166301984053,19.850606121237238,1,Loyal High-Value Accounts,High,14.0,89.3,58.7
14690,0.024440564,Low,5176.217534484536,126.50967704332687,1,Loyal High-Value Accounts,High,69.9,65.7,87.2
12131,0.0001931955,Low,16508.078100460436,3.189286482472006,1,Loyal High-Value Accounts,High,0.6,88.9,25.1
10983,0.0018049567,Low,5155.812075784888,9.306017553494751,1,Loyal High-Value Accounts,Low,20.5,65.6,43.3
10457,0.014934657,Low,310.8638706365402,4.64264532565694,1,Loyal High-Value Accounts,Moderate,60.9,27.5,31.3
13762,0.008678939,Low,1579.5016208333807,13.708398523227334,0,Disengaged At-Risk Accounts,Moderate,50.5,44.6,50.6
11080,0.7858652,High,-317.0148001128028,0.0,0,Disengaged At-Risk Accounts,Low,90.8,2.8,2.8
11951,0.9597755,High,859.1020044832795,824.545062304341,1,Loyal High-Value Accounts,Low,97.1,37.3,96.1
14449,0.011367211,Low,257.3927031385732,2.925837196896503,1,Loyal High-Value Accounts,Moderate,55.8,23.4,23.8
10690,0.021177975,Low,7.286746872637753,0.1543185464584171,0,Disengaged At-Risk Accounts,Low,66.9,5.7,5.7
12430,0.00077351835,Low,419.3466419801759,0.32437232101002045,1,Loyal High-Value Accounts,High,9.4,30.9,6.5
10642,0.0066470797,Low,5514.00468781849,36.65202872186974,1,Loyal High-Value Accounts,Low,45.3,66.7,69.9
12393,0.97494817,High,99.42359734136213,96.93285406413577,0,Disengaged At-Risk Accounts,Low,98.3,10.5,84.4
12826,0.004501789,Low,1707.906559318049,7.688634751609204,1,Loyal High-Value Accounts,Moderate,37.2,46.4,40.1
11954,0.021567238,Low,374.38771615292046,8.07450916377624,1,Loyal High-Value Accounts,Moderate,67.3,29.9,41.0
14380,0.0008802153,Low,1990.3275080819742,1.7519167584818487,1,Loyal High-Value Accounts,Moderate,10.7,50.7,16.8
13538,0.001022096,Low,1245.1408386344765,1.2726535015170208,1,Loyal High-Value Accounts,Moderate,12.2,41.0,13.7
13663,0.011068715,Low,190.10101517697467,2.1041739168758165,1,Loyal High-Value Accounts,Moderate,55.4,17.1,19.3
12711,0.01011442,Low,670.2153902350869,6.778840084933442,1,Loyal High-Value Accounts,Low,53.6,35.2,37.7
13556,0.0017321026,Low,5347.617855611829,9.262622766215731,1,Loyal High-Value Accounts,Moderate,19.9,66.3,43.2
14914,0.060441926,Low,65.63019596001405,3.966815455568633,0,Disengaged At-Risk Accounts,Low,81.9,8.6,28.6
13122,0.86572725,High,265.1982710659808,229.58936880290156,0,Disengaged At-Risk Accounts,Low,92.3,24.3,91.3
11885,0.898727,High,-206.9738824000567,0.0,0,Disengaged At-Risk Accounts,Low,93.2,2.8,2.8
13692,0.00041629083,Low,8101.9093701769425,3.372750575400284,1,Loyal High-Value Accounts,Moderate,4.0,75.2,25.9
10390,0.008255307,Low,156.47765726497659,1.291771041674024,1,Loyal High-Value Accounts,Moderate,49.6,14.2,13.9
12495,0.009674523,Low,125.89995731440686,1.2180220359793115,1,Loyal High-Value Accounts,Moderate,52.6,11.9,13.2
13327,0.017650904,Low,81.70852718101854,1.4422293801956199,0,Disengaged At-Risk Accounts,Low,63.8,9.4,14.7
13081,0.00049310934,Low,2257.169319867959,1.1130312795520696,1,Loyal High-Value Accounts,High,5.0,53.8,12.5
10846,0.0159729,Low,1114.8643937601241,17.807616664626938,1,Loyal High-Value Accounts,Moderate,62.0,39.9,56.1
10543,0.04858968,Low,2259.6104031917494,109.79374719276205,1,Loyal High-Value Accounts,Moderate,79.5,53.8,85.8
10092,0.0035049568,Low,213.63459155040087,0.7487800228310472,1,Loyal High-Value Accounts,Low,31.8,19.4,10.0
14850,0.016974326,Low,12545.989110630382,212.95971195573938,1,Loyal High-Value Accounts,Moderate,63.0,83.6,91.0
11980,0.011141534,Low,221.34406358469394,2.4661124020219067,1,Loyal High-Value Accounts,High,55.5,20.3,21.2
12996,0.09068477,Low,2045.4436976403058,185.49059441390463,0,Disengaged At-Risk Accounts,Low,85.2,51.5,89.9
14218,0.0026292119,Low,240.51604262904263,0.6323676344350226,1,Loyal High-Value Accounts,High,26.5,21.9,9.1
14780,0.003936243,Low,8953.070521086529,35.241459178246224,1,Loyal High-Value Accounts,High,34.4,77.7,69.2
12530,0.0015275483,Low,427.5598937663789,0.6531183897111671,1,Loyal High-Value Accounts,Moderate,17.7,31.0,9.3
11677,0.053052887,Low,568.9868932389224,30.18639753385644,1,Loyal High-Value Accounts,Moderate,80.3,33.4,66.4
11049,0.006928332,Low,2082.3212423725154,14.4270132101209,1,Loyal High-Value Accounts,Moderate,46.0,52.0,51.8
11961,0.009545865,Low,8890.647272704391,84.86891451467,1,Loyal High-Value Accounts,Moderate,52.4,77.6,82.9
12531,0.009126996,Low,8659.059763802601,79.03120114512438,1,Loyal High-Value Accounts,High,51.5,77.0,81.8
13537,0.001105038,Low,23731.064206943916,26.223727337714504,1,Loyal High-Value Accounts,High,13.1,95.6,63.9
10238,0.0060394965,Low,3494.460085001934,21.104779491969982,1,Loyal High-Value Accounts,Moderate,43.5,61.1,59.9
13163,0.005637646,Low,118.25539899778242,0.6666820992634629,1,Loyal High-Value Accounts,High,42.1,11.4,9.5
13719,0.8671378,High,6132.891228039854,5318.06174411403,0,Disengaged At-Risk Accounts,Moderate,92.3,68.7,99.7
11134,0.0017482176,Low,2072.8354533491006,3.623767460882948,1,Loyal High-Value Accounts,High,20.0,51.8,27.0
11806,0.010848955,Low,329.5043032158249,3.5747774406915256,1,Loyal High-Value Accounts,Moderate,55.1,28.3,26.8
14273,0.75200605,High,186.55203355157903,140.28825860272516,0,Disengaged At-Risk Accounts,Moderate,90.5,16.7,88.0
10164,0.0010316058,Low,26727.498243041537,27.572241128171164,1,Loyal High-Value Accounts,High,12.3,97.5,64.7
13723,0.17231335,Low,-253.55588304060504,0.0,1,Loyal High-Value Accounts,High,87.6,2.8,2.8
14856,0.0037853154,Low,8403.643671248417,31.81044210220793,1,Loyal High-Value Accounts,Low,33.7,76.1,67.2
14039,0.10246242,Low,1706.0929002911002,174.81040454033754,0,Disengaged At-Risk Accounts,Low,85.8,46.4,89.6
13681,0.0027544207,Low,6471.554028444165,17.8253826394064,1,Loyal High-Value Accounts,Moderate,27.6,69.8,56.2
13412,0.0019273051,Low,5702.752412327611,10.990943975730199,1,Loyal High-Value Accounts,High,21.5,67.1,46.2
13876,0.0043860227,Low,1700.8747621842942,7.46007529461514,0,Disengaged At-Risk Accounts,Low,36.7,46.3,39.6
12002,0.07595725,Low,43.391090482068854,3.2958680626563757,0,Disengaged At-Risk Accounts,Low,83.8,7.6,25.6
11812,0.05132974,Low,1833.3914134666747,94.10750345641512,0,Disengaged At-Risk Accounts,Moderate,80.0,48.5,84.1
13319,0.01703852,Low,19048.479962187066,324.5579149115583,1,Loyal High-Value Accounts,High,63.1,91.2,92.7
14717,0.0029307504,Low,707.2080850088475,2.072650358142078,0,Disengaged At-Risk Accounts,Low,28.6,35.7,19.0
11429,0.0050632427,Low,12365.103284358847,62.607519491432434,1,Loyal High-Value Accounts,Moderate,40.1,83.4,78.6
14684,0.024430454,Low,12432.935624194775,303.7422590832015,1,Loyal High-Value Accounts,Moderate,69.9,83.5,92.5
14655,0.042597134,Low,83.40630217393019,3.5528694023127882,0,Disengaged At-Risk Accounts,Moderate,77.9,9.6,26.6
13623,0.040830586,Low,261.9078357120203,10.69385043776708,0,Disengaged At-Risk Accounts,Low,77.4,23.9,45.7
14600,0.9805095,High,820.0405714432153,804.0575867394572,0,Disengaged At-Risk Accounts,Low,98.7,37.0,96.0
14793,0.0030778751,Low,20638.49445220247,63.52270867724324,1,Loyal High-Value Accounts,High,29.7,92.9,78.9
13524,0.057266433,Low,1391.1516956380287,79.66629508166011,0,Disengaged At-Risk Accounts,Low,81.2,42.6,81.9
11453,0.0029880009,Low,10305.697688151986,30.793433617197046,1,Loyal High-Value Accounts,Moderate,28.9,80.3,66.7
10594,0.020221896,Low,10252.505758162877,207.32510999547628,1,Loyal High-Value Accounts,Moderate,66.0,80.2,90.8
12726,0.00046477845,Low,9856.602027036739,4.581136229293761,1,Loyal High-Value Accounts,Moderate,4.6,79.4,31.1
10042,0.103283845,Low,5341.597599529078,551.7007379249977,1,Loyal High-Value Accounts,Low,85.8,66.3,94.6
10561,0.0029828856,Low,562.1362901897716,1.676788232194278,1,Loyal High-Value Accounts,High,28.9,33.3,16.4
13128,0.003962327,Low,226.8181399934232,0.8987275936568704,1,Loyal High-Value Accounts,High,34.5,20.8,10.9
13244,0.0031183169,Low,25909.09606960009,80.79277150979797,1,Loyal High-Value Accounts,High,29.9,96.9,82.2
10244,0.04559978,Low,-15.864554909297057,0.0,0,Disengaged At-Risk Accounts,Low,78.6,2.8,2.8
11340,0.9113023,High,-9.598453734812296,0.0,0,Disengaged At-Risk Accounts,Low,93.8,2.8,2.8
13399,0.027958917,Low,251.96974246639613,7.044800990197579,1,Loyal High-Value Accounts,High,72.4,23.0,38.4
13320,0.98098665,High,-464.26946061241307,0.0,0,Disengaged At-Risk Accounts,Low,98.7,2.8,2.8
14050,0.009887503,Low,9645.534835098017,95.37025905606087,1,Loyal High-Value Accounts,High,53.1,79.2,84.3
11443,0.0022631558,Low,13445.419144579157,30.429077861075157,1,Loyal High-Value Accounts,High,24.2,85.2,66.6
10262,0.01076438,Low,1811.3863836082428,19.4984513339562,1,Loyal High-Value Accounts,Moderate,55.0,48.2,58.2
12945,0.0016183687,Low,5235.712608425472,8.473313237774283,1,Loyal High-Value Accounts,High,18.7,65.9,41.8
11690,0.049431376,Low,1728.014275187854,85.41812364526284,0,Disengaged At-Risk Accounts,Low,79.5,46.7,82.9
11726,0.0006519821,Low,25704.299788177068,16.758743073178824,1,Loyal High-Value Accounts,Moderate,7.6,96.8,54.6
11204,0.021678919,Low,604.5661366278053,13.106340289538922,1,Loyal High-Value Accounts,Moderate,67.4,34.0,49.7
10835,0.001959042,Low,16657.309900358592,32.632368454971605,1,Loyal High-Value Accounts,Low,21.9,89.1,67.6
11867,0.031174766,Low,1113.167662271987,34.702741278531676,1,Loyal High-Value Accounts,Moderate,74.0,39.9,68.9
12497,0.021954043,Low,8580.518881687836,188.37707909246575,1,Loyal High-Value Accounts,High,67.7,76.7,90.0
14988,0.0005308995,Low,8423.943816085617,4.472267579674525,1,Loyal High-Value Accounts,High,5.6,76.2,30.7
12011,0.00021471527,Low,20813.01717450995,4.468872601646179,1,Loyal High-Value Accounts,High,0.9,93.5,30.7
12958,0.021244522,Low,167.7454015779395,3.5636709051089235,1,Loyal High-Value Accounts,High,66.9,15.2,26.7
10341,0.00034815888,Low,23011.79613693254,8.011761151541831,1,Loyal High-Value Accounts,High,3.0,94.9,40.9
14443,0.04666144,Low,167.45643240611238,7.813758320732099,1,Loyal High-Value Accounts,Low,79.1,15.1,40.3
11602,0.0002637345,Low,29875.125734986905,7.879100984176027,1,Loyal High-Value Accounts,High,1.5,98.9,40.5
12797,0.0070405556,Low,261.55760708618243,1.8415108723902047,1,Loyal High-Value Accounts,Moderate,46.4,23.8,17.5
13204,0.0016570165,Low,2043.2753165409106,3.38574082961558,1,Loyal High-Value Accounts,Moderate,19.0,51.4,26.1
14840,0.0022200583,Low,2292.2461960130863,5.088920303198525,1,Loyal High-Value Accounts,Moderate,23.9,54.2,32.9
10481,0.9596841,High,1737.7178598688788,1667.6601550912296,0,Disengaged At-Risk Accounts,Low,97.0,46.8,98.2
13009,0.0036393655,Low,225.68233831228397,0.8213405264859146,1,Loyal High-Value Accounts,High,32.7,20.7,10.3
13766,0.008391699,Low,13008.035370066702,109.15951509645458,1,Loyal High-Value Accounts,Moderate,49.9,84.4,85.7
11524,0.009720683,Low,2019.971218007022,19.635500077002835,1,Loyal High-Value Accounts,Moderate,52.8,51.1,58.4
13621,0.0049529844,Low,260.59239408072665,1.290710061694089,1,Loyal High-Value Accounts,High,39.6,23.8,13.8
14578,0.003228256,Low,306.5814852420303,0.9897235232819807,1,Loyal High-Value Accounts,High,30.4,27.2,11.4
14824,0.00301837,Low,5093.626100339826,15.374447693951762,1,Loyal High-Value Accounts,High,29.2,65.4,53.0
13249,0.0035346248,Low,8879.337645518079,31.385127215576176,1,Loyal High-Value Accounts,High,32.0,77.6,67.0
10800,0.058450826,Low,8110.9376863788,474.0910034485513,1,Loyal High-Value Accounts,Moderate,81.5,75.3,94.0
11767,0.04197586,Low,5473.644681023511,229.76094037159848,1,Loyal High-Value Accounts,Moderate,77.7,66.6,91.3
14613,0.018864634,Low,373.7502023242142,7.050660593181748,0,Disengaged At-Risk Accounts,Low,65.1,29.9,38.5
12454,0.0055408003,Low,2586.1904017934257,14.329564504637744,1,Loyal High-Value Accounts,Low,41.8,56.6,51.6
13065,0.04770051,Low,67.08173800833711,3.1998330763789142,0,Disengaged At-Risk Accounts,Low,79.3,8.7,25.2
14067,0.0003697514,Low,23627.91835970037,8.736455641449233,1,Loyal High-Value Accounts,High,3.4,95.4,42.3
14181,0.0040703234,Low,643.5328538012039,2.6193868504055753,1,Loyal High-Value Accounts,Moderate,35.2,34.9,22.0
14822,0.0020363512,Low,301.709359838612,0.614386230504329,1,Loyal High-Value Accounts,Moderate,22.5,26.9,8.9
13922,0.014022389,Low,-203.79626230799767,0.0,1,Loyal High-Value Accounts,High,59.7,2.8,2.8
11272,0.032885145,Low,-354.5114162984423,0.0,0,Disengaged At-Risk Accounts,Low,74.8,2.8,2.8
14425,0.012476832,Low,1679.5531099383368,20.95550144121094,1,Loyal High-Value Accounts,Moderate,57.5,46.1,59.7
14641,0.002689993,Low,251.8380840376428,0.6774426854539642,1,Loyal High-Value Accounts,High,27.1,22.9,9.6
14158,0.00324755,Low,19218.663436620303,62.41357025510069,1,Loyal High-Value Accounts,High,30.5,91.3,78.6
14272,0.90440524,High,-462.1179250790302,0.0,0,Disengaged At-Risk Accounts,Low,93.5,2.8,2.8
10348,0.00757675,Low,228.15737498413873,1.7286914195986685,1,Loyal High-Value Accounts,High,47.7,21.0,16.6
14119,0.10305524,Low,714.339728443229,73.6164512445792,0,Disengaged At-Risk Accounts,Low,85.8,35.8,81.0
14765,0.009301621,Low,2908.768944622831,27.056264948481104,0,Disengaged At-Risk Accounts,Low,51.9,58.5,64.4
12563,0.004512086,Low,7121.618438778006,32.133355175403395,1,Loyal High-Value Accounts,High,37.3,72.3,67.4
14806,0.0027039254,Low,1265.696663928613,3.4223493100141424,1,Loyal High-Value Accounts,Moderate,27.2,41.2,26.2
11424,0.015371655,Low,1503.1907053407049,23.10652909306031,0,Disengaged At-Risk Accounts,Moderate,61.4,43.8,61.5
10657,0.0069646896,Low,258.29852744693545,1.7989690642692868,1,Loyal High-Value Accounts,Moderate,46.1,23.5,17.2
12103,0.041436393,Low,1927.5223896103614,79.86957489352257,1,Loyal High-Value Accounts,Moderate,77.6,49.9,82.0
10633,0.0013861234,Low,15186.59565164643,21.050494993666586,1,Loyal High-Value Accounts,High,16.1,87.6,59.9
14752,0.83811826,High,55.54643094276776,46.55447778091799,0,Disengaged At-Risk Accounts,Moderate,91.7,8.1,74.3
12494,0.041093238,Low,8469.718034775802,348.04813643874144,1,Loyal High-Value Accounts,Moderate,77.4,76.4,93.0
12666,0.000945343,Low,8424.72547058503,7.964255214245922,1,Loyal High-Value Accounts,Moderate,11.5,76.2,40.8
13429,0.031762913,Low,629.6683362488828,20.00010050092697,1,Loyal High-Value Accounts,Low,74.3,34.6,58.9
13905,0.19531113,Low,178.25372505583167,34.814936305718,0,Disengaged At-Risk Accounts,Low,87.8,16.1,69.0
13574,0.027899526,Low,2701.6669104016896,75.37522637118535,0,Disengaged At-Risk Accounts,Low,72.3,57.3,81.3
12392,0.0009437937,Low,13403.998238432436,12.650608856085432,1,Loyal High-Value Accounts,Moderate,11.4,85.1,49.1
13833,0.9144462,High,1377.416684247438,1259.5734184268167,0,Disengaged At-Risk Accounts,Low,94.0,42.5,97.3
12501,0.0005655743,Low,5502.89478177066,3.112295707915698,1,Loyal High-Value Accounts,High,6.0,66.7,24.6
11466,0.0064042094,Low,277.9751133376931,1.7802108383508986,1,Loyal High-Value Accounts,High,44.7,25.3,17.0
13018,0.0180009,Low,248.2898855424741,4.469441585734779,1,Loyal High-Value Accounts,High,64.1,22.5,30.7
10116,0.0023812482,Low,254.64172101117788,0.6063651313447541,1,Loyal High-Value Accounts,Moderate,25.1,23.3,8.8
11822,0.88659966,High,67.14831164226185,59.53367026621399,0,Disengaged At-Risk Accounts,Low,92.8,8.7,77.9
11495,0.044324376,Low,86.85528869069172,3.849806446505352,0,Disengaged At-Risk Accounts,Low,78.3,9.8,28.0
12402,0.03608808,Low,312.2393672202986,11.268119018005368,1,Loyal High-Value Accounts,High,76.1,27.5,46.7
11233,0.00064280344,Low,13374.345958851685,8.597075582139757,1,Loyal High-Value Accounts,High,7.4,85.0,42.0
12662,0.11776818,Low,43.391090482068854,5.110089899673156,0,Disengaged At-Risk Accounts,Low,86.5,7.6,33.0
12818,0.01350593,Low,205.03391598924307,2.7691737335863675,1,Loyal High-Value Accounts,Moderate,59.1,18.5,22.9
14757,0.067285195,Low,49.316054392961796,3.3182403361167707,0,Disengaged At-Risk Accounts,Low,82.8,7.9,25.8
14713,0.11269137,Low,246.352199068198,27.761767464148452,1,Loyal High-Value Accounts,Moderate,86.3,22.4,64.9
11154,0.00093208434,Low,14101.8314123005,13.144096200383547,1,Loyal High-Value Accounts,High,11.3,85.9,49.8
14100,0.04651863,Low,716.3708291022748,33.32459045837589,1,Loyal High-Value Accounts,Moderate,79.0,35.8,68.0
10058,0.0086868815,Low,13431.668183251713,116.67931002182746,1,Loyal High-Value Accounts,Moderate,50.6,85.1,86.4
13622,0.0029569706,Low,2704.941045557618,7.998431132444632,1,Loyal High-Value Accounts,High,28.8,57.4,40.8
14423,0.036622055,Low,393.6382520900218,14.415841668899319,1,Loyal High-Value Accounts,Moderate,76.3,30.3,51.7
10201,0.032986242,Low,234.55184065729847,7.736983853488585,1,Loyal High-Value Accounts,Low,74.9,21.4,40.2
11736,0.003680596,Low,380.3964356280794,1.40008555955013,1,Loyal High-Value Accounts,Moderate,33.0,30.0,14.5
12824,0.28450865,Low,-53.388010529293005,0.0,1,Loyal High-Value Accounts,Low,88.4,2.8,2.8
12197,0.00052909635,Low,27209.838283314097,14.39662599509455,1,Loyal High-Value Accounts,High,5.5,97.9,51.7
13787,0.022468964,Low,1794.4080467450688,40.31848915395631,1,Loyal High-Value Accounts,Moderate,68.2,48.0,71.6
12476,0.04213009,Low,1597.0599862321696,67.28428142851858,1,Loyal High-Value Accounts,High,77.8,44.9,79.6
12565,0.015246073,Low,13761.133475815019,209.80324256352566,1,Loyal High-Value Accounts,High,61.2,85.5,90.9
14939,0.003465562,Low,194.8401713070572,0.6752306732385444,1,Loyal High-Value Accounts,High,31.6,17.5,9.6
13154,0.0012569813,Low,3063.3268188554207,3.8505444734660994,1,Loyal High-Value Accounts,High,14.7,59.7,28.1
12609,0.0141462535,Low,10263.624028346187,145.19182699093432,1,Loyal High-Value Accounts,Moderate,59.8,80.2,88.3
13898,0.92426723,High,2055.859646568826,1900.1637057741405,0,Disengaged At-Risk Accounts,Low,94.6,51.5,98.6
10708,0.0038706705,Low,7238.207576291647,28.016716182680238,1,Loyal High-Value Accounts,Moderate,34.2,72.7,65.1
14415,0.008125539,Low,220.14676626487122,1.788811121304404,1,Loyal High-Value Accounts,High,49.2,20.1,17.1
11094,0.0030028992,Low,6016.400112538196,18.066643284877053,1,Loyal High-Value Accounts,High,29.1,68.3,56.5
13796,0.02746261,Low,2610.795041179529,71.69924368814728,0,Disengaged At-Risk Accounts,Moderate,72.1,56.7,80.5
11377,0.002354905,Low,13109.258765065404,30.87105913366543,1,Loyal High-Value Accounts,High,24.8,84.5,66.8
14799,0.07927787,Low,8153.748783652347,646.411860864294,1,Loyal High-Value Accounts,Moderate,84.2,75.4,95.3
10073,0.004058252,Low,8724.95410384801,35.40806321597589,1,Loyal High-Value Accounts,Moderate,35.1,77.2,69.3
11923,0.98421997,High,881.606759341503,867.6949767488568,0,Disengaged At-Risk Accounts,Low,99.1,37.7,96.2
13385,0.0005824135,Low,821.4375932366036,0.47841635609253363,1,Loyal High-Value Accounts,High,6.4,37.1,7.8
11765,0.0030776015,Low,16852.700003240592,51.86589562274394,1,Loyal High-Value Accounts,High,29.7,89.3,75.9
10744,0.8232622,High,99.20028955202585,81.667850071578,1,Loyal High-Value Accounts,High,91.4,10.5,82.4
13066,0.10663567,Low,1824.963088357329,194.60615687754878,0,Disengaged At-Risk Accounts,Low,86.1,48.4,90.3
11006,0.10963445,Low,73.95830708981954,8.10837843669946,0,Disengaged At-Risk Accounts,Low,86.2,8.9,41.0
12669,0.0016378189,Low,594.4360709953056,0.9735786163792599,1,Loyal High-Value Accounts,High,18.9,33.9,11.3
11191,0.036936916,Low,107.54684112105919,3.9724486807473802,0,Disengaged At-Risk Accounts,Low,76.4,11.0,28.7
13818,0.0019204709,Low,13997.790784251538,26.882349186179606,1,Loyal High-Value Accounts,High,21.5,85.8,64.2
12602,0.008243751,Low,241.27565397983847,1.9890163608893539,1,Loyal High-Value Accounts,Moderate,49.5,21.9,18.6
11126,0.0074723014,Low,17739.30646510242,132.55344396070737,1,Loyal High-Value Accounts,Moderate,47.6,90.2,87.5
11242,0.06498351,Low,53.75743905419943,3.4933470504503332,0,Disengaged At-Risk Accounts,Low,82.6,8.1,26.5
13035,0.0043038446,Low,7701.368040494402,33.145491605026145,1,Loyal High-Value Accounts,Moderate,36.2,74.0,67.9
14260,0.0023734053,Low,2336.455428906178,5.5453556200326535,1,Loyal High-Value Accounts,High,25.0,54.6,34.3
13670,0.010503013,Low,1092.5830157328223,11.475413275807426,1,Loyal High-Value Accounts,High,54.4,39.7,47.0
10999,0.0118625285,Low,236.8286430272652,2.809386529988315,1,Loyal High-Value Accounts,High,56.6,21.6,23.1
14811,0.0227581,Low,2509.475796966106,57.11090159120223,0,Disengaged At-Risk Accounts,Moderate,68.6,56.1,77.3
12685,0.006597118,Low,19515.836663564216,128.7482770753824,1,Loyal High-Value Accounts,High,45.2,91.8,87.4
11578,0.0049452423,Low,146.87245781140524,0.7263198928078275,0,Disengaged At-Risk Accounts,Moderate,39.6,13.4,10.0
14938,0.01712318,Low,16982.82405914524,290.79994495549516,1,Loyal High-Value Accounts,Moderate,63.3,89.5,92.3
11827,0.9844237,High,741.3228583188976,729.7757888530277,0,Disengaged At-Risk Accounts,Low,99.1,36.1,95.7
13510,0.0014231523,Low,190.5692600544798,0.2712090769520849,1,Loyal High-Value Accounts,Moderate,16.4,17.1,6.2
11307,0.021289825,Low,232.61492915921227,4.952331236410384,1,Loyal High-Value Accounts,High,67.0,21.3,32.4
14682,0.010565273,Low,23375.544411115745,246.96901906691082,1,Loyal High-Value Accounts,Moderate,54.5,95.3,91.7
10441,0.07703297,Low,1936.8288708426717,149.19967720752837,1,Loyal High-Value Accounts,Moderate,83.9,50.1,88.5
10805,0.0014972441,Low,5908.7059478614165,8.84677519662163,1,Loyal High-Value Accounts,High,17.4,67.9,42.5
11101,0.00090862816,Low,20794.770291774203,18.894713957772954,1,Loyal High-Value Accounts,High,10.9,93.4,57.5
12638,0.0021632542,Low,2938.9686800636623,6.3577363121210535,1,Loyal High-Value Accounts,High,23.5,58.7,36.6
14809,0.053742133,Low,2190.971730553842,117.74749432004432,0,Disengaged At-Risk Accounts,Low,80.4,53.2,86.5
10650,0.003724744,Low,1165.4216006390586,4.340897205087784,1,Loyal High-Value Accounts,Moderate,33.2,40.4,30.2
11547,0.00035577506,Low,20496.31259998457,7.292076857291109,1,Loyal High-Value Accounts,High,3.1,92.6,39.2
13771,0.0058509507,Low,7694.129895478793,45.017974864430606,0,Disengaged At-Risk Accounts,Moderate,42.8,73.9,73.6
13794,0.0011320465,Low,240.52548324253118,0.2722860205423131,1,Loyal High-Value Accounts,High,13.4,21.9,6.2
14511,0.004872469,Low,1570.8550524691775,7.653942910280897,1,Loyal High-Value Accounts,High,39.3,44.5,40.0
14959,0.05222703,Low,1537.3324570506913,80.29031056741599,0,Disengaged At-Risk Accounts,Low,80.2,44.1,82.1
14898,0.06924794,Low,1008.6266679354138,69.84531766488243,0,Disengaged At-Risk Accounts,Low,83.1,38.8,80.1
10631,0.018390048,Low,7412.369195706353,136.31382749133346,1,Loyal High-Value Accounts,Moderate,64.6,73.1,87.8
10673,0.0016689958,Low,6056.506643528405,10.108284322530592,1,Loyal High-Value Accounts,Low,19.1,68.5,45.0
11250,0.005458379,Low,4925.345208992411,26.88440166593672,1,Loyal High-Value Accounts,Moderate,41.5,64.8,64.2
10483,0.19696672,Low,3812.9841332729197,751.0309880855954,1,Loyal High-Value Accounts,High,87.8,62.0,95.8
11585,0.024044627,Low,9192.869443932832,221.03911981522333,1,Loyal High-Value Accounts,Low,69.6,78.3,91.1
14510,0.8999355,High,547.8635286890284,493.0418298197252,0,Disengaged At-Risk Accounts,Low,93.3,33.0,94.2
14769,0.013653245,Low,236.9400544486147,3.2350005718133956,1,Loyal High-Value Accounts,High,59.3,21.6,25.3
13241,0.017026002,Low,4422.359446604355,75.29509895842608,1,Loyal High-Value Accounts,Moderate,63.0,63.5,81.3
11463,0.006368816,Low,261.6037306127188,1.666105998736597,1,Loyal High-Value Accounts,High,44.6,23.8,16.3
14142,0.025499381,Low,606.0213065113895,15.453168264588182,0,Disengaged At-Risk Accounts,Low,70.6,34.0,53.1
13861,0.05743882,Low,121.41634590505807,6.974011710410054,0,Disengaged At-Risk Accounts,Low,81.2,11.6,38.2
14892,0.0003036026,Low,4656.094368094774,1.4136023690289719,1,Loyal High-Value Accounts,High,2.2,64.2,14.6
12579,0.00072774244,Low,20572.507348437754,14.971486791851348,1,Loyal High-Value Accounts,High,8.7,92.7,52.5
14052,0.0027449527,Low,4073.61217896833,11.181872677739689,1,Loyal High-Value Accounts,Moderate,27.5,62.6,46.5
10050,0.8557326,High,-21.75790719623188,0.0,1,Loyal High-Value Accounts,High,92.0,2.8,2.8
14424,0.011088834,Low,4546.531005994608,50.415728256823556,1,Loyal High-Value Accounts,High,55.5,64.0,75.5
13260,0.00028259688,Low,1389.4828460530068,0.3926635227528932,1,Loyal High-Value Accounts,High,1.8,42.5,7.1
10859,0.06385248,Low,2332.4341477797825,148.93170837374544,0,Disengaged At-Risk Accounts,Low,82.5,54.5,88.5
11073,0.9799861,High,1643.5120751211903,1610.6189421031709,0,Disengaged At-Risk Accounts,Low,98.6,45.5,98.1
10720,0.0056804777,Low,7884.6150933743675,44.788380308004086,1,Loyal High-Value Accounts,Moderate,42.3,74.5,73.6
14238,0.22820804,Low,61.00438401412699,13.921690616319177,1,Loyal High-Value Accounts,Moderate,88.1,8.3,50.9
12632,0.29804698,Low,27.715787481044572,8.260606655271891,0,Disengaged At-Risk Accounts,Low,88.5,6.7,41.2
12048,0.9867719,High,610.0508170360337,601.9809925862785,0,Disengaged At-Risk Accounts,Low,99.4,34.2,95.0
11661,0.0011499117,Low,20714.176749557453,23.81947350188789,1,Loyal High-Value Accounts,High,13.6,93.1,62.3
11657,0.00048569628,Low,6344.014062698369,3.0812640107438574,1,Loyal High-Value Accounts,High,5.0,69.5,24.4
12426,0.7611037,High,820.8492609446104,624.7514011682975,1,Loyal High-Value Accounts,Moderate,90.6,37.1,95.1
13755,0.018214792,Low,1736.031865001981,31.621459349243814,0,Disengaged At-Risk Accounts,Low,64.4,46.8,67.1
14671,0.00060031493,Low,20743.895278891923,12.45287008260173,1,Loyal High-Value Accounts,High,6.8,93.2,48.7
13315,0.006847269,Low,3772.378986552541,25.830493320294288,1,Loyal High-Value Accounts,Moderate,45.8,61.9,63.7
13661,0.0001748725,Low,16507.41328545106,2.8866927029014677,1,Loyal High-Value Accounts,High,0.4,88.9,23.6
14616,0.88665724,High,1656.2471603418173,1468.5235326449365,1,Loyal High-Value Accounts,High,92.8,45.8,97.8
14618,0.0045308424,Low,1863.458940037855,8.443038805976382,0,Disengaged At-Risk Accounts,Low,37.4,48.8,41.7
14899,0.02040608,Low,147.00189004078976,2.9997323885773484,1,Loyal High-Value Accounts,Low,66.3,13.4,24.1
12935,0.07984422,Low,2411.706156933273,192.56080052135133,1,Loyal High-Value Accounts,Moderate,84.4,55.1,90.1
14256,0.002190315,Low,2939.033505387098,6.437408971895165,1,Loyal High-Value Accounts,High,23.7,58.7,36.8
14040,0.012858172,Low,4737.903619360514,60.92077940747456,1,Loyal High-Value Accounts,Moderate,58.0,64.4,78.2
12607,0.033506207,Low,4805.555247655772,161.0159296857153,1,Loyal High-Value Accounts,High,75.1,64.5,89.0
11386,0.0038476726,Low,3222.3605373732407,12.398588359940396,1,Loyal High-Value Accounts,High,34.0,60.4,48.5
14087,0.96886694,High,461.433344197198,447.0675141964907,0,Disengaged At-Risk Accounts,Low,97.9,31.6,93.8
11400,0.043417115,Low,1245.8923671861694,54.09305189027666,0,Disengaged At-Risk Accounts,Low,78.1,41.0,76.6
11196,0.0009121378,Low,24765.180294727073,22.589256952745693,1,Loyal High-Value Accounts,Moderate,11.0,96.4,61.2
11409,0.026520304,Low,263.8813803182023,6.998214526740755,1,Loyal High-Value Accounts,Moderate,71.3,24.2,38.3
14076,0.024537316,Low,1674.6815454808857,41.09218959784709,0,Disengaged At-Risk Accounts,Low,70.0,46.0,71.8
11799,0.0018010298,Low,7558.398269049741,13.612900364228917,1,Loyal High-Value Accounts,High,20.4,73.6,50.5
11476,0.018291932,Low,1457.9435825178389,26.668604287169277,0,Disengaged At-Risk Accounts,Low,64.5,43.2,64.1
13430,0.022980057,Low,1519.3462752222147,34.91466355623609,1,Loyal High-Value Accounts,Moderate,68.9,43.9,69.1
10036,0.00054385106,Low,3513.126647242,1.9106176374427573,1,Loyal High-Value Accounts,High,5.7,61.3,18.0
13774,0.023161108,Low,227.3381941166585,5.265404392403445,1,Loyal High-Value Accounts,Moderate,69.0,20.9,33.6
12346,0.0026453126,Low,15371.314102558023,40.66193049935395,1,Loyal High-Value Accounts,High,26.6,87.9,71.6
13389,0.04654138,Low,30.86706936716677,1.436596055134306,0,Disengaged At-Risk Accounts,Low,79.0,6.9,14.7
12360,0.011632577,Low,188.31085217205745,2.1905404096434187,1,Loyal High-Value Accounts,High,56.3,16.9,19.8
13007,0.006674566,Low,10340.982737564844,69.02157013747988,1,Loyal High-Value Accounts,Moderate,45.4,80.4,80.0
12207,0.0012350037,Low,7313.121428144443,9.031732019006107,1,Loyal High-Value Accounts,Moderate,14.6,72.9,42.9
13413,0.97782063,High,-510.27663316655196,0.0,0,Disengaged At-Risk Accounts,Low,98.4,2.8,2.8
14017,0.0020131778,Low,187.96508169767924,0.37840713787513774,1,Loyal High-Value Accounts,High,22.3,16.9,7.0
11287,0.9000807,High,381.0221972977338,342.9507187616282,0,Disengaged At-Risk Accounts,Low,93.3,30.0,93.0
10350,0.009273917,Low,3410.4849109961037,31.62855540711677,1,Loyal High-Value Accounts,High,51.8,60.9,67.1
12138,0.006523955,Low,210.37319756754496,1.372465305211718,1,Loyal High-Value Accounts,Moderate,44.9,19.1,14.4
12692,0.07621066,Low,4.081964770515958,0.3110892403712763,0,Disengaged At-Risk Accounts,Low,83.8,5.6,6.5
14245,0.006936132,Low,11728.497151155789,81.35040412694693,1,Loyal High-Value Accounts,Moderate,46.0,82.9,82.4
13335,0.008306967,Low,455.5736686777955,3.784435474845587,0,Disengaged At-Risk Accounts,Low,49.7,31.5,27.6
11682,0.005579105,Low,738.2101072099905,4.118551783383294,1,Loyal High-Value Accounts,Moderate,42.0,36.0,29.5
14185,0.016820546,Low,40.81965113002058,0.6866088293174429,0,Disengaged At-Risk Accounts,Low,62.9,7.4,9.7
11444,0.00039109346,Low,17671.541459865544,6.91122431208327,1,Loyal High-Value Accounts,High,3.6,90.0,38.1
13460,0.004639985,Low,9509.305550389467,44.12303549298149,1,Loyal High-Value Accounts,High,37.9,78.9,73.2
11672,0.004814811,Low,14161.811870923282,68.18644829677318,1,Loyal High-Value Accounts,Moderate,39.0,86.0,79.7
14520,0.0010784997,Low,18161.090864589474,19.586731301800594,1,Loyal High-Value Accounts,High,12.8,90.7,58.3
11180,0.0021397958,Low,2168.987612061988,4.64119059207773,1,Loyal High-Value Accounts,High,23.4,52.9,31.2
12799,0.010448788,Low,4957.691204207214,51.801865813371904,1,Loyal High-Value Accounts,Moderate,54.2,64.9,75.9
11693,0.0023928734,Low,178.26732633868912,0.42657114343155456,1,Loyal High-Value Accounts,High,25.2,16.1,7.3
14115,0.011796889,Low,1276.4783231068056,15.058472954991727,1,Loyal High-Value Accounts,Low,56.4,41.3,52.6
10373,0.4685327,Medium,1443.9827610350303,676.5531580512319,0,Disengaged At-Risk Accounts,Low,89.2,43.1,95.4
13056,0.057968624,Low,950.4406046319584,55.09573398358202,0,Disengaged At-Risk Accounts,Moderate,81.4,38.4,76.9
13849,0.002291604,Low,10498.621511086372,24.05868247392171,1,Loyal High-Value Accounts,High,24.4,80.7,62.4
11917,0.0019730972,Low,9486.376052396872,18.71754214677946,1,Loyal High-Value Accounts,Moderate,22.0,78.9,57.3
11358,0.7305513,High,466.330415504913,340.67829241124275,0,Disengaged At-Risk Accounts,Low,90.3,31.8,92.9
11826,0.0004939069,Low,30017.703859371166,14.825951178730019,1,Loyal High-Value Accounts,High,5.1,99.0,52.3
10787,0.03213096,Low,529.6320473926684,17.017586328141327,1,Loyal High-Value Accounts,Low,74.5,32.8,55.1
10470,0.7913284,High,2263.56672177653,1791.2245656224704,0,Disengaged At-Risk Accounts,Low,90.9,53.8,98.4
10141,0.69300216,High,631.1535260540574,437.3907596013443,0,Disengaged At-Risk Accounts,Low,90.1,34.7,93.7
10789,0.0158246,Low,6158.705216877752,97.45904159597652,1,Loyal High-Value Accounts,Moderate,61.8,68.8,84.5
10324,0.016429618,Low,1918.3166802715073,31.51721026177699,0,Disengaged At-Risk Accounts,Low,62.5,49.8,67.0
10051,0.00077919976,Low,4957.747023686452,3.863075306867824,1,Loyal High-Value Accounts,High,9.4,64.9,28.2
10715,0.8976173,High,4409.2187795659165,3957.7909699696143,1,Loyal High-Value Accounts,Low,93.2,63.4,99.4
14628,0.022792332,Low,2057.1335335529,46.886870206634335,0,Disengaged At-Risk Accounts,Low,68.7,51.6,74.4
12841,0.0025082391,Low,918.456956361767,2.30370966991848,1,Loyal High-Value Accounts,Moderate,25.8,38.0,20.5
12447,0.0007989336,Low,2154.826761423301,1.7215635351558811,1,Loyal High-Value Accounts,High,9.6,52.8,16.5
14961,0.002368197,Low,21056.285906196386,49.865434754171076,1,Loyal High-Value Accounts,High,24.9,93.9,75.3
14557,0.008273222,Low,13201.16614423236,109.21617226090646,1,Loyal High-Value Accounts,Moderate,49.7,84.8,85.7
14894,0.00087481766,Low,166.36601803067288,0.14553993099750628,1,Loyal High-Value Accounts,High,10.6,15.0,5.6
13216,0.004591841,Low,9473.208678680776,43.49946597555154,1,Loyal High-Value Accounts,High,37.7,78.8,73.0
12667,0.0059064953,Low,185.13465395012082,1.0934969570664854,1,Loyal High-Value Accounts,Low,43.2,16.6,12.4
10407,0.00023039863,Low,25986.788457797596,5.987320347487915,1,Loyal High-Value Accounts,High,1.1,96.9,35.7
14491,0.016427616,Low,1486.1046820260196,24.413156543058562,0,Disengaged At-Risk Accounts,Low,62.5,43.5,62.7
11005,0.0028960537,Low,6709.460785988671,19.430958845244138,1,Loyal High-Value Accounts,Low,28.4,70.9,58.2
14263,0.0026797913,Low,182.2595035663933,0.4884174322709016,1,Loyal High-Value Accounts,High,26.9,16.4,7.8
10891,0.3985315,Medium,-2.879115973127091,0.0,0,Disengaged At-Risk Accounts,Low,89.0,2.8,2.8
12412,0.013995669,Low,-43.48796877786406,0.0,1,Loyal High-Value Accounts,Moderate,59.7,2.8,2.8
12546,0.04572265,Low,3621.82076307894,165.59923768531687,0,Disengaged At-Risk Accounts,Low,78.7,61.5,89.3
14921,0.036160678,Low,481.55927510755765,17.41350972685308,0,Disengaged At-Risk Accounts,Low,76.1,32.1,55.6
12391,0.030554673,Low,287.272758430162,8.777525110363795,1,Loyal High-Value Accounts,Low,73.7,25.9,42.4
14148,0.003885584,Low,7904.023057897963,30.711745150553902,1,Loyal High-Value Accounts,High,34.3,74.6,66.7
10043,0.0040524784,Low,13321.719014015205,53.98597794801842,1,Loyal High-Value Accounts,High,35.1,84.9,76.5
12831,0.0025335564,Low,2790.6374708829762,7.070237502033562,1,Loyal High-Value Accounts,High,26.0,57.9,38.6
13528,0.01240134,Low,149.37339548826694,1.8524302043563667,1,Loyal High-Value Accounts,High,57.4,13.6,17.7
13023,0.028668009,Low,592.520488693656,16.98638255129351,0,Disengaged At-Risk Accounts,Low,72.8,33.8,55.1
10304,0.003981103,Low,1511.73968715082,6.018391689891746,0,Disengaged At-Risk Accounts,Low,34.7,43.8,35.9
14653,0.0017174287,Low,24671.769781039093,42.3720049289704,1,Loyal High-Value Accounts,High,19.8,96.3,72.4
11276,0.9677145,High,-284.33086063802716,0.0,0,Disengaged At-Risk Accounts,Low,97.8,2.8,2.8
10665,0.038446248,Low,458.40765379553994,17.624054149320898,0,Disengaged At-Risk Accounts,Moderate,76.8,31.5,56.0
11178,0.034574524,Low,3081.1511922936115,106.52933451499936,0,Disengaged At-Risk Accounts,Low,75.4,59.9,85.4
12677,0.067396544,Low,143.25605622866732,9.654963085427115,0,Disengaged At-Risk Accounts,Low,82.8,13.0,44.1
11948,0.023498269,Low,161.7662394747007,3.80122657761713,1,Loyal High-Value Accounts,Low,69.1,14.7,27.6
12502,0.017655881,Low,255.8663400139505,4.517545682344764,1,Loyal High-Value Accounts,Moderate,63.8,23.4,30.9
11474,0.83323157,High,15.192743569370066,12.659073551640295,0,Disengaged At-Risk Accounts,Low,91.6,6.0,49.1
13713,0.03768867,Low,3182.639541257211,119.94944763522845,0,Disengaged At-Risk Accounts,Moderate,76.6,60.3,86.6
13751,0.012331366,Low,187.71510040654178,2.314783533195219,1,Loyal High-Value Accounts,High,57.2,16.8,20.5
12133,0.025340172,Low,5055.529047257298,128.1079732366581,1,Loyal High-Value Accounts,Moderate,70.6,65.3,87.3
11027,0.0041056927,Low,3952.4012921255226,16.227345248568735,1,Loyal High-Value Accounts,Moderate,35.4,62.3,54.0
12990,0.013720383,Low,235.62452463463572,3.232858707170583,1,Loyal High-Value Accounts,Moderate,59.3,21.5,25.3
10962,0.0070914403,Low,2125.3407436054604,15.071726916294145,0,Disengaged At-Risk Accounts,Low,46.5,52.4,52.7
12890,0.0030037633,Low,358.668171937081,1.0773542801829656,1,Loyal High-Value Accounts,High,29.1,29.3,12.2
13022,0.016650606,Low,2954.7257434500866,49.19797403499176,1,Loyal High-Value Accounts,High,62.7,58.9,75.0
13016,0.016021831,Low,243.07236289597395,3.8944643096364455,1,Loyal High-Value Accounts,Moderate,62.0,22.1,28.4
14772,0.07815878,Low,4.856052876667539,0.37954317298373746,0,Disengaged At-Risk Accounts,Low,84.1,5.6,7.0
12010,0.0016303112,Low,11417.589837261281,18.614225156779113,1,Loyal High-Value Accounts,High,18.8,82.6,57.2
12150,0.008211072,Low,5086.641001928218,41.7667734855891,1,Loyal High-Value Accounts,Moderate,49.4,65.4,72.2
13542,0.94126964,High,870.3987478707832,819.2799127173814,0,Disengaged At-Risk Accounts,Low,95.5,37.5,96.0
12339,0.0028307268,Low,8367.841239183339,23.68707239562671,1,Loyal High-Value Accounts,Moderate,28.1,75.9,62.0
10736,0.0010430963,Low,2324.650056697612,2.424833875599773,1,Loyal High-Value Accounts,Moderate,12.4,54.4,20.9
10305,0.009983768,Low,8320.571408194935,83.07065253105408,1,Loyal High-Value Accounts,Moderate,53.3,75.8,82.5
11441,0.004315581,Low,29119.77686758381,125.66876080310644,1,Loyal High-Value Accounts,High,36.2,98.8,87.1
11497,0.0067529003,Low,7992.526807935728,53.972736787653666,1,Loyal High-Value Accounts,Moderate,45.6,74.9,76.5
12653,0.0021622973,Low,9713.886483198765,21.00431009054207,1,Loyal High-Value Accounts,Moderate,23.4,79.3,59.8
12876,0.00061642146,Low,24991.028910682388,15.40500646254996,1,Loyal High-Value Accounts,Moderate,7.1,96.5,53.0
10917,0.004919452,Low,8233.202243385904,40.50284428881598,1,Loyal High-Value Accounts,High,39.4,75.6,71.6
14631,0.0020506666,Low,7721.910067600154,15.835063096194405,1,Loyal High-Value Accounts,High,22.6,74.0,53.7
13967,0.93044424,High,14.184777965289197,13.198144961568547,0,Disengaged At-Risk Accounts,Low,94.9,6.0,49.9
14767,0.0064307465,Low,232.0554086436307,1.4922895120000814,1,Loyal High-Value Accounts,Moderate,44.7,21.3,15.1
14756,0.032266825,Low,1402.6456081141184,45.2589209877585,0,Disengaged At-Risk Accounts,Low,74.5,42.7,73.7
12773,0.03021936,Low,8086.722391108177,244.37556968533994,1,Loyal High-Value Accounts,Low,73.5,75.1,91.6
11625,0.54621816,Medium,1707.28049048865,932.5476026801942,0,Disengaged At-Risk Accounts,Low,89.4,46.4,96.5
14089,0.0002576247,Low,24735.216899517007,6.372402625028099,1,Loyal High-Value Accounts,High,1.4,96.3,36.7
10822,0.007631766,Low,280.0143307039086,2.1370038889530645,1,Loyal High-Value Accounts,High,47.8,25.5,19.5
14397,0.0024072886,Low,626.588300779986,1.5083789012209166,1,Loyal High-Value Accounts,High,25.4,34.6,15.3
11355,0.0058548823,Low,8452.224231239374,49.486778046269755,1,Loyal High-Value Accounts,Moderate,42.8,76.3,75.1
13006,0.012990664,Low,303.41614177718554,3.9415770770050065,1,Loyal High-Value Accounts,High,58.4,27.0,28.5
10851,0.0097717205,Low,269.5203539994733,2.6336775700286434,1,Loyal High-Value Accounts,Moderate,52.9,24.6,22.2
11001,0.0005170871,Low,29482.37387254015,15.24495566209067,1,Loyal High-Value Accounts,High,5.3,98.8,52.9
13602,0.0021414175,Low,20303.864281661627,43.47904967779376,1,Loyal High-Value Accounts,High,23.4,92.4,73.0
10019,0.03595908,Low,2135.0401473574166,76.77407916663496,1,Loyal High-Value Accounts,Low,76.0,52.5,81.5
11638,0.39104652,Medium,2.7444669538438604,1.073214262664837,1,Loyal High-Value Accounts,High,88.9,5.5,12.2
11668,0.0027844764,Low,23247.328540311082,64.73163728038483,1,Loyal High-Value Accounts,Moderate,27.8,95.2,79.1
10494,0.99104565,High,383.1088404400103,379.67835125810655,0,Disengaged At-Risk Accounts,Low,99.8,30.0,93.3
13174,0.014680627,Low,8426.73692520637,123.70977995882168,1,Loyal High-Value Accounts,Moderate,60.6,76.3,86.9
11348,0.053287026,Low,31.23099135317242,1.6642066339093453,0,Disengaged At-Risk Accounts,Low,80.3,7.0,16.2
13019,0.060157236,Low,1580.0262343021595,95.05001060776324,0,Disengaged At-Risk Accounts,Low,81.8,44.7,84.2
13974,0.0009459534,Low,19488.7264262025,18.435427403241892,1,Loyal High-Value Accounts,Moderate,11.5,91.8,57.0
13472,0.55509984,Medium,406.25362315015775,225.51132321394167,0,Disengaged At-Risk Accounts,Low,89.5,30.6,91.2
13853,0.91876394,High,1571.048834785099,1443.4230104134551,0,Disengaged At-Risk Accounts,Moderate,94.3,44.5,97.7
13711,0.022058725,Low,132.4913797843285,2.922590958839859,0,Disengaged At-Risk Accounts,Low,67.9,12.4,23.8
10688,0.0018117013,Low,1220.9307629158593,2.211961897681318,1,Loyal High-Value Accounts,Low,20.5,40.7,19.9
13978,0.0047322353,Low,294.3240650736346,1.3928107406274295,1,Loyal High-Value Accounts,High,38.5,26.4,14.4
11609,0.11125878,Low,1300.6520925863579,144.70896820750025,0,Disengaged At-Risk Accounts,Low,86.3,41.6,88.3
14972,0.00019892729,Low,15316.18367788249,3.0468068503764805,1,Loyal High-Value Accounts,High,0.7,87.8,24.3
13629,0.007802876,Low,9066.168732455013,70.74219202979017,1,Loyal High-Value Accounts,Moderate,48.3,77.9,80.2
11010,0.035940118,Low,143.2678669435542,5.149064062760648,0,Disengaged At-Risk Accounts,Low,75.9,13.1,33.3
12409,0.7432779,High,267.7854469792717,199.03900665530045,0,Disengaged At-Risk Accounts,Low,90.3,24.5,90.4
11093,0.0016599512,Low,6303.997754575058,10.464328465840449,1,Loyal High-Value Accounts,Moderate,19.1,69.4,45.4
11328,0.0024088705,Low,2947.1501156168447,7.099302960367451,1,Loyal High-Value Accounts,High,25.4,58.8,38.6
14802,0.0060745794,Low,3837.6562572975176,23.312147769993896,1,Loyal High-Value Accounts,High,43.6,62.1,61.6
11678,0.96213114,High,-449.95782595013384,0.0,0,Disengaged At-Risk Accounts,Low,97.3,2.8,2.8
12000,0.9156189,High,-168.08944089740245,0.0,0,Disengaged At-Risk Accounts,Low,94.1,2.8,2.8
11311,0.98286957,High,385.63407108122004,379.0279918805461,0,Disengaged At-Risk Accounts,Low,99.0,30.1,93.3
14973,0.90865594,High,-41.196710604723556,0.0,0,Disengaged At-Risk Accounts,Moderate,93.7,2.8,2.8
14980,0.1534156,Low,2161.1574410685316,331.5552772420764,1,Loyal High-Value Accounts,Moderate,87.3,52.8,92.8
11988,0.00954129,Low,10753.309639131912,102.6004444457302,1,Loyal High-Value Accounts,Moderate,52.4,81.4,85.0
13890,0.0018182738,Low,18162.97462648256,33.025260867290314,1,Loyal High-Value Accounts,High,20.6,90.7,67.8
10345,0.0011577538,Low,8731.9742940328,10.109475997906495,1,Loyal High-Value Accounts,Moderate,13.7,77.3,45.0
14317,0.0038273279,Low,1012.305709152438,3.8744258458874294,1,Loyal High-Value Accounts,Moderate,33.9,38.9,28.2
10987,0.9907098,High,517.9904918893692,513.1782471147984,0,Disengaged At-Risk Accounts,Low,99.8,32.6,94.3
10588,0.077834554,Low,2407.697652876271,187.40207301841536,0,Disengaged At-Risk Accounts,Low,84.0,55.1,89.9
14835,0.07411131,Low,88.68357561712524,6.572456197511232,0,Disengaged At-Risk Accounts,Low,83.6,9.8,37.3
14447,0.8632598,High,1187.595483787324,1025.2034307037745,0,Disengaged At-Risk Accounts,Low,92.2,40.5,96.7
14596,0.5094382,Medium,7305.7394470594845,3721.822875484365,1,Loyal High-Value Accounts,Low,89.4,72.9,99.3
13756,0.22710219,Low,18.225692871671285,4.13909477009188,0,Disengaged At-Risk Accounts,Low,88.1,6.2,29.5
13232,0.00028454373,Low,4458.546661707233,1.2686514823120973,1,Loyal High-Value Accounts,Moderate,1.9,63.6,13.7
11143,0.0030820363,Low,6624.550230238507,20.417104105575365,1,Loyal High-Value Accounts,Moderate,29.7,70.4,59.2
12359,0.007297978,Low,10570.74014081387,77.1450269315371,1,Loyal High-Value Accounts,Moderate,47.0,81.0,81.5
11199,0.0018071154,Low,22850.28894474725,41.2931088172107,1,Loyal High-Value Accounts,High,20.5,94.6,72.0
10086,0.00237411,Low,26695.491054114926,63.378033465419435,1,Loyal High-Value Accounts,High,25.0,97.5,78.8
11519,0.0033242868,Low,2535.56841120982,8.428956547620633,1,Loyal High-Value Accounts,Moderate,30.9,56.3,41.7
10517,0.5560262,Medium,50.56224994529057,28.113936728038734,0,Disengaged At-Risk Accounts,Low,89.5,7.9,65.2
11382,0.0046382453,Low,3382.444408432459,15.688606978896251,1,Loyal High-Value Accounts,High,37.9,60.9,53.4
12717,0.48749164,Medium,1863.7637965913464,908.5692650545219,0,Disengaged At-Risk Accounts,Low,89.3,48.8,96.3
13291,0.61435914,High,3.729278763603284,2.291116495504812,0,Disengaged At-Risk Accounts,Low,89.7,5.6,20.4
11015,0.023972442,Low,1860.8730203902564,44.60967124595452,0,Disengaged At-Risk Accounts,Moderate,69.5,48.8,73.5
10129,0.0049323468,Low,227.33236561473157,1.1212820555680567,1,Loyal High-Value Accounts,High,39.5,20.8,12.5
11365,0.9314222,High,-495.559086501329,0.0,0,Disengaged At-Risk Accounts,Low,95.0,2.8,2.8
13863,0.027884524,Low,193.07106800696576,5.383694890478254,1,Loyal High-Value Accounts,Moderate,72.3,17.3,33.9
14164,0.0021339394,Low,653.112297220291,1.3937020736009373,0,Disengaged At-Risk Accounts,Low,23.3,35.0,14.4
13334,0.00033513983,Low,4729.933611467658,1.5851891635976767,1,Loyal High-Value Accounts,Moderate,2.8,64.4,15.7
10892,0.01203607,Low,992.0527578361848,11.94041666282338,1,Loyal High-Value Accounts,Low,56.8,38.5,47.8
12794,0.0017676599,Low,8926.773480773294,15.779499599507615,1,Loyal High-Value Accounts,Low,20.1,77.7,53.5
14340,0.0057525886,Low,13065.480160372636,75.16033251508036,1,Loyal High-Value Accounts,Low,42.6,84.5,81.3
11360,0.00021445789,Low,23008.220012889848,4.934294322410181,1,Loyal High-Value Accounts,High,0.9,94.9,32.3
10308,0.008097559,Low,6182.352818454971,50.0619680270428,1,Loyal High-Value Accounts,High,49.2,68.9,75.4
11662,0.038393244,Low,518.7964875433992,19.91828020901578,1,Loyal High-Value Accounts,High,76.8,32.7,58.8
12432,0.0072755856,Low,556.8987862546804,4.05176476254089,1,Loyal High-Value Accounts,Moderate,46.9,33.1,29.1
14146,0.010473612,Low,308.89908748720325,3.235289116783208,1,Loyal High-Value Accounts,High,54.2,27.4,25.3
11318,0.018256307,Low,193.13051727741825,3.525849946552541,1,Loyal High-Value Accounts,High,64.4,17.4,26.5
14438,0.00652398,Low,202.8323616731102,1.3232742359726262,1,Loyal High-Value Accounts,High,44.9,18.2,14.2
12475,0.020957157,Low,1879.8261118414052,39.395810988262035,0,Disengaged At-Risk Accounts,Low,66.8,49.1,71.1
12543,0.74458957,High,-264.804032442173,0.0,0,Disengaged At-Risk Accounts,Low,90.4,2.8,2.8
11247,0.0030215902,Low,221.14405188790016,0.6682066952916844,1,Loyal High-Value Accounts,High,29.2,20.2,9.5
10864,0.03448149,Low,280.4081923843341,9.668891767977868,0,Disengaged At-Risk Accounts,Low,75.4,25.5,44.1
11209,0.00656461,Low,17109.58968374604,112.31778647774533,1,Loyal High-Value Accounts,High,45.1,89.7,86.1
10217,0.0010139091,Low,39054.15870382594,39.59736757902019,1,Loyal High-Value Accounts,High,12.1,99.9,71.2
14414,0.001938086,Low,14282.624538720906,27.68095470552925,1,Loyal High-Value Accounts,High,21.7,86.3,64.8
13266,0.002476087,Low,2108.2037749262126,5.22009611405825,1,Loyal High-Value Accounts,High,25.7,52.2,33.5
11240,0.00057885126,Low,1248.1480658285627,0.7224920861079591,1,Loyal High-Value Accounts,High,6.4,41.1,9.9
12290,0.0025658428,Low,762.9323269896128,1.9575644336050673,1,Loyal High-Value Accounts,High,26.2,36.5,18.3
12741,0.0016755468,Low,6067.871558773229,10.16700247795775,1,Loyal High-Value Accounts,High,19.2,68.6,45.1
10276,0.9479321,High,-409.94261425827267,0.0,0,Disengaged At-Risk Accounts,Low,96.1,2.8,2.8
10490,0.011842743,Low,251.62626536288334,2.9799450826041047,1,Loyal High-Value Accounts,High,56.5,22.9,24.1
11036,0.3186665,Medium,671.7923233654692,214.0777003066904,1,Loyal High-Value Accounts,High,88.6,35.2,91.0
11230,0.0020145923,Low,2800.38002917766,5.641624015640201,1,Loyal High-Value Accounts,High,22.3,57.9,34.4
14725,0.0007295989,Low,7931.883534583703,5.787093659295668,1,Loyal High-Value Accounts,High,8.8,74.7,34.9
11009,0.04017487,Low,6632.775438467262,266.47090214337703,1,Loyal High-Value Accounts,Moderate,77.2,70.5,92.0
14853,0.0030396408,Low,8386.561042603042,25.492133453448172,1,Loyal High-Value Accounts,Low,29.4,76.0,63.4
13332,0.000717805,Low,797.8819227028226,0.5727236335432959,1,Loyal High-Value Accounts,High,8.6,36.8,8.5
13394,0.007931654,Low,262.05790146366206,2.0785526918735817,1,Loyal High-Value Accounts,Moderate,48.7,23.9,19.1
12533,0.009344799,Low,13287.265033225674,124.16682689582292,1,Loyal High-Value Accounts,Moderate,52.0,84.8,87.0
14300,0.018443553,Low,13727.398852817672,253.18200523522123,1,Loyal High-Value Accounts,Low,64.6,85.5,91.8
11059,0.033200517,Low,998.9068342987281,33.16422363001774,0,Disengaged At-Risk Accounts,Low,74.9,38.7,67.9
12167,0.006880893,Low,163.57825659431907,1.1255644654309833,1,Loyal High-Value Accounts,Low,45.9,14.8,12.6
14323,0.030817373,Low,6269.799700885194,193.21875428959765,1,Loyal High-Value Accounts,Moderate,73.9,69.2,90.2
14426,0.91013455,High,947.7050547917368,862.5391172804677,0,Disengaged At-Risk Accounts,Low,93.7,38.3,96.2
10282,0.0018034719,Low,22975.435404390235,41.43555305278914,1,Loyal High-Value Accounts,High,20.5,94.9,72.1
13800,0.00081925775,Low,27307.812359590982,22.372136954092532,1,Loyal High-Value Accounts,High,9.7,98.0,61.0
11317,0.0036966605,Low,14489.777679851388,53.56378896511089,1,Loyal High-Value Accounts,High,33.1,86.7,76.4
11598,0.0009347929,Low,6334.039144613093,5.9210149179917835,1,Loyal High-Value Accounts,Moderate,11.3,69.4,35.4
10969,0.006071393,Low,1779.8286023871042,10.806038761851276,1,Loyal High-Value Accounts,Moderate,43.6,47.7,45.9
14173,0.0075565865,Low,8394.614107713907,63.434627860126625,1,Loyal High-Value Accounts,Moderate,47.7,76.1,78.8
11940,0.0017980472,Low,36445.10874346772,65.53002640309315,1,Loyal High-Value Accounts,High,20.4,99.9,79.3
13378,0.0030962774,Low,3516.0824566004544,10.886766505818825,1,Loyal High-Value Accounts,Moderate,29.8,61.3,46.0
13750,0.00084436033,Low,27943.561829602906,23.594435065764685,1,Loyal High-Value Accounts,High,10.2,98.5,61.9
10620,0.0021772825,Low,18302.464746141544,39.84963563761766,1,Loyal High-Value Accounts,High,23.6,91.0,71.4
13451,0.0033475792,Low,1066.5629956826122,3.570404053953175,1,Loyal High-Value Accounts,Moderate,31.1,39.5,26.8
11743,0.00074656704,Low,22612.93677422864,16.882073162301776,1,Loyal High-Value Accounts,High,9.0,94.4,54.9
11391,0.006970374,Low,2721.8187180455902,18.972094189937682,0,Disengaged At-Risk Accounts,Low,46.1,57.5,57.6
14455,0.020357525,Low,2268.3316070776514,46.17761734523815,0,Disengaged At-Risk Accounts,Low,66.2,53.8,74.1
11848,0.002740926,Low,11267.435323387825,30.883207662208534,1,Loyal High-Value Accounts,High,27.5,82.5,66.8
11580,0.0015930162,Low,2730.3452194378096,4.349484178236586,1,Loyal High-Value Accounts,Moderate,18.4,57.5,30.3
11656,0.9561321,High,1343.1537863842755,1284.232469113467,0,Disengaged At-Risk Accounts,Low,96.8,42.2,97.4
12353,0.0047482164,Low,5787.014701131084,27.477997905701976,1,Loyal High-Value Accounts,High,38.6,67.3,64.6
12213,0.018452836,Low,193.5845243343975,3.5721835185127153,1,Loyal High-Value Accounts,Low,64.7,17.4,26.8
13276,0.0032803284,Low,4899.133622133808,16.07076693006835,1,Loyal High-Value Accounts,Low,30.7,64.8,53.9
12021,0.004375034,Low,288.5868210720581,1.2625771575764766,1,Loyal High-Value Accounts,High,36.6,25.9,13.6
11060,0.010614611,Low,2064.6496805624533,21.915453640797956,1,Loyal High-Value Accounts,Moderate,54.6,51.7,60.7
11957,0.0043270825,Low,15683.555826717822,67.86404059607874,1,Loyal High-Value Accounts,High,36.2,88.1,79.7
13817,0.058156963,Low,203.04895242212802,11.808710502096405,0,Disengaged At-Risk Accounts,Low,81.4,18.3,47.7
13193,0.041309997,Low,6610.102953551379,273.0633360852751,0,Disengaged At-Risk Accounts,Low,77.5,70.3,92.1
11308,0.016144691,Low,304.07707254215126,4.909230387066376,1,Loyal High-Value Accounts,Moderate,62.1,27.1,32.2
12004,0.00042071313,Low,13726.693928670064,5.775000337407269,1,Loyal High-Value Accounts,Moderate,4.1,85.5,34.9
14595,0.00204172,Low,27980.36626501668,57.12807583675006,1,Loyal High-Value Accounts,High,22.5,98.5,77.3
10576,0.0066508115,Low,1838.4477855449325,12.227169723750823,0,Disengaged At-Risk Accounts,Low,45.4,48.6,48.4
12361,0.010392702,Low,7899.192377758145,82.09395388104113,1,Loyal High-Value Accounts,Low,54.0,74.6,82.4
14334,0.16998848,Low,150.1240725190708,25.519363377902952,0,Disengaged At-Risk Accounts,Low,87.5,13.7,63.4
14576,0.00036323792,Low,17269.319580183055,6.27287177612206,1,Loyal High-Value Accounts,High,3.3,89.9,36.5
11707,0.00029189527,Low,14964.415010447985,4.368041912805711,1,Loyal High-Value Accounts,High,2.0,87.3,30.4
13989,0.09997706,Low,6179.0234917800735,617.7606095001721,1,Loyal High-Value Accounts,Moderate,85.7,68.9,95.1
13700,0.008733541,Low,3106.507982179369,27.13081412523037,0,Disengaged At-Risk Accounts,Low,50.6,60.0,64.4
11281,0.97874796,High,-456.51535342080064,0.0,0,Disengaged At-Risk Accounts,Low,98.5,2.8,2.8
10862,0.020857112,Low,10209.09655126811,212.93227511133833,1,Loyal High-Value Accounts,Moderate,66.8,80.1,91.0
14276,0.0005770021,Low,15179.660459780092,8.758696318754097,1,Loyal High-Value Accounts,Moderate,6.3,87.6,42.4
11802,0.5488135,Medium,32.7770769518859,17.988503038307275,1,Loyal High-Value Accounts,Moderate,89.5,7.2,56.4
11629,0.00034436534,Low,6327.6843067180325,2.179035160382997,1,Loyal High-Value Accounts,Moderate,2.9,69.4,19.6
11994,0.00361579,Low,2081.8353872085668,7.527479672043789,1,Loyal High-Value Accounts,High,32.6,52.0,39.7
12640,0.0043403725,Low,13889.718806440536,60.28655373438106,1,Loyal High-Value Accounts,High,36.4,85.7,78.2
10270,0.001965029,Low,14191.694572905493,27.887090434380934,1,Loyal High-Value Accounts,Low,22.0,86.1,64.9
10630,0.0072291936,Low,11836.46046699715,85.56806401090337,1,Loyal High-Value Accounts,Moderate,46.8,83.0,83.0
13082,0.0023349838,Low,7229.075074041641,16.879773089770424,1,Loyal High-Value Accounts,High,24.7,72.6,54.8
12335,0.09732781,Low,2124.672346570094,206.78971390859806,0,Disengaged At-Risk Accounts,Low,85.6,52.3,90.7
12967,0.0926433,Low,297.00076497272033,27.51513043758377,0,Disengaged At-Risk Accounts,Low,85.3,26.6,64.6
10301,0.003935323,Low,12814.402878372523,50.42881561911063,1,Loyal High-Value Accounts,Moderate,34.4,84.0,75.6
10460,0.005210354,Low,11139.105194473635,58.03868122712927,1,Loyal High-Value Accounts,Low,40.7,82.1,77.6
11448,0.051152818,Low,2008.532270368414,102.74208548236965,0,Disengaged At-Risk Accounts,Low,80.0,50.9,85.1
11473,0.012898399,Low,191.1361767544442,2.465350587637641,1,Loyal High-Value Accounts,High,58.1,17.2,21.2
12047,0.10176102,Low,2105.073200047122,214.2143975271225,0,Disengaged At-Risk Accounts,Low,85.8,52.2,91.0
14360,0.0011939189,Low,13098.689627293968,15.638772716081508,1,Loyal High-Value Accounts,High,14.1,84.5,53.4
14013,0.0033780586,Low,837.2661639214161,2.828334124396699,1,Loyal High-Value Accounts,Low,31.3,37.2,23.2
13566,0.004921093,Low,11722.334097488214,57.686697647548385,1,Loyal High-Value Accounts,Low,39.5,82.9,77.4
12114,0.0014410135,Low,7210.3376300429345,10.390194106876036,1,Loyal High-Value Accounts,High,16.7,72.6,45.3
10028,0.00044341496,Low,40595.84435065961,18.000804682305468,1,Loyal High-Value Accounts,High,4.3,100.0,56.4
14930,0.0053155096,Low,2929.444190450566,15.571488789593568,1,Loyal High-Value Accounts,High,41.0,58.6,53.3
14662,0.9087599,High,135.4190256703293,123.0633791411325,1,Loyal High-Value Accounts,Low,93.7,12.5,86.9
13790,0.0015069082,Low,3967.227778373214,5.978248128622424,1,Loyal High-Value Accounts,Moderate,17.5,62.4,35.7
10838,0.009347351,Low,1494.9314745517609,13.973649614125614,1,Loyal High-Value Accounts,Low,52.0,43.7,51.0
14078,0.017705498,Low,261.9685615420684,4.638283911406536,1,Loyal High-Value Accounts,High,63.9,23.9,31.2
13808,0.004582835,Low,7724.935091825185,35.40210210583561,1,Loyal High-Value Accounts,Moderate,37.7,74.0,69.3
12009,0.00022046652,Low,19341.71109650168,4.264199766630448,1,Loyal High-Value Accounts,High,1.0,91.6,29.9
13074,0.017348045,Low,14898.60211404758,258.46162711106706,1,Loyal High-Value Accounts,Low,63.5,87.1,91.9
10504,0.026097467,Low,479.98093969655366,12.526286815556068,0,Disengaged At-Risk Accounts,Low,71.0,32.0,48.8
13419,0.0011595881,Low,14477.340896676586,16.787752336920654,1,Loyal High-Value Accounts,High,13.8,86.7,54.7
14439,0.00035130963,Low,2871.93497722462,1.0089384164930526,1,Loyal High-Value Accounts,High,3.1,58.2,11.6
10381,0.00792346,Low,1897.810625575849,15.037225885077314,1,Loyal High-Value Accounts,Low,48.6,49.4,52.6
11852,0.0016693701,Low,13200.51563209451,22.036546148685296,1,Loyal High-Value Accounts,Moderate,19.2,84.7,60.8
11526,0.0130349165,Low,196.6374922359028,2.5631532886951676,1,Loyal High-Value Accounts,High,58.4,17.7,21.7
12366,0.010064633,Low,6560.391157232709,66.02792691870789,1,Loyal High-Value Accounts,High,53.5,70.2,79.3
13444,0.062763765,Low,1284.8181714889663,80.64002636674618,0,Disengaged At-Risk Accounts,Low,82.3,41.4,82.2
13053,0.0039787535,Low,290.55811643202463,1.1560591117921655,0,Disengaged At-Risk Accounts,Moderate,34.6,26.1,12.8
12885,0.013569149,Low,2080.1411953273014,28.225746212951364,0,Disengaged At-Risk Accounts,Low,59.2,52.0,65.3
12341,0.002510483,Low,30830.283475934775,77.3988998082525,1,Loyal High-Value Accounts,High,25.9,99.2,81.6
10375,0.010272223,Low,232.6893266098786,2.390236552850229,1,Loyal High-Value Accounts,High,53.8,21.3,20.8
14234,0.0034746954,Low,256.1154160565878,0.8899230516864796,1,Loyal High-Value Accounts,High,31.7,23.4,10.8
12382,0.00025446553,Low,20796.16196024382,5.291906354313689,1,Loyal High-Value Accounts,High,1.3,93.4,33.7
14444,0.0047861077,Low,5442.008955885015,26.046040908142132,1,Loyal High-Value Accounts,Moderate,38.8,66.6,63.8
10940,0.00042643727,Low,15600.33969382101,6.652566257590714,1,Loyal High-Value Accounts,High,4.1,88.0,37.5
14101,0.0005740394,Low,19782.489764883972,11.355928787209796,1,Loyal High-Value Accounts,High,6.2,92.1,46.8
14296,0.05619736,Low,2190.8083880994827,123.11764802312094,0,Disengaged At-Risk Accounts,Low,80.9,53.2,86.9
12800,0.0026805217,Low,17228.208214713748,46.180585820360655,1,Loyal High-Value Accounts,Moderate,27.0,89.9,74.1
12148,0.8604795,High,-109.11159555571062,0.0,1,Loyal High-Value Accounts,Low,92.2,2.8,2.8
14069,0.003741526,Low,865.5100223390523,3.2383282907080333,1,Loyal High-Value Accounts,Moderate,33.4,37.5,25.3
14680,0.061917685,Low,3312.8267312271782,205.12256191189314,1,Loyal High-Value Accounts,Low,82.1,60.7,90.7
14348,0.05706752,Low,6231.490684358185,355.6157249703485,1,Loyal High-Value Accounts,Moderate,81.1,69.1,93.1
12069,0.0043335035,Low,1324.1261608824361,5.738105411324903,1,Loyal High-Value Accounts,High,36.3,42.0,34.8
10530,0.01232952,Low,1377.0566987809939,16.978447731903398,0,Disengaged At-Risk Accounts,Low,57.2,42.4,55.1
13309,0.0034567348,Low,6410.156512127402,22.15821121287526,1,Loyal High-Value Accounts,Moderate,31.6,69.6,60.8
13977,0.0016657042,Low,17062.9899247746,28.421893728751822,1,Loyal High-Value Accounts,Moderate,19.1,89.6,65.4
10637,0.009186742,Low,214.57432354185482,1.9712389278821698,1,Loyal High-Value Accounts,Moderate,51.7,19.5,18.4
11270,0.9489817,High,1563.7966871167453,1484.0144422345109,0,Disengaged At-Risk Accounts,Low,96.1,44.4,97.9
10186,0.0069576977,Low,1237.0134410586143,8.606765551558606,1,Loyal High-Value Accounts,Low,46.0,40.9,42.1
14070,0.0012132585,Low,10059.455097658956,12.204719217353055,1,Loyal High-Value Accounts,High,14.2,79.8,48.3
13838,0.0043834206,Low,371.9303058820465,1.6303269540363967,1,Loyal High-Value Accounts,High,36.7,29.8,16.1
14074,0.0018429514,Low,1646.2826044044293,3.034018833987529,1,Loyal High-Value Accounts,High,20.7,45.6,24.2
11798,0.011453184,Low,3037.65347679559,34.79080510675736,1,Loyal High-Value Accounts,High,55.9,59.6,69.0
12980,0.0056062923,Low,9441.412021657634,52.93131534159061,1,Loyal High-Value Accounts,Moderate,42.1,78.8,76.2
11442,0.0029959094,Low,396.660754245037,1.18835969197146,1,Loyal High-Value Accounts,High,28.9,30.4,13.0
13654,0.00092162157,Low,6286.781303411154,5.794033251527543,1,Loyal High-Value Accounts,High,11.2,69.3,35.0
12748,0.0008503302,Low,1132.1583137075493,0.9627084317391379,1,Loyal High-Value Accounts,Moderate,10.3,40.0,11.2
11536,0.07693609,Low,-355.10417504492113,0.0,0,Disengaged At-Risk Accounts,Low,83.9,2.8,2.8
13671,0.027165955,Low,3209.0679305462336,87.17739477677613,0,Disengaged At-Risk Accounts,Moderate,71.9,60.4,83.2
13189,0.00067872554,Low,4222.456708661751,2.86588921240687,1,Loyal High-Value Accounts,High,8.0,63.1,23.5
11274,0.0012234459,Low,14211.642560301092,17.387175396064237,1,Loyal High-Value Accounts,High,14.4,86.1,55.6
12468,0.015625648,Low,606.2974186839914,9.47379016923454,1,Loyal High-Value Accounts,High,61.5,34.0,43.7
10608,0.0064783795,Low,6434.894115041214,41.687685994335446,1,Loyal High-Value Accounts,Moderate,44.8,69.7,72.2
13614,0.013301352,Low,12305.212084921908,163.67595785585158,1,Loyal High-Value Accounts,Moderate,58.8,83.3,89.1
11713,0.0047444073,Low,5977.675634655072,28.36052765030492,0,Disengaged At-Risk Accounts,Moderate,38.6,68.2,65.4
12200,0.0045634466,Low,339.1490653656361,1.5476886568132144,1,Loyal High-Value Accounts,Moderate,37.5,28.6,15.5
10956,0.012964856,Low,416.97310508221403,5.405996213037366,0,Disengaged At-Risk Accounts,Low,58.3,30.9,33.9
12580,0.0065928623,Low,8473.936646683676,55.86749751851562,1,Loyal High-Value Accounts,High,45.2,76.5,77.1
14130,0.013318955,Low,253.48567672204754,3.3761643130309245,1,Loyal High-Value Accounts,Moderate,58.8,23.1,26.0
14564,0.011990155,Low,2355.881442667131,28.247383879175565,1,Loyal High-Value Accounts,High,56.7,54.7,65.3
13605,0.021881517,Low,129.29856168160086,2.8292486784657283,1,Loyal High-Value Accounts,Moderate,67.6,12.1,23.2
13928,0.0017212811,Low,5248.096145764709,9.033448667924862,1,Loyal High-Value Accounts,Moderate,19.8,66.0,42.9
10404,0.00021372222,Low,16291.660020835996,3.4818897174432024,1,Loyal High-Value Accounts,High,0.9,88.7,26.4
12072,0.93223786,High,-356.10179739538404,0.0,0,Disengaged At-Risk Accounts,Moderate,95.0,2.8,2.8
14903,0.0012242782,Low,512.2352837621681,0.6271185114311902,1,Loyal High-Value Accounts,High,14.4,32.5,9.1
11978,0.035498552,Low,2071.365412436766,73.5304728548557,1,Loyal High-Value Accounts,Low,75.8,51.8,81.0
10159,0.0016268124,Low,7115.199404338198,11.575094528786803,1,Loyal High-Value Accounts,Low,18.8,72.3,47.2
11749,0.2326107,Low,2030.9496216338678,472.42061826011343,0,Disengaged At-Risk Accounts,Low,88.2,51.2,94.0
12910,0.004864298,Low,2852.943350959903,13.877566086187562,1,Loyal High-Value Accounts,High,39.2,58.2,50.8
13765,0.00048251523,Low,20862.98281109564,10.066706912315198,1,Loyal High-Value Accounts,High,4.9,93.6,44.9
10903,0.0005780799,Low,19368.863188102016,11.196750427359687,1,Loyal High-Value Accounts,High,6.3,91.6,46.6
10353,0.0051526544,Low,258.12263841855946,1.3300167404381649,1,Loyal High-Value Accounts,High,40.4,23.5,14.2
11231,0.0037806502,Low,262.8524019557334,0.9937529880675364,1,Loyal High-Value Accounts,High,33.6,24.0,11.4
14815,0.9900731,High,-152.47957431517395,0.0,0,Disengaged At-Risk Accounts,Low,99.7,2.8,2.8
12141,0.001646103,Low,8300.131382511612,13.662871070882474,1,Loyal High-Value Accounts,Moderate,18.9,75.7,50.5
10445,0.0010716742,Low,14106.00253564724,15.11703851960857,1,Loyal High-Value Accounts,High,12.7,85.9,52.7
14599,0.0736161,Low,107.54684112105919,7.917179262079014,0,Disengaged At-Risk Accounts,Low,83.5,11.0,40.6
10755,0.015632207,Low,12407.783755751843,193.96103879645645,1,Loyal High-Value Accounts,High,61.6,83.4,90.2
11738,0.0024823474,Low,6920.531531634575,17.179163614801762,1,Loyal High-Value Accounts,High,25.8,71.6,55.4
12972,0.0035432575,Low,7965.129095004299,28.222503248920443,1,Loyal High-Value Accounts,High,32.1,74.8,65.3
13061,0.012392402,Low,400.19919120417455,4.959429135516878,1,Loyal High-Value Accounts,High,57.3,30.5,32.4
12921,0.03051687,Low,102.98943126318058,3.1429151181728963,1,Loyal High-Value Accounts,Moderate,73.7,10.6,24.8
10312,0.052739505,Low,61.476153521858244,3.242221889124945,0,Disengaged At-Risk Accounts,Low,80.2,8.4,25.4
10549,0.0014919513,Low,2558.4674707871536,3.8171088447893333,1,Loyal High-Value Accounts,Moderate,17.3,56.4,27.8
10662,0.9284382,High,3251.9037762510643,3019.1916451682173,1,Loyal High-Value Accounts,Low,94.8,60.6,99.2
14909,0.0026099999,Low,6427.435833886053,16.775606564848975,0,Disengaged At-Risk Accounts,Low,26.4,69.7,54.7
11990,0.00072658795,Low,23050.906790259418,16.748511202055738,1,Loyal High-Value Accounts,High,8.7,95.0,54.6
10307,0.9755878,High,-516.4447714331704,0.0,0,Disengaged At-Risk Accounts,Low,98.3,2.8,2.8
12336,0.021248735,Low,220.73035920855395,4.690241016874834,1,Loyal High-Value Accounts,Low,67.0,20.2,31.4
10695,0.8984767,High,-298.53513826386285,0.0,1,Loyal High-Value Accounts,Moderate,93.2,2.8,2.8
12357,0.9723346,High,-504.2846723042742,0.0,0,Disengaged At-Risk Accounts,Low,98.1,2.8,2.8
11928,0.0008153757,Low,315.6405081076036,0.25736560278547116,1,Loyal High-Value Accounts,High,9.7,27.8,6.1
10685,0.0035245034,Low,10767.64790694332,37.95061206506535,1,Loyal High-Value Accounts,Moderate,32.0,81.4,70.5
10750,0.035793137,Low,696.1237147233363,24.916451354503184,1,Loyal High-Value Accounts,Low,75.9,35.4,63.0
14279,0.001296402,Low,23476.165866846437,30.434547330081564,1,Loyal High-Value Accounts,High,15.2,95.3,66.6
12436,0.14045115,Low,457.41702913127307,64.24474692592486,1,Loyal High-Value Accounts,Moderate,87.1,31.5,79.0
11267,0.0012820862,Low,21721.396548636785,27.848703772971547,1,Loyal High-Value Accounts,High,15.1,94.3,64.9
14224,0.0040955762,Low,286.8134121497037,1.1746661955076585,1,Loyal High-Value Accounts,High,35.3,25.8,12.9
13760,0.0030470164,Low,4140.511943214402,12.616207999384075,1,Loyal High-Value Accounts,High,29.4,62.8,49.0
14562,0.0008502974,Low,15100.739347237663,12.840119317579612,1,Loyal High-Value Accounts,High,10.2,87.5,49.4
12135,0.02655267,Low,3095.4622050434987,82.19278551161302,0,Disengaged At-Risk Accounts,Low,71.3,59.9,82.4
13084,0.0069786166,Low,2265.0659677640583,15.80702692670151,1,Loyal High-Value Accounts,Moderate,46.2,53.8,53.6
13062,0.0250216,Low,83.40630217393019,2.086959097586398,0,Disengaged At-Risk Accounts,Low,70.5,9.6,19.2
13026,0.00012801184,Low,26393.8562247046,3.3787262302953964,1,Loyal High-Value Accounts,High,0.1,97.2,26.0
10971,0.00076237053,Low,24210.80484704703,18.45760415800846,1,Loyal High-Value Accounts,Moderate,9.2,96.1,57.0
10014,0.031341422,Low,187.96696608740004,5.891152071845694,1,Loyal High-Value Accounts,Low,74.1,16.9,35.3
10874,0.0075735743,Low,1425.2447006730022,10.794196658685195,0,Disengaged At-Risk Accounts,Low,47.7,42.8,45.9
10809,0.021866187,Low,1893.9872075834307,41.41427931511462,0,Disengaged At-Risk Accounts,Low,67.6,49.4,72.0
13199,0.0062190345,Low,34103.72621926094,212.09225160206677,1,Loyal High-Value Accounts,High,44.1,99.7,91.0
10515,0.02680267,Low,2660.5106243821747,71.30878885711265,0,Disengaged At-Risk Accounts,Low,71.6,57.1,80.4
14739,0.00481244,Low,3845.9050565802822,18.50818695980898,1,Loyal High-Value Accounts,High,39.0,62.1,57.1
10410,0.0060257916,Low,5891.143393087091,35.49880257201733,1,Loyal High-Value Accounts,Moderate,43.4,67.8,69.4
13635,0.011227471,Low,10538.158407988401,118.31686604996716,1,Loyal High-Value Accounts,Moderate,55.6,80.9,86.5
14479,0.011914652,Low,7371.810220412704,87.83255221359155,1,Loyal High-Value Accounts,Moderate,56.6,73.0,83.3
10208,0.0055343774,Low,262.93139959625444,1.4551615995496932,1,Loyal High-Value Accounts,Low,41.7,24.1,14.9
14885,0.0024882557,Low,1806.558677542597,4.4951799875237395,1,Loyal High-Value Accounts,Moderate,25.8,48.1,30.8
10459,0.0028545978,Low,1525.9563153162815,4.355991471588844,1,Loyal High-Value Accounts,High,28.2,44.0,30.3
13701,0.00030814618,Low,6787.765302084366,2.091623924097672,1,Loyal High-Value Accounts,High,2.4,71.2,19.2
12431,0.0048608487,Low,6665.0789043665,32.39793982150397,1,Loyal High-Value Accounts,Moderate,39.2,70.6,67.6
13900,0.0013939276,Low,1620.7826810893655,2.2592537297571247,1,Loyal High-Value Accounts,High,16.1,45.3,20.2
10111,0.032815594,Low,-13.186690006661422,0.0,0,Disengaged At-Risk Accounts,Low,74.8,2.8,2.8
13993,0.00060337747,Low,17931.71718792802,10.819594146295783,1,Loyal High-Value Accounts,High,6.9,90.4,45.9
11108,0.004344873,Low,2074.3359480787017,9.01272652406713,0,Disengaged At-Risk Accounts,Low,36.4,51.9,42.8
14622,0.004325117,Low,200.87860863500111,0.8688234820392492,1,Loyal High-Value Accounts,Moderate,36.2,18.1,10.7
11884,0.0059469943,Low,4459.805810974076,26.52243970789673,1,Loyal High-Value Accounts,Moderate,43.2,63.6,64.0
11714,0.0044080997,Low,400.22683346523104,1.7642397799632759,1,Loyal High-Value Accounts,Low,36.8,30.5,16.9
11288,0.87043756,High,115.24834951383144,100.31649242901076,0,Disengaged At-Risk Accounts,Low,92.4,11.3,84.8
13626,0.007615057,Low,7663.512529139083,58.35808335181444,1,Loyal High-Value Accounts,High,47.8,73.8,77.7
13442,0.0012602624,Low,27854.699398460125,35.10423166169631,1,Loyal High-Value Accounts,Moderate,14.7,98.4,69.2
10553,0.0013648435,Low,31353.71398702403,42.79291130042342,1,Loyal High-Value Accounts,High,15.9,99.4,72.6
11440,0.0061400533,Low,772.1501411620003,4.741043000907966,1,Loyal High-Value Accounts,Low,43.9,36.6,31.6
12271,0.0100292675,Low,314.0658520241169,3.149850448756292,1,Loyal High-Value Accounts,Moderate,53.4,27.6,24.8
13873,0.0025404524,Low,16860.35236171876,42.83292272013875,1,Loyal High-Value Accounts,High,26.0,89.4,72.7
13145,0.9461247,High,1024.1903584106287,969.0117678280504,1,Loyal High-Value Accounts,Moderate,95.9,39.0,96.5
12822,0.0014889693,Low,2955.5112971075964,4.400665622808671,1,Loyal High-Value Accounts,Moderate,17.2,58.9,30.5
14929,0.0044122953,Low,5863.314280896261,25.87067402518975,0,Disengaged At-Risk Accounts,Moderate,36.9,67.7,63.7
11926,0.00374897,Low,1210.0450587629975,4.536422752510847,1,Loyal High-Value Accounts,High,33.4,40.6,31.0
10635,0.0014421977,Low,16618.20934977507,23.966743473127003,1,Loyal High-Value Accounts,Moderate,16.7,89.0,62.3
14953,0.0043615433,Low,12965.24866344151,56.54849394321663,1,Loyal High-Value Accounts,High,36.5,84.2,77.2
10317,0.10664013,Low,1539.6460675511462,164.18805723097387,0,Disengaged At-Risk Accounts,Low,86.1,44.1,89.2
14349,0.07551415,Low,153.73019107953897,11.608805115489009,0,Disengaged At-Risk Accounts,Low,83.7,13.9,47.3
14846,0.15301393,Low,2704.3470779161426,413.8027737314403,0,Disengaged At-Risk Accounts,Low,87.3,57.4,93.6
11329,0.0038886983,Low,20093.067909431582,78.13587891587929,1,Loyal High-Value Accounts,High,34.3,92.3,81.8
10428,0.0032188196,Low,3122.8974662391047,10.05204363585273,1,Loyal High-Value Accounts,Moderate,30.4,60.0,44.8
13937,0.024306996,Low,498.80401837389456,12.124427176732869,0,Disengaged At-Risk Accounts,Moderate,69.8,32.3,48.2
10106,0.0014780337,Low,8966.45280984302,13.252719623061768,1,Loyal High-Value Accounts,Low,17.1,77.7,50.0
13042,0.00058531814,Low,12526.30488661286,7.331873421729495,1,Loyal High-Value Accounts,Low,6.5,83.6,39.3
10143,0.005055969,Low,7957.278008841869,40.23175185493174,1,Loyal High-Value Accounts,Moderate,40.1,74.8,71.5
12170,0.96345353,High,606.916719617164,584.7360566990835,0,Disengaged At-Risk Accounts,Low,97.4,34.1,94.8
14083,0.008097659,Low,11015.909338762698,89.20307591476218,1,Loyal High-Value Accounts,Moderate,49.2,82.0,83.5
10090,0.9433843,High,2853.3297111813913,2691.786422981222,0,Disengaged At-Risk Accounts,Low,95.7,58.2,99.0
12919,0.005790147,Low,480.4433319383523,2.78183751664177,1,Loyal High-Value Accounts,Moderate,42.7,32.0,23.0
13238,0.0014017826,Low,2342.412231332435,3.283552749848107,1,Loyal High-Value Accounts,High,16.2,54.7,25.6
12242,0.0019299735,Low,25191.47590188241,48.61888053734655,1,Loyal High-Value Accounts,Moderate,21.6,96.6,74.8
13175,0.00053041906,Low,6824.765640204497,3.6199857503718627,1,Loyal High-Value Accounts,High,5.5,71.3,27.0
13639,0.007926032,Low,6003.866610616581,47.58683856208971,1,Loyal High-Value Accounts,Moderate,48.7,68.3,74.6
12164,0.034072623,Low,1326.84445209538,45.20907034054389,0,Disengaged At-Risk Accounts,Low,75.3,42.1,73.7
12637,0.05965035,Low,290.8973569185061,17.35212925958682,0,Disengaged At-Risk Accounts,Low,81.7,26.1,55.5
11950,0.00916533,Low,1789.2575060468473,16.399135245003944,0,Disengaged At-Risk Accounts,Low,51.6,47.8,54.3
11769,0.0046699895,Low,13671.295120706834,63.84480410754018,1,Loyal High-Value Accounts,High,38.1,85.4,78.9
13867,0.004939504,Low,5021.326928163963,24.80286428509604,1,Loyal High-Value Accounts,Moderate,39.6,65.1,62.9
12273,0.06455285,Low,5574.958066157375,359.87943749459504,1,Loyal High-Value Accounts,Moderate,82.5,66.8,93.1
10002,0.02796874,Low,95.56640130282663,2.6728718394449493,0,Disengaged At-Risk Accounts,Low,72.4,10.3,22.4
13500,0.015740568,Low,4958.741012377278,78.05339919863097,1,Loyal High-Value Accounts,Moderate,61.8,65.0,81.7
11029,0.007896219,Low,372.16369485707924,2.9386861799372745,1,Loyal High-Value Accounts,Moderate,48.5,29.8,23.9
11952,0.0036270544,Low,2750.4017614513064,9.975856792188567,1,Loyal High-Value Accounts,Moderate,32.7,57.6,44.7
10936,0.0005250008,Low,18297.256300930203,9.6060741260382,1,Loyal High-Value Accounts,High,5.5,90.9,44.0
14431,0.009978929,Low,2656.4738949143725,26.508763333699903,0,Disengaged At-Risk Accounts,Low,53.2,57.1,64.0
12721,0.05430065,Low,308.2212776426023,16.736616013942854,0,Disengaged At-Risk Accounts,Low,80.6,27.3,54.6
13717,0.004291084,Low,1243.8652154788347,5.337530285208286,1,Loyal High-Value Accounts,Moderate,36.0,41.0,33.8
11110,0.00053535966,Low,3503.652190018233,1.8757140604629767,1,Loyal High-Value Accounts,High,5.6,61.2,17.7
13823,0.077609584,Low,57.51221694590274,4.463499216875326,0,Disengaged At-Risk Accounts,Low,84.0,8.2,30.6
10592,0.008913368,Low,1306.507976823631,11.645386374960601,0,Disengaged At-Risk Accounts,Low,51.0,41.7,47.3
11696,0.031462006,Low,4349.429936928828,136.84179195043177,0,Disengaged At-Risk Accounts,Low,74.2,63.2,87.8
14924,0.12209198,Low,9364.116659974954,1143.283532621539,1,Loyal High-Value Accounts,Low,86.7,78.5,97.0
12937,0.01708326,Low,298.72865793066273,5.10325912359052,0,Disengaged At-Risk Accounts,Low,63.2,26.8,33.0
14336,0.00032069,Low,15310.96827762578,4.910074195380486,1,Loyal High-Value Accounts,High,2.6,87.8,32.2
14773,0.034395125,Low,347.7934126599632,11.962397820276049,1,Loyal High-Value Accounts,High,75.4,28.8,47.9
11577,0.015045914,Low,7446.3853868114675,112.03767315531096,1,Loyal High-Value Accounts,High,61.0,73.2,86.0
11112,0.015717711,Low,2209.1959028936553,34.72350340606937,0,Disengaged At-Risk Accounts,Low,61.7,53.3,68.9
10214,0.0036417318,Low,298.83119189510836,1.0882630556223973,1,Loyal High-Value Accounts,Moderate,32.8,26.8,12.3
10779,0.05048158,Low,189.49660991556507,9.56608831066593,1,Loyal High-Value Accounts,Low,79.8,17.0,43.9
11416,0.015670061,Low,6049.25953769598,94.79226663471896,1,Loyal High-Value Accounts,Moderate,61.7,68.5,84.2
13497,0.0019000156,Low,6924.1010341523925,13.155900200294743,1,Loyal High-Value Accounts,Moderate,21.3,71.6,49.8
14416,0.03168229,Low,14346.292785244808,454.5234104098091,1,Loyal High-Value Accounts,Moderate,74.3,86.4,93.8
12044,0.0049562706,Low,158.97025881511007,0.787899614964245,1,Loyal High-Value Accounts,Low,39.7,14.5,10.2
12849,0.0020233998,Low,1994.8858754014482,4.036451696297214,1,Loyal High-Value Accounts,Moderate,22.4,50.7,29.0
14677,0.0010378491,Low,4542.488478669564,4.714417639967749,1,Loyal High-Value Accounts,Moderate,12.3,64.0,31.5
14395,0.70356584,High,31.23099135317242,21.973058539028134,0,Disengaged At-Risk Accounts,Low,90.2,7.0,60.8
14064,0.008357165,Low,4536.719761423812,37.9141173348868,0,Disengaged At-Risk Accounts,Moderate,49.8,64.0,70.5
11568,0.0029095144,Low,6103.3896462216835,17.757899787044384,1,Loyal High-Value Accounts,High,28.5,68.7,56.1
10166,0.72801644,High,-452.10936148351664,0.0,0,Disengaged At-Risk Accounts,Low,90.3,2.8,2.8
14861,0.02480136,Low,1778.2425542840153,44.10283454429575,0,Disengaged At-Risk Accounts,Low,70.3,47.7,73.2
14559,0.0025525095,Low,925.0520294279575,2.361204130751332,1,Loyal High-Value Accounts,High,26.1,38.1,20.7
11077,0.120972745,Low,199.65504917832286,24.152819376275207,0,Disengaged At-Risk Accounts,Low,86.6,17.9,62.5
11344,0.00074530556,Low,9247.720583093933,6.892377555575318,1,Loyal High-Value Accounts,High,8.9,78.4,38.0
12014,0.065371424,Low,35.525177222538645,2.3223314214591904,0,Disengaged At-Risk Accounts,Low,82.7,7.3,20.5
10274,0.0043811137,Low,194.4811664715434,0.852044100033061,1,Loyal High-Value Accounts,Moderate,36.6,17.5,10.6
10072,0.024474919,Low,2034.7540415344808,49.800440030630234,0,Disengaged At-Risk Accounts,Low,70.0,51.3,75.2
14126,0.0019487566,Low,9344.535620183562,18.210225757782094,1,Loyal High-Value Accounts,High,21.8,78.5,56.7
11088,0.00782311,Low,275.17358361413926,2.152713111004578,0,Disengaged At-Risk Accounts,Low,48.3,25.1,19.6
10395,0.0027022888,Low,2671.040215408545,7.217922045794246,1,Loyal High-Value Accounts,High,27.2,57.1,39.0
10584,0.023880715,Low,29.639192701483168,0.707805100414772,0,Disengaged At-Risk Accounts,Low,69.4,6.8,9.8
11368,0.0022677255,Low,5807.912968275397,13.17075253087084,1,Loyal High-Value Accounts,Moderate,24.2,67.4,49.9
13303,0.91380686,High,2521.180504367364,2303.8720292940225,1,Loyal High-Value Accounts,High,94.0,56.2,98.9
14785,0.010877232,Low,525.3570009487033,5.714430017492946,1,Loyal High-Value Accounts,Low,55.2,32.8,34.6
12549,0.029326908,Low,3037.3484323039343,89.07603892012578,0,Disengaged At-Risk Accounts,Low,73.2,59.5,83.5
11014,0.038727406,Low,2269.79471062114,87.90326223085688,1,Loyal High-Value Accounts,Low,76.9,53.9,83.3
13004,0.34380126,Medium,8645.427770290069,2972.3089606172257,1,Loyal High-Value Accounts,Moderate,88.8,77.0,99.1
14936,0.00068316504,Low,27426.99294481866,18.737162703040052,1,Loyal High-Value Accounts,High,8.1,98.1,57.3
11702,0.030775541,Low,1943.3975403974248,59.80911153821958,1,Loyal High-Value Accounts,Moderate,73.9,50.2,78.0
14314,0.011812647,Low,1579.5403906752017,18.65855285715307,1,Loyal High-Value Accounts,Low,56.5,44.7,57.2
11764,0.0074670687,Low,3014.168288906592,22.507001782431768,1,Loyal High-Value Accounts,High,47.6,59.4,61.1
11876,0.009068229,Low,2460.8164318817157,22.315247511302175,1,Loyal High-Value Accounts,Moderate,51.3,55.6,60.9
11260,0.034428004,Low,47.384767481540926,1.6313629727060137,1,Loyal High-Value Accounts,Low,75.4,7.8,16.1
13345,0.9818485,High,428.20116065318956,420.4286580010191,0,Disengaged At-Risk Accounts,Low,98.8,31.1,93.7
14670,0.00061838207,Low,2607.8930316089436,1.6126742808522925,1,Loyal High-Value Accounts,High,7.1,56.7,15.9
12254,0.0027570534,Low,1723.3411984996746,4.75134363592108,1,Loyal High-Value Accounts,Moderate,27.6,46.6,31.7
12782,0.09567137,Low,3420.0350834553924,327.19944402145967,1,Loyal High-Value Accounts,High,85.5,61.0,92.8
13831,0.7462753,High,1592.5424848925586,1188.4751298298513,0,Disengaged At-Risk Accounts,Low,90.4,44.8,97.1
10527,0.00032945847,Low,8353.879297721382,2.752256332759597,1,Loyal High-Value Accounts,Moderate,2.7,75.9,22.8
13648,0.042191565,Low,-19.013529223216175,0.0,0,Disengaged At-Risk Accounts,Low,77.8,2.8,2.8
12947,0.038303483,Low,34.08093060383988,1.3054183554678391,0,Disengaged At-Risk Accounts,Low,76.7,7.2,14.0
10378,0.21741207,Low,-517.2899707857752,0.0,0,Disengaged At-Risk Accounts,Low,88.0,2.8,2.8
11560,0.0051177144,Low,155.8764340245783,0.7977310718169401,1,Loyal High-Value Accounts,Low,40.3,14.2,10.2
14072,0.0011873574,Low,13527.705889478428,16.062221057723146,1,Loyal High-Value Accounts,High,14.0,85.3,53.9
11964,0.00045189736,Low,7187.043212356033,3.247805841572497,1,Loyal High-Value Accounts,High,4.5,72.5,25.4
14880,0.6859669,High,1725.4172077583737,1183.579108623632,0,Disengaged At-Risk Accounts,Low,90.0,46.7,97.1
10349,0.0064926697,Low,1953.6229754842896,12.684228686674428,1,Loyal High-Value Accounts,Moderate,44.8,50.3,49.2
12435,0.02943436,Low,7756.64640870667,228.3119271594277,1,Loyal High-Value Accounts,High,73.2,74.1,91.3
12247,0.002048747,Low,2279.1331338791506,4.669366978126565,1,Loyal High-Value Accounts,High,22.6,54.0,31.3
14297,0.90913326,High,1555.4962409942566,1414.1533614646864,0,Disengaged At-Risk Accounts,Low,93.7,44.3,97.7
11710,0.0010154147,Low,15423.939908652745,15.661695572370387,1,Loyal High-Value Accounts,High,12.2,87.9,53.4
11051,0.017662225,Low,1175.713154999169,20.765710621344013,1,Loyal High-Value Accounts,Moderate,63.8,40.4,59.5
10591,0.010169427,Low,537.3978027702764,5.465027677178185,1,Loyal High-Value Accounts,High,53.7,32.9,34.1
10520,0.0027031102,Low,2057.110560701524,5.560596583950271,1,Loyal High-Value Accounts,Low,27.2,51.6,34.3
13381,0.0038377955,Low,6476.762426467288,24.85648945172321,1,Loyal High-Value Accounts,High,34.0,69.8,62.9
14633,0.9104451,High,-372.9907540376824,0.0,0,Disengaged At-Risk Accounts,Low,93.8,2.8,2.8
14253,0.0031378563,Low,112.7437642360737,0.35377372595759177,1,Loyal High-Value Accounts,High,30.0,11.3,6.8
12478,0.0076987976,Low,26414.555966107797,203.36032062722873,1,Loyal High-Value Accounts,High,48.1,97.2,90.6
11084,0.0030399098,Low,3960.1261277916265,12.038426064868801,1,Loyal High-Value Accounts,Moderate,29.4,62.3,48.1
13826,0.040663283,Low,297.00076497272033,12.077026251831967,0,Disengaged At-Risk Accounts,Low,77.3,26.6,48.1
14926,0.063744344,Low,108.72505236539106,6.930607119526263,0,Disengaged At-Risk Accounts,Moderate,82.4,11.1,38.2
14649,0.009715126,Low,411.30641400414237,3.9958935938976046,0,Disengaged At-Risk Accounts,Low,52.7,30.8,28.8
11295,0.9133826,High,555.9838856297109,507.82600135301027,0,Disengaged At-Risk Accounts,Low,93.9,33.1,94.3
11810,0.0015612526,Low,15440.427623044294,24.106408282817476,1,Loyal High-Value Accounts,High,18.0,87.9,62.5
10792,0.9017802,High,-444.42310753465017,0.0,0,Disengaged At-Risk Accounts,Low,93.4,2.8,2.8
10793,0.96384,High,1027.5996029898236,990.4416093424736,0,Disengaged At-Risk Accounts,Low,97.4,39.1,96.6
14244,0.8412221,High,-207.8364115608306,0.0,0,Disengaged At-Risk Accounts,Low,91.8,2.8,2.8
11856,0.004409835,Low,11464.213317000147,50.55529151970703,1,Loyal High-Value Accounts,Moderate,36.8,82.6,75.6
14905,0.0018681403,Low,2477.825831797303,4.62892629689248,1,Loyal High-Value Accounts,High,21.0,55.7,31.2
11981,0.010420836,Low,1835.1577455836634,19.123877124496357,1,Loyal High-Value Accounts,High,54.1,48.5,57.8
13234,0.0015723932,Low,4107.436005052633,6.4585045676707145,1,Loyal High-Value Accounts,High,18.1,62.7,36.9
10934,0.009163854,Low,207.4336040805322,1.900891202825734,1,Loyal High-Value Accounts,Moderate,51.5,18.8,17.8
13612,0.9450704,High,-440.61257800617557,0.0,0,Disengaged At-Risk Accounts,Low,95.8,2.8,2.8
13329,0.011312452,Low,2061.006710013781,23.315039777391608,0,Disengaged At-Risk Accounts,Low,55.7,51.7,61.6
11531,0.008419046,Low,2820.9928244381545,23.750068858049467,0,Disengaged At-Risk Accounts,Low,49.9,58.0,62.2
11411,0.006623081,Low,10594.57997701874,70.16876062414539,1,Loyal High-Value Accounts,Moderate,45.3,81.0,80.2
13525,0.0049922457,Low,1910.1549063303457,9.535962610747458,0,Disengaged At-Risk Accounts,Low,39.8,49.7,43.9
14429,0.00656679,Low,265.91194264647845,1.7461878679154417,1,Loyal High-Value Accounts,Moderate,45.1,24.4,16.7
14792,0.0013284006,Low,22885.003511158884,30.40045168662812,1,Loyal High-Value Accounts,Moderate,15.5,94.7,66.5
10084,0.0014331199,Low,16402.337024229637,23.50651520736267,1,Loyal High-Value Accounts,High,16.6,88.8,61.8
10869,0.0033270924,Low,17583.993436349076,58.50357072405738,1,Loyal High-Value Accounts,High,31.0,90.0,77.8
12351,0.00024694498,Low,16877.90642649458,4.167914312044205,1,Loyal High-Value Accounts,High,1.2,89.4,29.7
10021,0.0039270273,Low,191.0894986877973,0.750413685920833,1,Loyal High-Value Accounts,Moderate,34.4,17.2,10.1
13651,0.00050031056,Low,26648.500519323847,13.332526261145754,1,Loyal High-Value Accounts,Moderate,5.2,97.4,50.0
13880,0.08952323,Low,1781.3842325953124,159.47527656028717,0,Disengaged At-Risk Accounts,Low,85.1,47.8,88.9
12796,0.02085519,Low,247.17953932310974,5.154976314139493,1,Loyal High-Value Accounts,Moderate,66.7,22.4,33.3
13454,0.015407673,Low,728.9848895594148,11.231960860957475,1,Loyal High-Value Accounts,High,61.4,35.9,46.7
14712,0.00094195525,Low,20766.740679235314,19.56134044182019,1,Loyal High-Value Accounts,Moderate,11.4,93.3,58.3
11563,0.0037131505,Low,5873.404064538611,21.80883329005277,1,Loyal High-Value Accounts,Moderate,33.2,67.7,60.5
14337,0.0006685666,Low,27126.307028812997,18.135743289036434,1,Loyal High-Value Accounts,High,7.9,97.9,56.6
13094,0.037717048,Low,163.95391411828678,6.183857661502836,1,Loyal High-Value Accounts,Low,76.6,14.8,36.3
13156,0.20966572,Low,59.97035586859999,12.573727583639526,0,Disengaged At-Risk Accounts,Low,88.0,8.3,48.9
10974,0.03228457,Low,-92.5588378100686,0.0,1,Loyal High-Value Accounts,Low,74.6,2.8,2.8
11711,0.030708395,Low,7693.233924970526,236.24686576971183,1,Loyal High-Value Accounts,Moderate,73.8,73.9,91.5
13202,0.004102436,Low,155.66432662944652,0.6386029210283112,1,Loyal High-Value Accounts,Moderate,35.4,14.2,9.2
14166,0.0010755064,Low,25519.98892100333,27.44691251385455,1,Loyal High-Value Accounts,High,12.8,96.8,64.5
14967,0.02242022,Low,1950.5373952152959,43.73147766921901,0,Disengaged At-Risk Accounts,Low,68.1,50.3,73.1
11099,0.013462942,Low,359.85133376414046,4.8446576687752225,1,Loyal High-Value Accounts,Moderate,59.0,29.3,31.9
14292,0.0036231708,Low,2607.2252301084895,9.446422265798377,1,Loyal High-Value Accounts,High,32.6,56.6,43.6
12845,0.0015126121,Low,23132.78789956004,34.990934878039596,1,Loyal High-Value Accounts,High,17.5,95.1,69.1
10887,0.055861395,Low,16.917307082807977,0.9450243707920366,0,Disengaged At-Risk Accounts,Low,80.8,6.1,11.1
10493,0.7757725,High,285.3533669464545,221.36929827203096,0,Disengaged At-Risk Accounts,Moderate,90.7,25.8,91.1
14038,0.0113614565,Low,9020.89462186892,102.49050162231687,1,Loyal High-Value Accounts,Low,55.8,77.9,85.0
13561,0.02187623,Low,15188.62723960233,332.26991557420115,1,Loyal High-Value Accounts,Moderate,67.6,87.6,92.8
14720,0.00063345436,Low,15040.146840554467,9.527246557191772,1,Loyal High-Value Accounts,High,7.2,87.4,43.8
13801,0.0045608417,Low,791.9377136369424,3.6119025585329414,1,Loyal High-Value Accounts,High,37.5,36.7,26.9
14538,0.014761859,Low,91.67133162787887,1.3532392369749229,1,Loyal High-Value Accounts,Moderate,60.7,10.1,14.3
10516,0.010848556,Low,166.11257467230436,1.802081521110536,1,Loyal High-Value Accounts,High,55.1,14.9,17.2
14762,0.05067582,Low,2030.8578738522426,102.91538919670309,0,Disengaged At-Risk Accounts,Low,79.9,51.2,85.1
10738,0.00971826,Low,726.7093241832126,7.06235000895155,0,Disengaged At-Risk Accounts,Low,52.8,35.9,38.5
11454,0.0016396171,Low,8797.515782531218,14.424557678213962,1,Loyal High-Value Accounts,Low,18.9,77.4,51.8
13554,0.033381246,Low,76.48838908325175,2.5532777344516844,0,Disengaged At-Risk Accounts,Low,75.0,9.1,21.7
13610,0.0005171805,Low,14093.31602764832,7.2887879554209,1,Loyal High-Value Accounts,High,5.3,85.9,39.2
12007,0.01741185,Low,1064.8461188857807,18.540941313412585,0,Disengaged At-Risk Accounts,Low,63.6,39.5,57.1
14847,0.0006595096,Low,19189.82554256734,12.65587455458414,1,Loyal High-Value Accounts,High,7.6,91.3,49.1
12507,0.008457871,Low,761.2451477639089,6.438513376357297,1,Loyal High-Value Accounts,Low,50.0,36.4,36.9
12995,0.0018384762,Low,10637.087967009638,19.55603268455287,1,Loyal High-Value Accounts,Moderate,20.7,81.1,58.3
12127,0.95141155,High,1466.8467504670123,1395.5749335458408,0,Disengaged At-Risk Accounts,Moderate,96.3,43.3,97.6
12927,0.0030356785,Low,557.8076416944526,1.6933246807852087,1,Loyal High-Value Accounts,Moderate,29.3,33.2,16.4
14893,0.006168191,Low,2185.5294364332676,13.48076268430562,0,Disengaged At-Risk Accounts,Low,44.0,53.1,50.3
10907,0.030689435,Low,100.96972743802615,3.098703895223681,0,Disengaged At-Risk Accounts,Low,73.8,10.6,24.5
13889,0.012638211,Low,4888.174650697551,61.777783863902364,1,Loyal High-Value Accounts,Low,57.8,64.7,78.5
11031,0.0013472968,Low,11705.819512362941,15.771212641627432,1,Loyal High-Value Accounts,High,15.6,82.9,53.5
12508,0.084502846,Low,107.73615217071352,9.104011475792193,1,Loyal High-Value Accounts,Moderate,84.8,11.0,43.0
12429,0.0060760477,Low,2047.3933452323452,12.440059549815102,1,Loyal High-Value Accounts,High,43.6,51.5,48.6
10948,0.058594227,Low,2152.183846092931,126.10554847323678,0,Disengaged At-Risk Accounts,Low,81.5,52.7,87.2
14057,0.005196145,Low,1149.8669338532097,5.974875094044974,1,Loyal High-Value Accounts,Moderate,40.6,40.2,35.6
10763,0.0034432854,Low,214.70912176270772,0.7393047750243191,1,Loyal High-Value Accounts,High,31.5,19.6,10.0
10716,0.0012222158,Low,3051.565425096862,3.7296715556873683,1,Loyal High-Value Accounts,High,14.4,59.6,27.4
10285,0.0035752691,Low,1919.5373365197333,6.862862588617009,1,Loyal High-Value Accounts,Moderate,32.4,49.8,38.0
10687,0.0017680578,Low,1886.6948585173075,3.335785592257332,0,Disengaged At-Risk Accounts,Low,20.1,49.2,25.8
10704,0.012471957,Low,46.91813543496501,0.5851609738685883,1,Loyal High-Value Accounts,Low,57.5,7.7,8.6
13342,0.018454796,Low,153.64199349975843,2.835431601484543,1,Loyal High-Value Accounts,Moderate,64.7,13.9,23.3
12354,0.08592526,Low,231.07181406629223,19.854905401018485,0,Disengaged At-Risk Accounts,Moderate,84.9,21.2,58.7
12258,0.0065169586,Low,248.68594545398724,1.6206760076606506,1,Loyal High-Value Accounts,Moderate,44.9,22.6,16.0
13785,0.86096716,High,-12.58321388300714,0.0,0,Disengaged At-Risk Accounts,Low,92.2,2.8,2.8
10474,0.00072072813,Low,2787.22553620208,2.0088318501155125,1,Loyal High-Value Accounts,High,8.6,57.8,18.7
10022,0.20286353,Low,29.775113954112033,6.040284702771275,0,Disengaged At-Risk Accounts,Low,87.9,6.8,35.9
12753,0.0059212097,Low,168.4899975815043,0.9976646074732448,0,Disengaged At-Risk Accounts,Moderate,43.2,15.2,11.5
10886,0.09063723,Low,1920.572210515091,174.0753439910559,0,Disengaged At-Risk Accounts,Low,85.2,49.8,89.5
12449,0.0024338563,Low,8091.212542824173,19.692848223242407,1,Loyal High-Value Accounts,High,25.6,75.1,58.5
10918,0.0010790763,Low,12914.60199153087,13.935841178392058,1,Loyal High-Value Accounts,High,12.8,84.2,50.9
14006,0.020546094,Low,278.67230654781315,5.725627289351649,1,Loyal High-Value Accounts,Moderate,66.4,25.4,34.7
14000,0.00456836,Low,883.9113611619447,4.038025141986698,1,Loyal High-Value Accounts,High,37.6,37.7,29.1
12240,0.028614143,Low,124.6599968038236,3.5670389636606266,0,Disengaged At-Risk Accounts,Low,72.8,11.8,26.7
14096,0.9896371,High,-263.76594810477593,0.0,0,Disengaged At-Risk Accounts,Low,99.7,2.8,2.8
13396,0.8972279,High,10650.96046521337,9556.338713729998,1,Loyal High-Value Accounts,Moderate,93.1,81.2,99.9
11266,0.007986064,Low,2812.0828321583554,22.457473664875856,1,Loyal High-Value Accounts,Moderate,48.8,58.0,61.1
10484,0.07223597,Low,1480.9974292527618,106.98128837131638,0,Disengaged At-Risk Accounts,Low,83.4,43.5,85.4
14473,0.00885509,Low,10813.301194352298,95.75275035574771,0,Disengaged At-Risk Accounts,Low,51.0,81.6,84.4
12964,0.010342346,Low,217.26752323661833,2.2470558071046653,1,Loyal High-Value Accounts,Moderate,53.9,19.9,20.2
11220,0.0072123413,Low,1764.0227418021136,12.7227340702837,1,Loyal High-Value Accounts,High,46.7,47.4,49.3
10278,0.9395895,High,-371.76018729005625,0.0,0,Disengaged At-Risk Accounts,Low,95.4,2.8,2.8
10989,0.028434664,Low,441.7387425552991,12.560692725202259,0,Disengaged At-Risk Accounts,Low,72.6,31.2,48.9
12085,0.01623306,Low,892.8819717183239,14.49420707426882,1,Loyal High-Value Accounts,High,62.3,37.8,51.9
11246,0.00270338,Low,21259.37645371175,57.472174658514305,1,Loyal High-Value Accounts,High,27.2,94.1,77.3
12383,0.00047910376,Low,5928.053035221186,2.84015252544332,1,Loyal High-Value Accounts,High,4.9,68.0,23.3
10572,0.8772266,High,3523.6227032027505,3091.0155322891605,1,Loyal High-Value Accounts,Low,92.6,61.3,99.2
11436,0.010142967,Low,8420.950334087056,85.41342223074108,1,Loyal High-Value Accounts,Moderate,53.6,76.2,82.9
10994,0.00087675406,Low,296.36203248697666,0.2598366142236474,1,Loyal High-Value Accounts,High,10.7,26.5,6.1
13680,0.004335751,Low,369.36776877313537,1.6014866084462496,1,Loyal High-Value Accounts,High,36.4,29.6,15.8
13675,0.017447349,Low,13782.427367758717,240.4668159981898,1,Loyal High-Value Accounts,Moderate,63.6,85.6,91.5
10586,0.056294758,Low,2366.5545495786655,133.22461536135134,1,Loyal High-Value Accounts,Moderate,80.9,54.8,87.6
13527,0.001513197,Low,14274.056284869057,21.599458724671383,1,Loyal High-Value Accounts,High,17.6,86.2,60.2
14465,0.0017898586,Low,868.5058988944826,1.5545027216586897,1,Loyal High-Value Accounts,High,20.3,37.5,15.6
12515,0.023999011,Low,285.78677065691585,6.858599893815103,1,Loyal High-Value Accounts,High,69.5,25.8,37.9
11350,0.004628943,Low,328.3726309160216,1.5200181301024533,1,Loyal High-Value Accounts,High,37.8,28.2,15.4
11008,0.84876627,High,-317.43334093591585,0.0,0,Disengaged At-Risk Accounts,Low,92.0,2.8,2.8
10675,0.0070590074,Low,1464.8519924550321,10.340401080148785,1,Loyal High-Value Accounts,Moderate,46.5,43.3,45.2
12413,0.026800761,Low,1567.5791390420209,42.01231385298805,0,Disengaged At-Risk Accounts,Low,71.6,44.4,72.3
12904,0.012676671,Low,163.34742662843678,2.0707016101340034,1,Loyal High-Value Accounts,Low,57.8,14.7,19.0
10448,0.00035596677,Low,9692.222177500526,3.4501089986979965,1,Loyal High-Value Accounts,Moderate,3.2,79.2,26.3
14198,0.6985354,High,-202.04422707147032,0.0,0,Disengaged At-Risk Accounts,Low,90.2,2.8,2.8
14007,0.91857785,High,1404.7611453904694,1290.3824725066154,0,Disengaged At-Risk Accounts,Low,94.2,42.7,97.4
13947,0.0014232018,Low,23709.528636946732,33.74344280311926,1,Loyal High-Value Accounts,High,16.5,95.6,68.2
10360,0.0011247301,Low,10227.515724791741,11.503194792643479,1,Loyal High-Value Accounts,High,13.3,80.2,47.0
12065,0.059491824,Low,1840.9589999221255,109.52200947493824,0,Disengaged At-Risk Accounts,Low,81.7,48.6,85.8
14589,0.014829426,Low,245.5691038204135,3.641648870804206,1,Loyal High-Value Accounts,Moderate,60.7,22.3,27.1
14061,0.07271174,Low,259.2554678183936,18.85091705479179,0,Disengaged At-Risk Accounts,Low,83.5,23.6,57.4
11691,0.0013599338,Low,7198.954888929951,9.790101750069105,1,Loyal High-Value Accounts,Moderate,15.8,72.5,44.3
14462,0.79471785,High,1748.8889818000227,1389.8732885333252,0,Disengaged At-Risk Accounts,Moderate,91.0,47.1,97.6
11549,0.95051074,High,-402.2563603094062,0.0,0,Disengaged At-Risk Accounts,Low,96.2,2.8,2.8
11248,0.9004399,High,1718.3397480936922,1547.2617019404706,1,Loyal High-Value Accounts,High,93.3,46.5,98.0
11986,0.003086803,Low,277.2216684965611,0.8557286822276402,1,Loyal High-Value Accounts,Moderate,29.7,25.2,10.6
10295,0.01071446,Low,90.82721653594446,0.9731645934094035,1,Loyal High-Value Accounts,Low,54.9,10.0,11.3
11548,0.0021215877,Low,14784.130907379693,31.365831021144956,1,Loyal High-Value Accounts,Moderate,23.2,87.0,67.0
12013,0.0013605088,Low,14506.061482052499,19.735624968679186,1,Loyal High-Value Accounts,High,15.8,86.7,58.6
10589,0.0009689,Low,20790.68542510367,20.144094802961337,1,Loyal High-Value Accounts,High,11.7,93.4,59.0
13330,0.000575735,Low,35355.3064361051,20.355287382580002,1,Loyal High-Value Accounts,High,6.3,99.8,59.1
12404,0.0137248235,Low,625.083930581919,8.579166608880742,1,Loyal High-Value Accounts,Moderate,59.3,34.5,42.0
12130,0.00026401473,Low,16944.38049452018,4.4735660175585785,1,Loyal High-Value Accounts,High,1.5,89.5,30.7
14525,0.0017904814,Low,12807.477519896522,22.931550110033232,1,Loyal High-Value Accounts,Moderate,20.3,83.9,61.4
13509,0.006884853,Low,2190.390567640975,15.080516829687957,1,Loyal High-Value Accounts,Moderate,45.9,53.2,52.7
12411,0.005345758,Low,297.2173311260378,1.5888519406686874,1,Loyal High-Value Accounts,Moderate,41.2,26.7,15.8
12720,0.024229482,Low,719.5424308672654,17.43414024474881,0,Disengaged At-Risk Accounts,Moderate,69.8,35.8,55.7
14694,0.052062385,Low,4873.436029505816,253.72270178942117,1,Loyal High-Value Accounts,Moderate,80.1,64.7,91.8
10426,0.0082898615,Low,298.46525387633335,2.4742356150519624,1,Loyal High-Value Accounts,Moderate,49.7,26.7,21.3
12583,0.00041027166,Low,15809.311943254008,6.486112701621767,1,Loyal High-Value Accounts,Moderate,3.9,88.2,37.0
11055,0.0009746793,Low,14248.87524570667,13.888083857801366,1,Loyal High-Value Accounts,High,11.7,86.2,50.9
14696,0.0007607018,Low,10423.771555198058,7.929381534829474,1,Loyal High-Value Accounts,Moderate,9.2,80.6,40.6
14702,0.07947623,Low,1454.273622254912,115.58018466200079,0,Disengaged At-Risk Accounts,Low,84.3,43.1,86.3
10557,0.00028358176,Low,15301.031227445194,4.339093329874576,1,Loyal High-Value Accounts,High,1.8,87.8,30.2
14495,0.0030875527,Low,23921.167777337338,73.8578668755638,1,Loyal High-Value Accounts,Moderate,29.7,95.8,81.0
12055,0.01630937,Low,2006.6143352750826,32.726614347922315,0,Disengaged At-Risk Accounts,Low,62.3,50.9,67.7
14859,0.0010433482,Low,2340.0582544811655,2.4414956236408054,1,Loyal High-Value Accounts,Moderate,12.4,54.6,21.0
12470,0.012934802,Low,634.0638044435136,8.201489829289496,0,Disengaged At-Risk Accounts,Low,58.2,34.7,41.1
14857,0.11730374,Low,43.391090482068854,5.089937044698732,0,Disengaged At-Risk Accounts,Low,86.5,7.6,32.9
10356,0.9308743,High,-159.709483211767,0.0,0,Disengaged At-Risk Accounts,Low,95.0,2.8,2.8
11194,0.0036602376,Low,4869.683692083372,17.824199590703834,1,Loyal High-Value Accounts,Low,32.9,64.7,56.1
11717,0.9895265,High,-460.30754579903265,0.0,0,Disengaged At-Risk Accounts,Low,99.7,2.8,2.8
13417,0.014390124,Low,1877.1016212833308,27.011725105996675,1,Loyal High-Value Accounts,Low,60.1,49.0,64.3
12605,0.0012704537,Low,309.06147256527777,0.39264828468588514,1,Loyal High-Value Accounts,Moderate,14.8,27.4,7.1
14259,0.006725738,Low,7471.974241016484,50.254539780499584,1,Loyal High-Value Accounts,Moderate,45.5,73.3,75.5
12829,0.0030582775,Low,2236.8156327000634,6.8408030020709,1,Loyal High-Value Accounts,Moderate,29.5,53.6,37.9
11705,0.98066014,High,1303.0085848400104,1277.8085819006399,0,Disengaged At-Risk Accounts,Low,98.7,41.6,97.3
12864,0.0060813716,Low,6732.437178142383,40.94245203946645,1,Loyal High-Value Accounts,High,43.6,70.9,71.8
14704,0.003241451,Low,2472.1636270174367,8.013397239900277,0,Disengaged At-Risk Accounts,Low,30.4,55.6,40.9
12619,0.01721732,Low,235.21791898349738,4.049822053554916,1,Loyal High-Value Accounts,Low,63.4,21.4,29.1
12401,0.0078563355,Low,10463.185134312644,82.20229271899717,1,Loyal High-Value Accounts,Low,48.4,80.7,82.5
12140,0.006875102,Low,6000.305656267879,41.25271307341516,1,Loyal High-Value Accounts,Moderate,45.9,68.3,72.0
13240,0.9016714,High,1075.1929306172322,969.4707253490496,0,Disengaged At-Risk Accounts,Low,93.4,39.6,96.5
12384,0.002348624,Low,20499.827243927837,48.14638496936887,1,Loyal High-Value Accounts,Moderate,24.8,92.6,74.7
13219,0.0012718018,Low,36429.3452136893,46.33090564514513,1,Loyal High-Value Accounts,High,14.9,99.8,74.2
13991,0.007877143,Low,973.6558563706126,7.66962651069095,0,Disengaged At-Risk Accounts,Low,48.4,38.4,40.0
11286,0.00061478594,Low,6655.944422934398,4.0919810388153754,1,Loyal High-Value Accounts,Low,7.1,70.6,29.3
14047,0.02359442,Low,4861.415550178698,114.70228224577475,1,Loyal High-Value Accounts,High,69.2,64.6,86.2
14092,0.0062809526,Low,17545.794523202137,110.20430371026488,1,Loyal High-Value Accounts,High,44.3,90.0,85.9
14608,0.0011799987,Low,14995.760478646169,17.694978478449766,1,Loyal High-Value Accounts,High,14.0,87.3,56.0
12088,0.049711782,Low,3682.8897467431198,183.08301400723911,0,Disengaged At-Risk Accounts,Low,79.6,61.6,89.8
11890,0.9150639,High,-335.2578219671584,0.0,0,Disengaged At-Risk Accounts,Low,94.1,2.8,2.8
13858,0.11688041,Low,1765.1892428688695,206.31604140947528,0,Disengaged At-Risk Accounts,Low,86.4,47.4,90.7
11592,0.0014040926,Low,252.71471250468593,0.3548348696507301,1,Loyal High-Value Accounts,High,16.2,23.0,6.8
11347,0.49980173,Medium,200.31924304178904,100.11990325285896,0,Disengaged At-Risk Accounts,Low,89.3,18.0,84.8
14570,0.0047324505,Low,544.7016028470679,2.577773356582202,1,Loyal High-Value Accounts,Moderate,38.5,33.0,21.8
12163,0.9955173,High,-393.0639546776927,0.0,0,Disengaged At-Risk Accounts,Low,100.0,2.8,2.8
12397,0.0002963716,Low,24191.689754717154,7.1697300557982295,1,Loyal High-Value Accounts,High,2.1,96.1,38.9
13931,0.040655423,Low,553.7618092091899,22.513420570141736,0,Disengaged At-Risk Accounts,Low,77.3,33.1,61.1
12272,0.016061699,Low,202.08179514689817,3.245776970642836,1,Loyal High-Value Accounts,Low,62.0,18.2,25.4
14630,0.001272627,Low,258.18447207358406,0.3285725394587476,1,Loyal High-Value Accounts,Moderate,14.9,23.5,6.6
13112,0.009804557,Low,251.57865489437734,2.466617281414397,1,Loyal High-Value Accounts,High,53.0,22.9,21.3
11138,0.9664952,High,-529.4500699146715,0.0,0,Disengaged At-Risk Accounts,Low,97.6,2.8,2.8
10593,0.010024189,Low,532.7774543450951,5.340661906731229,0,Disengaged At-Risk Accounts,Low,53.4,32.8,33.8
10973,0.0002024141,Low,18089.82802142028,3.6616362486369267,1,Loyal High-Value Accounts,High,0.7,90.6,27.2
10796,0.019887628,Low,629.7951938351077,12.525132552440645,0,Disengaged At-Risk Accounts,Low,65.9,34.6,48.8
13021,0.10402445,Low,128.6999858380579,13.387944920152623,0,Disengaged At-Risk Accounts,Low,85.9,12.1,50.1
11712,0.2621281,Low,7.286746872637753,1.9100612200229679,0,Disengaged At-Risk Accounts,Low,88.3,5.7,18.0
13388,0.0022543804,Low,1436.8565044782476,3.2392211109505937,1,Loyal High-Value Accounts,High,24.1,42.9,25.4
10037,0.0032985948,Low,209.17573613474508,0.6899860057883741,1,Loyal High-Value Accounts,High,30.8,19.0,9.7
10454,0.004678293,Low,732.2597900468287,3.4257259460973026,1,Loyal High-Value Accounts,High,38.2,36.0,26.2
10914,0.025630157,Low,8110.391011406817,207.8705985296234,1,Loyal High-Value Accounts,Moderate,70.8,75.3,90.8
14217,0.016971191,Low,254.23837128322361,4.314728058072395,1,Loyal High-Value Accounts,Moderate,63.0,23.2,30.1
11200,0.003403358,Low,247.46214911868478,0.8422022672361208,1,Loyal High-Value Accounts,High,31.3,22.5,10.5
11275,0.0020838878,Low,19926.761392266435,41.52513519299794,1,Loyal High-Value Accounts,Moderate,23.0,92.2,72.1
12376,0.0003029373,Low,15508.594036251272,4.6981314371764284,1,Loyal High-Value Accounts,High,2.2,87.9,31.5
10038,0.14864969,Low,177.94167081237453,26.450974655494903,0,Disengaged At-Risk Accounts,Low,87.2,16.1,64.0
10975,0.8077504,High,-177.90702672740196,0.0,0,Disengaged At-Risk Accounts,Low,91.2,2.8,2.8
13196,0.9337976,High,-516.4447714331704,0.0,0,Disengaged At-Risk Accounts,Low,95.2,2.8,2.8
10984,0.7237539,High,1927.6439914030548,1395.139912757572,0,Disengaged At-Risk Accounts,Low,90.3,49.9,97.6
13298,0.07524025,Low,1440.7370011931453,108.40140776205112,0,Disengaged At-Risk Accounts,Low,83.7,43.0,85.6
14210,0.0015620274,Low,226.9997608353055,0.35457984101455303,1,Loyal High-Value Accounts,High,18.0,20.8,6.8
11419,0.010349425,Low,630.4895144283691,6.525203662860989,1,Loyal High-Value Accounts,Low,53.9,34.6,37.2
13333,0.00018189684,Low,26365.361708062417,4.795776108784692,1,Loyal High-Value Accounts,High,0.5,97.1,31.8
11561,0.0005794822,Low,7133.750483215669,4.13388126213213,1,Loyal High-Value Accounts,Moderate,6.4,72.3,29.5
10040,0.011570648,Low,270.2029753266379,3.126423594474688,1,Loyal High-Value Accounts,Moderate,56.2,24.7,24.7
11487,0.01982715,Low,139.7138502009396,2.77012743824334,1,Loyal High-Value Accounts,Moderate,65.8,12.8,23.0
10521,0.006383238,Low,7564.683977280198,48.287177424633526,1,Loyal High-Value Accounts,Moderate,44.6,73.6,74.8
10170,0.8645605,High,5372.543020819911,4644.888399151868,1,Loyal High-Value Accounts,Low,92.3,66.5,99.6
11356,0.0038215055,Low,8876.25579671587,33.92066004898972,1,Loyal High-Value Accounts,High,33.8,77.6,68.4
12786,0.9235652,High,484.0981621984725,447.09622030469706,1,Loyal High-Value Accounts,High,94.5,32.1,93.8
13874,0.0009618193,Low,19837.10108722158,19.07970696735273,1,Loyal High-Value Accounts,Moderate,11.6,92.1,57.7
14896,0.0230402,Low,1457.8706770388917,33.58963146623052,0,Disengaged At-Risk Accounts,Low,68.9,43.2,68.1
13721,0.0019559332,Low,3572.718000270837,6.9879976451902674,1,Loyal High-Value Accounts,Moderate,21.9,61.5,38.3
13613,0.001636106,Low,374.0143377738899,0.6119271227746632,1,Loyal High-Value Accounts,High,18.8,29.9,8.9
10988,0.00030316814,Low,11212.137912212702,3.399163005434186,1,Loyal High-Value Accounts,High,2.2,82.3,26.1
12683,0.010467668,Low,20021.8285674795,209.58185547745904,1,Loyal High-Value Accounts,Moderate,54.2,92.3,90.9
14851,0.011815481,Low,177.01976114700022,2.0915736046112094,1,Loyal High-Value Accounts,Moderate,56.5,16.0,19.2
14550,0.0010417268,Low,17719.699358009173,18.45908555501743,1,Loyal High-Value Accounts,Moderate,12.4,90.1,57.0
11641,0.9301967,High,4085.256768466002,3800.0923748124674,0,Disengaged At-Risk Accounts,Moderate,94.8,62.7,99.3
11291,0.6862534,High,-32.34992735580282,0.0,0,Disengaged At-Risk Accounts,Low,90.0,2.8,2.8
13682,0.000840291,Low,2879.329141853073,2.41947428742916,1,Loyal High-Value Accounts,High,10.1,58.3,20.9
11381,0.9252701,High,-404.407895842789,0.0,0,Disengaged At-Risk Accounts,Moderate,94.7,2.8,2.8
11934,0.0029939217,Low,129.50640801571606,0.38773205163116975,1,Loyal High-Value Accounts,Moderate,28.9,12.1,7.1
10580,0.03913494,Low,79.42777679662616,3.1084011418476742,0,Disengaged At-Risk Accounts,Low,76.9,9.3,24.6
14352,0.0028214655,Low,5928.104567945439,16.725942450815058,1,Loyal High-Value Accounts,High,28.0,68.0,54.6
13161,0.022449495,Low,5353.408966389207,120.18132927387126,1,Loyal High-Value Accounts,Low,68.2,66.3,86.6
12031,0.0021669413,Low,23540.381110598035,51.01062395941268,1,Loyal High-Value Accounts,High,23.5,95.4,75.7
10893,0.008619532,Low,3486.544294220669,30.052380075440755,1,Loyal High-Value Accounts,Moderate,50.4,61.1,66.3
14153,0.5776307,Medium,-405.8637732418494,0.0,0,Disengaged At-Risk Accounts,Low,89.6,2.8,2.8
10781,0.0034684087,Low,308.2967645246104,1.0692991848772608,1,Loyal High-Value Accounts,Moderate,31.7,27.3,12.1
10160,0.0021541652,Low,8330.607281523673,17.945504137445113,1,Loyal High-Value Accounts,High,23.4,75.8,56.3
10003,0.025746208,Low,190.8172028644905,4.912819334682272,1,Loyal High-Value Accounts,High,70.9,17.1,32.2
12264,0.0008647747,Low,17832.64877942495,15.421223270454394,1,Loyal High-Value Accounts,High,10.5,90.3,53.1
13217,0.92592496,High,-236.0674779010537,0.0,0,Disengaged At-Risk Accounts,Low,94.7,2.8,2.8
12110,0.00166173,Low,19405.171349484193,32.24615536497237,1,Loyal High-Value Accounts,High,19.1,91.6,67.5
10850,0.047152933,Low,3638.236051301814,171.5534997948918,1,Loyal High-Value Accounts,Moderate,79.2,61.6,89.4
12738,0.04738511,Low,2291.4306304354086,108.57969580575842,0,Disengaged At-Risk Accounts,Low,79.2,54.1,85.7
12467,0.0042438493,Low,1103.1261846712955,4.681501298789756,1,Loyal High-Value Accounts,Low,35.9,39.8,31.4
13940,0.049896494,Low,220.67123058014104,11.010720634220698,1,Loyal High-Value Accounts,High,79.6,20.1,46.3
13892,0.04402481,Low,214.66816410572824,9.45072517965718,0,Disengaged At-Risk Accounts,Low,78.2,19.6,43.6
11597,0.0037174164,Low,178.94956164462803,0.6652300409130637,1,Loyal High-Value Accounts,High,33.2,16.2,9.4
11777,0.0012701827,Low,11139.785425176731,14.14956232300288,1,Loyal High-Value Accounts,High,14.8,82.2,51.3
11914,0.98929906,High,-479.4166120158058,0.0,0,Disengaged At-Risk Accounts,Low,99.6,2.8,2.8
11044,0.009779747,Low,351.8869983039495,3.4413656908002723,1,Loyal High-Value Accounts,Moderate,52.9,28.9,26.3
13799,0.00398265,Low,1726.573995269209,6.876340122689995,0,Disengaged At-Risk Accounts,Moderate,34.7,46.7,38.0
11545,0.9598679,High,-242.0594387633316,0.0,0,Disengaged At-Risk Accounts,Low,97.1,2.8,2.8
12737,0.0028031361,Low,212.0504289889878,0.5944062186546116,1,Loyal High-Value Accounts,High,27.9,19.2,8.7
13950,0.013061494,Low,4059.7347436592822,53.02619951481513,1,Loyal High-Value Accounts,Moderate,58.5,62.5,76.2
14759,0.0019027601,Low,14842.92154596851,28.242519225042045,1,Loyal High-Value Accounts,High,21.3,87.1,65.3
10054,0.0054375343,Low,13226.06582787042,71.91718662581226,1,Loyal High-Value Accounts,Moderate,41.4,84.8,80.7
11797,0.016353024,Low,194.60011437939076,3.18230037389254,1,Loyal High-Value Accounts,Moderate,62.4,17.5,25.1
13589,0.0031820964,Low,7105.358212921198,22.609934838487305,1,Loyal High-Value Accounts,Moderate,30.3,72.2,61.2
11912,0.0012986461,Low,5289.282504044146,6.868906060481223,1,Loyal High-Value Accounts,Moderate,15.2,66.1,38.0
12307,0.79078287,High,1075.2236257678062,850.2684234530308,0,Disengaged At-Risk Accounts,Low,90.9,39.6,96.2
12554,0.0124166785,Low,1401.450284148029,17.401357585097436,1,Loyal High-Value Accounts,Low,57.4,42.6,55.6
12801,0.013451389,Low,998.2353564962627,13.427652130792145,1,Loyal High-Value Accounts,Moderate,59.0,38.7,50.2
10937,0.0028406505,Low,150.9218097382478,0.4287161144039831,1,Loyal High-Value Accounts,Low,28.2,13.8,7.3
14257,0.00043107432,Low,16558.499574229947,7.137944015329816,1,Loyal High-Value Accounts,Moderate,4.2,89.0,38.8
10825,0.0011233301,Low,7557.870311527323,8.48998313872965,1,Loyal High-Value Accounts,Moderate,13.3,73.6,41.8
14881,0.00834479,Low,206.7952303611267,1.725662763528758,1,Loyal High-Value Accounts,High,49.8,18.6,16.5
13179,0.0010022741,Low,22268.165930507246,22.31880606449655,1,Loyal High-Value Accounts,High,12.0,94.3,60.9
13402,0.009370353,Low,358.89204920507206,3.3629452161015565,1,Loyal High-Value Accounts,Moderate,52.1,29.3,25.9
11390,0.15867619,Low,2026.1293251357697,321.4984861452122,1,Loyal High-Value Accounts,High,87.4,51.1,92.7
13565,0.012726463,Low,11228.590551748783,142.90024643750098,1,Loyal High-Value Accounts,Low,57.9,82.4,88.1
11807,0.0003503215,Low,30894.644790146387,10.823058228706257,1,Loyal High-Value Accounts,Moderate,3.0,99.3,46.0
10885,0.00048335653,Low,13026.625746208125,6.296504652695949,1,Loyal High-Value Accounts,High,5.0,84.4,36.5
14056,0.014988009,Low,250.67289659617404,3.757087601807128,1,Loyal High-Value Accounts,Moderate,60.9,22.7,27.5
13647,0.061742734,Low,-32.34992735580282,0.0,0,Disengaged At-Risk Accounts,Moderate,82.1,2.8,2.8
13732,0.0021256742,Low,7181.228197640088,15.264951218204319,1,Loyal High-Value Accounts,Low,23.2,72.4,52.9
11608,0.0022828258,Low,4179.815074042067,9.54178954090165,1,Loyal High-Value Accounts,High,24.3,63.0,43.9
11595,0.020402515,Low,108.99294723471778,2.223730274318874,1,Loyal High-Value Accounts,Moderate,66.3,11.1,20.0
10772,0.0019753482,Low,1323.7043673317373,2.614777064855916,1,Loyal High-Value Accounts,High,22.0,42.0,22.0
12612,0.008008152,Low,95.05349005089406,0.7612028198863772,1,Loyal High-Value Accounts,Moderate,48.9,10.2,10.1
13783,0.029774562,Low,3094.865571757615,92.14826537601716,0,Disengaged At-Risk Accounts,Low,73.4,59.9,83.8
13225,0.00054634106,Low,6112.432397346969,3.339472816261793,1,Loyal High-Value Accounts,High,5.8,68.7,25.8
12274,0.043592654,Low,133.85025283919515,5.834887782399481,1,Loyal High-Value Accounts,Low,78.1,12.4,35.1
11869,0.058942433,Low,7.720079452059428,0.45504026930583014,0,Disengaged At-Risk Accounts,Low,81.5,5.7,7.5
11086,0.002542956,Low,2938.354142557072,7.472105396026265,1,Loyal High-Value Accounts,High,26.0,58.7,39.6
10011,0.05503318,Low,-21.467126567526577,0.0,0,Disengaged At-Risk Accounts,Low,80.6,2.8,2.8
13850,0.0010926089,Low,980.1641241029846,1.070936047094524,1,Loyal High-Value Accounts,High,13.0,38.5,12.1
11326,0.022869235,Low,833.1468886067083,19.053431905622475,1,Loyal High-Value Accounts,Low,68.8,37.2,57.7
13391,0.0034269989,Low,6975.125211331924,23.903746103533187,1,Loyal High-Value Accounts,High,31.5,71.8,62.3
11464,0.07729667,Low,574.76734384834,44.42759986552703,0,Disengaged At-Risk Accounts,Low,84.0,33.5,73.4
10807,0.014707759,Low,345.28534599309614,5.078373662940439,1,Loyal High-Value Accounts,Moderate,60.6,28.7,32.8
14508,0.00074897596,Low,810.6918674522132,0.6071887189926737,1,Loyal High-Value Accounts,High,9.0,37.0,8.8
14169,0.01463886,Low,2063.2836054923964,30.20411938437544,1,Loyal High-Value Accounts,Moderate,60.5,51.7,66.4
14021,0.0006574453,Low,33145.18402766812,21.791144975002535,1,Loyal High-Value Accounts,High,7.6,99.6,60.5
12109,0.98569447,High,340.0269807776619,335.1627139305578,0,Disengaged At-Risk Accounts,Low,99.3,28.6,92.9
14368,0.016868796,Low,9961.924564433042,168.04567523281315,1,Loyal High-Value Accounts,Moderate,62.9,79.5,89.4
13841,0.007214879,Low,593.7838662599797,4.2840788371368275,1,Loyal High-Value Accounts,Moderate,46.7,33.8,30.0
12235,0.0022727218,Low,2827.286283634719,6.425635300741982,1,Loyal High-Value Accounts,High,24.3,58.1,36.8
13212,0.005223165,Low,361.2826929252043,1.8870390447364724,1,Loyal High-Value Accounts,High,40.7,29.4,17.8
10964,0.00052798144,Low,27418.088867424547,14.476241929310037,1,Loyal High-Value Accounts,High,5.5,98.1,51.8
13416,0.00042700084,Low,16970.786364199597,7.246539961199924,1,Loyal High-Value Accounts,Moderate,4.2,89.5,39.1
14002,0.93925303,High,-254.67534804078437,0.0,0,Disengaged At-Risk Accounts,Low,95.4,2.8,2.8
10399,0.12695931,Low,20.11089823536625,2.55326574296732,0,Disengaged At-Risk Accounts,Low,86.9,6.3,21.7
12633,0.09409111,Low,48.471702043907115,4.560756245578673,1,Loyal High-Value Accounts,Moderate,85.4,7.8,31.0
15000,0.0021153893,Low,8590.196568202467,18.171610181663983,1,Loyal High-Value Accounts,Moderate,23.1,76.8,56.7
12997,0.0008502225,Low,5289.308332289224,4.497088852783238,1,Loyal High-Value Accounts,Low,10.2,66.1,30.8
10705,0.0011580068,Low,24089.803742454467,27.896157472435654,1,Loyal High-Value Accounts,High,13.7,96.0,65.0
10432,0.0011438085,Low,10086.608396414686,11.537148184234908,1,Loyal High-Value Accounts,High,13.5,79.9,47.1
14812,0.071355775,Low,5742.642463425264,409.77070351795163,1,Loyal High-Value Accounts,Moderate,83.3,67.1,93.6
10293,0.004018039,Low,1247.5603881706033,5.012746265752802,1,Loyal High-Value Accounts,Low,34.9,41.1,32.6
13386,0.0035980446,Low,12995.210919930325,46.75734881958192,1,Loyal High-Value Accounts,High,32.5,84.4,74.4
10146,0.0006468429,Low,20819.796675771253,13.467137168843939,1,Loyal High-Value Accounts,Low,7.4,93.5,50.3
14862,0.018886821,Low,1791.5443204186413,33.83657751049126,1,Loyal High-Value Accounts,Low,65.1,47.9,68.3
12034,0.5073178,Medium,1559.4185623688875,791.1207654103816,0,Disengaged At-Risk Accounts,Low,89.3,44.3,95.9
13742,0.013384069,Low,158.57785544488127,2.122417009271057,1,Loyal High-Value Accounts,High,58.9,14.4,19.4
14338,0.001487021,Low,20920.00165651746,31.108481474148768,1,Loyal High-Value Accounts,Low,17.2,93.8,66.9
11166,0.7217674,High,-136.9813025742612,0.0,1,Loyal High-Value Accounts,Low,90.2,2.8,2.8
13501,0.051871784,Low,2155.588903411327,111.81424205821561,0,Disengaged At-Risk Accounts,Low,80.1,52.8,86.0
12051,0.0013061147,Low,161.27779964910238,0.21064730785963184,1,Loyal High-Value Accounts,Moderate,15.3,14.6,5.8
13761,0.005093215,Low,1666.539769687832,8.488045408753004,1,Loyal High-Value Accounts,Low,40.2,45.9,41.8
12625,0.005003161,Low,11684.884001643779,58.46135355521231,1,Loyal High-Value Accounts,High,39.9,82.9,77.8
12614,0.0012243633,Low,11314.701265897442,13.853305423212918,1,Loyal High-Value Accounts,Low,14.4,82.5,50.8
10340,0.010853275,Low,8773.888158339203,95.22541859219234,1,Loyal High-Value Accounts,Moderate,55.1,77.3,84.3
14117,0.011588521,Low,3320.0047483953235,38.4739457486783,1,Loyal High-Value Accounts,Low,56.2,60.7,70.7
13915,0.0016976367,Low,410.86014255358754,0.6974912463315105,0,Disengaged At-Risk Accounts,Low,19.5,30.7,9.8
12974,0.0015006149,Low,8585.580962627228,12.88365087881243,1,Loyal High-Value Accounts,High,17.4,76.8,49.5
10266,0.00091001746,Low,27253.360004325015,24.80103357775237,1,Loyal High-Value Accounts,Moderate,11.0,97.9,62.9
12425,0.35443372,Medium,-134.26233604763976,0.0,1,Loyal High-Value Accounts,Moderate,88.8,2.8,2.8
11263,0.024498416,Low,2233.905410051547,54.72714428777367,0,Disengaged At-Risk Accounts,Low,70.0,53.6,76.7
11772,0.0018443248,Low,3065.1887779882222,5.65320353776109,1,Loyal High-Value Accounts,High,20.8,59.7,34.5
13512,0.06080711,Low,8214.405616679893,499.49425671045736,1,Loyal High-Value Accounts,Low,81.9,75.6,94.2
10272,0.0002791135,Low,3060.7461273051085,0.8542955789037509,1,Loyal High-Value Accounts,High,1.7,59.7,10.6
10697,0.009194198,Low,10685.64623381677,98.24594792095455,1,Loyal High-Value Accounts,Moderate,51.7,81.3,84.6
10748,0.32433805,Medium,606.9221549269895,196.84794743970554,0,Disengaged At-Risk Accounts,Low,88.7,34.1,90.3
10245,0.0027240964,Low,14733.824156478653,40.13635751733216,1,Loyal High-Value Accounts,Moderate,27.4,87.0,71.5
10318,0.0013781893,Low,467.78137266958805,0.6446912856895695,1,Loyal High-Value Accounts,High,16.0,31.8,9.2
10477,0.010428475,Low,254.4954623462642,2.6539996216703856,0,Disengaged At-Risk Accounts,Low,54.1,23.2,22.3
12033,0.08588574,Low,-322.43860748986316,0.0,0,Disengaged At-Risk Accounts,Low,84.9,2.8,2.8
10958,0.013590528,Low,1750.4416513283377,23.78942574680667,0,Disengaged At-Risk Accounts,Moderate,59.2,47.2,62.2
14902,0.0019120743,Low,3460.114428182563,6.615995803885899,1,Loyal High-Value Accounts,High,21.4,61.1,37.4
10814,0.02271236,Low,227.54399120992446,5.16806086327376,1,Loyal High-Value Accounts,Moderate,68.5,20.9,33.3
14302,0.0017138548,Low,10909.638420523599,18.69753664042158,1,Loyal High-Value Accounts,Low,19.7,81.8,57.3
11915,0.002444369,Low,244.16033013040004,0.5968179468691938,1,Loyal High-Value Accounts,Moderate,25.6,22.2,8.7
13811,0.002662453,Low,8036.966650309648,21.398046788368774,1,Loyal High-Value Accounts,Moderate,26.8,75.0,60.0
14743,0.0066861147,Low,1723.3594560756721,11.522579003162383,1,Loyal High-Value Accounts,Moderate,45.4,46.7,47.1
13488,0.0025964319,Low,10366.178463245866,26.915076209452927,1,Loyal High-Value Accounts,High,26.3,80.5,64.2
11298,0.012945765,Low,1001.9214276953023,12.970639048915944,1,Loyal High-Value Accounts,High,58.2,38.7,49.5
14193,0.017586116,Low,1229.2183143398302,21.61717555516089,1,Loyal High-Value Accounts,High,63.7,40.8,60.3
11805,0.0038248398,Low,2171.2904407629208,8.30483816928235,1,Loyal High-Value Accounts,Moderate,33.9,53.0,41.4
10759,0.012539038,Low,123.2763682617462,1.5457671197149807,1,Loyal High-Value Accounts,High,57.7,11.7,15.5
10251,0.0005830156,Low,7525.133216250446,4.387270170936187,1,Loyal High-Value Accounts,Moderate,6.5,73.5,30.4
12462,0.94229555,High,2077.7888211024674,1957.891162665828,0,Disengaged At-Risk Accounts,Low,95.6,51.9,98.6
10546,0.8067005,High,3558.8708100691274,2870.942960385005,0,Disengaged At-Risk Accounts,Moderate,91.2,61.4,99.1
13242,0.0016144227,Low,6149.441920090329,9.927798344031892,1,Loyal High-Value Accounts,High,18.6,68.8,44.5
10739,0.16522728,Low,88.69625582290746,14.655041013053058,0,Disengaged At-Risk Accounts,Low,87.5,9.9,52.1
10311,0.053428333,Low,143.77542443213747,7.6816812901040805,0,Disengaged At-Risk Accounts,Low,80.3,13.2,40.1
10131,0.00013462437,Low,30927.986916312813,4.163660635919593,1,Loyal High-Value Accounts,High,0.2,99.3,29.6
12942,0.0025935378,Low,28096.772860958856,72.87004226396755,1,Loyal High-Value Accounts,High,26.3,98.6,80.9
11132,0.9673552,High,-256.6582947512442,0.0,0,Disengaged At-Risk Accounts,Low,97.7,2.8,2.8
11450,0.027323935,Low,216.10888279997477,5.904945105643762,1,Loyal High-Value Accounts,High,72.0,19.8,35.3
13343,0.0020903402,Low,1851.4494307451916,3.8701592610713043,1,Loyal High-Value Accounts,Moderate,23.0,48.7,28.2
10016,0.00021038958,Low,25356.93746287648,5.334835478874423,1,Loyal High-Value Accounts,High,0.8,96.6,33.7
13233,0.050342225,Low,129.78781822268817,6.533807487306041,0,Disengaged At-Risk Accounts,Low,79.8,12.2,37.2
12770,0.016455567,Low,119.93381758203834,1.9735789120863778,0,Disengaged At-Risk Accounts,Low,62.5,11.5,18.5
13469,0.9767468,High,-376.8409080325549,0.0,0,Disengaged At-Risk Accounts,Low,98.3,2.8,2.8
10921,0.0013236407,Low,20749.32548616826,27.46465162333355,1,Loyal High-Value Accounts,Moderate,15.4,93.2,64.6
13030,0.023788998,Low,319.4774715186771,7.600048900162499,0,Disengaged At-Risk Accounts,Low,69.3,27.9,39.9
11373,0.7960964,High,-464.26946061241307,0.0,0,Disengaged At-Risk Accounts,Low,91.1,2.8,2.8
13588,0.03659676,Low,154.5651910331654,5.656585224362465,0,Disengaged At-Risk Accounts,Low,76.3,14.0,34.5
12545,0.011931858,Low,1324.4541238512616,15.803198567069641,0,Disengaged At-Risk Accounts,Moderate,56.7,42.0,53.6
13599,0.9433042,High,331.8972372233718,313.0800515679927,1,Loyal High-Value Accounts,Moderate,95.7,28.3,92.6
10039,0.010983446,Low,3094.6892877512614,33.990351693543055,1,Loyal High-Value Accounts,Moderate,55.4,59.9,68.4
10364,0.026741264,Low,190.97601902984488,5.106940216638155,1,Loyal High-Value Accounts,High,71.5,17.2,33.0
14230,0.0016902278,Low,20518.391497367345,34.68075512875053,1,Loyal High-Value Accounts,High,19.4,92.6,68.9
10183,0.15745242,Low,2011.3206239571348,316.6872984316012,0,Disengaged At-Risk Accounts,Low,87.3,51.0,92.7
13034,0.0009291198,Low,20292.35180822121,18.85402630211674,1,Loyal High-Value Accounts,High,11.3,92.4,57.4
12984,0.0061817984,Low,290.65239882718635,1.796754536836843,1,Loyal High-Value Accounts,Moderate,44.0,26.1,17.1
11195,0.003976349,Low,8249.332312958704,32.802222540698686,1,Loyal High-Value Accounts,Low,34.6,75.7,67.7
12853,0.010013178,Low,2155.8476068200716,21.586885808374046,1,Loyal High-Value Accounts,Low,53.4,52.8,60.2
14842,0.94328487,High,-126.92210256101538,0.0,0,Disengaged At-Risk Accounts,Low,95.7,2.8,2.8
11122,0.00025534412,Low,15948.01397093364,4.072231520281133,1,Loyal High-Value Accounts,High,1.3,88.5,29.2
10996,0.014275423,Low,3023.6436665878764,43.16379310102695,0,Disengaged At-Risk Accounts,Moderate,59.9,59.5,72.8
12236,0.0016090631,Low,7453.335942640533,11.992888025145973,1,Loyal High-Value Accounts,Moderate,18.6,73.2,48.0
12668,0.0006352869,Low,36773.897984453055,23.36197600184395,1,Loyal High-Value Accounts,High,7.3,99.9,61.7
13943,0.0010148982,Low,20716.550923761486,21.02518986761786,1,Loyal High-Value Accounts,High,12.1,93.1,59.8
13224,0.014462356,Low,406.99116498799754,5.886051302346141,1,Loyal High-Value Accounts,Moderate,60.2,30.7,35.2
11183,0.027240772,Low,20422.641261834997,556.3285101726217,1,Loyal High-Value Accounts,Moderate,71.9,92.5,94.6
14315,0.0008253236,Low,1411.4025541224314,1.1648637973806357,1,Loyal High-Value Accounts,High,9.8,42.7,12.8
14428,0.0024457101,Low,14436.463866441227,35.307405839382184,1,Loyal High-Value Accounts,High,25.7,86.6,69.2
10615,0.0035500387,Low,7721.498264396057,27.411617451982107,1,Loyal High-Value Accounts,Moderate,32.2,74.0,64.5
11022,0.01136674,Low,220.24410155205115,2.5034574100497156,1,Loyal High-Value Accounts,Moderate,55.8,20.1,21.4
11467,0.012328585,Low,157.28929304540384,1.9391543683271149,0,Disengaged At-Risk Accounts,Moderate,57.1,14.3,18.2
10402,0.022559373,Low,1470.0042310774006,33.16237333150811,1,Loyal High-Value Accounts,Low,68.4,43.4,67.9
13043,0.023098698,Low,213.2900462435755,4.926722340243791,1,Loyal High-Value Accounts,Low,69.0,19.4,32.3
10935,0.0056728604,Low,3008.8218681568287,17.068626501637997,1,Loyal High-Value Accounts,Moderate,42.3,59.4,55.2
12420,0.010105443,Low,5660.561757733779,57.20248524961171,1,Loyal High-Value Accounts,Moderate,53.5,67.0,77.3
11529,0.0015972045,Low,3054.9674761324636,4.87940773442099,1,Loyal High-Value Accounts,High,18.5,59.6,32.0
14654,0.0016027953,Low,2274.991187423202,3.6463452379990153,1,Loyal High-Value Accounts,Moderate,18.5,54.0,27.1
12642,0.038727257,Low,230.03754622240936,8.90872326439243,1,Loyal High-Value Accounts,Moderate,76.9,21.1,42.6
14182,0.0008348154,Low,20562.359682307164,17.165774086518407,1,Loyal High-Value Accounts,High,10.0,92.7,55.3
10727,0.009171646,Low,148.87817863290087,1.3654579647008656,1,Loyal High-Value Accounts,High,51.6,13.6,14.3
10827,0.01745411,Low,270.5626777780218,4.722430763090853,1,Loyal High-Value Accounts,Low,63.7,24.7,31.6
11522,0.030764537,Low,2296.1472501986277,70.6399068803003,0,Disengaged At-Risk Accounts,Low,73.8,54.2,80.2
13912,0.9621682,High,-344.12361589835854,0.0,0,Disengaged At-Risk Accounts,Low,97.3,2.8,2.8
12905,0.9696369,High,-309.5195428621857,0.0,0,Disengaged At-Risk Accounts,Low,97.9,2.8,2.8
12931,0.0026326103,Low,10607.523773262896,27.925475993237743,1,Loyal High-Value Accounts,High,26.6,81.1,65.0
10137,0.0052980613,Low,7784.153452105615,41.24092212940177,1,Loyal High-Value Accounts,Moderate,40.9,74.3,71.9
13591,0.0016705833,Low,751.5918290475956,1.2555967337440974,1,Loyal High-Value Accounts,Moderate,19.2,36.3,13.6
10629,0.0041031,Low,14081.886360241513,57.77938690104077,1,Loyal High-Value Accounts,Moderate,35.4,85.8,77.5
10335,0.004339295,Low,27762.149648758146,120.46815643165259,1,Loyal High-Value Accounts,High,36.4,98.4,86.7
13854,0.016259031,Low,703.1764370305732,11.432967748523337,0,Disengaged At-Risk Accounts,Low,62.3,35.6,46.9
10391,0.01769616,Low,10129.489763742313,179.25307991519773,1,Loyal High-Value Accounts,Low,63.9,80.0,89.7
14524,0.015643913,Low,369.8816164516088,5.786395938605716,1,Loyal High-Value Accounts,Moderate,61.6,29.6,34.9
10976,0.0019823227,Low,1882.7876091341068,3.7322925438246424,1,Loyal High-Value Accounts,Low,22.1,49.2,27.4
14084,0.024033122,Low,283.47361557548834,6.812755920194097,0,Disengaged At-Risk Accounts,Low,69.6,25.7,37.8
11818,0.016849376,Low,289.65726196293804,4.880544193612448,0,Disengaged At-Risk Accounts,Low,62.9,26.0,32.1
10401,0.10630075,Low,124.69762485206185,13.255450905914795,0,Disengaged At-Risk Accounts,Low,86.0,11.8,50.0
10711,0.97041065,High,-178.01985063683247,0.0,0,Disengaged At-Risk Accounts,Low,98.0,2.8,2.8
11040,0.00018067958,Low,2047.9997380424031,0.37003172671364903,1,Loyal High-Value Accounts,High,0.5,51.5,6.9
10778,0.00066389405,Low,44073.72566323843,29.260284406078622,1,Loyal High-Value Accounts,High,7.8,100.0,66.0
13360,0.0034115643,Low,8462.52497168153,28.87044789071358,1,Loyal High-Value Accounts,Moderate,31.4,76.4,65.7
10047,0.9330948,High,-111.22772062320509,0.0,0,Disengaged At-Risk Accounts,Low,95.1,2.8,2.8
11562,0.022727706,Low,6432.318596965139,146.19184300018009,1,Loyal High-Value Accounts,Moderate,68.6,69.7,88.4
13949,0.00083705486,Low,10708.99967237149,8.964020224843436,1,Loyal High-Value Accounts,Low,10.0,81.3,42.7
14947,0.010480898,Low,6603.2705622749545,69.20820808508255,1,Loyal High-Value Accounts,Moderate,54.3,70.3,80.0
13643,0.009916853,Low,7404.808369382918,73.43239727463668,1,Loyal High-Value Accounts,Low,53.1,73.1,80.9
13727,0.010722489,Low,135.7689246050737,1.455780813684003,1,Loyal High-Value Accounts,Moderate,54.9,12.5,14.9
14992,0.010576464,Low,6697.804337337585,70.8390880321207,1,Loyal High-Value Accounts,Moderate,54.5,70.8,80.2
11113,0.010478817,Low,273.77023951286355,2.8687882197736974,1,Loyal High-Value Accounts,High,54.3,25.1,23.5
12514,0.0036123334,Low,276.9447139142948,1.0004166519390543,1,Loyal High-Value Accounts,Moderate,32.5,25.2,11.6
13609,0.005450368,Low,206.12879714817663,1.1234777849211435,1,Loyal High-Value Accounts,High,41.4,18.6,12.5
11224,0.002756575,Low,6461.723750897028,17.812225435545326,1,Loyal High-Value Accounts,Moderate,27.6,69.8,56.1
13445,0.004679039,Low,474.7300742585067,2.2212805892160894,1,Loyal High-Value Accounts,Moderate,38.2,31.9,20.0
13024,0.013082656,Low,9641.116704623859,126.13141405484609,1,Loyal High-Value Accounts,Moderate,58.6,79.1,87.2
12422,0.0018626642,Low,3499.8275063159845,6.519003546886005,1,Loyal High-Value Accounts,Moderate,20.9,61.2,37.1
11509,0.0018855113,Low,6026.81631492781,11.363630447607344,1,Loyal High-Value Accounts,High,21.1,68.3,46.8
11751,0.0013286872,Low,4979.103228658391,6.615670645535348,1,Loyal High-Value Accounts,Moderate,15.5,65.0,37.4
14986,0.91987675,High,931.0528739553022,856.4538957607051,0,Disengaged At-Risk Accounts,Low,94.3,38.2,96.2
14225,0.00073830545,Low,14900.750668595556,11.001305385359448,1,Loyal High-Value Accounts,High,8.9,87.2,46.3
11800,0.021971656,Low,5140.951930341536,112.9552273751213,1,Loyal High-Value Accounts,Moderate,67.7,65.5,86.1
10339,0.0012775498,Low,15149.15391250898,19.353798163064464,1,Loyal High-Value Accounts,High,15.0,87.5,58.1
10216,0.005567485,Low,7766.86914900682,43.24192749134494,1,Loyal High-Value Accounts,High,41.9,74.2,72.9
13664,0.022661928,Low,371.5134216139709,8.419210444146813,1,Loyal High-Value Accounts,Moderate,68.5,29.7,41.7
11342,0.010515419,Low,100.27564960677526,1.054440454565371,1,Loyal High-Value Accounts,Low,54.4,10.5,11.9
10012,0.00078571535,Low,6546.635915124821,5.143792356483493,1,Loyal High-Value Accounts,Moderate,9.4,70.1,33.2
13887,0.009791381,Low,9551.776416548306,93.52507950215154,1,Loyal High-Value Accounts,Moderate,52.9,79.0,84.0
11521,0.010090954,Low,1699.438364343099,17.14895380035812,1,Loyal High-Value Accounts,High,53.5,46.3,55.3
13895,0.012351953,Low,8476.905218122827,104.70633843826725,1,Loyal High-Value Accounts,Low,57.3,76.5,85.2
13641,0.00047479407,Low,27722.593284091297,13.162522877042898,1,Loyal High-Value Accounts,High,4.8,98.3,49.8
10330,0.00043753601,Low,19341.18063143712,8.462463097761141,1,Loyal High-Value Accounts,High,4.2,91.5,41.8
14025,0.0027627032,Low,303.50600926250485,0.8384970306014383,1,Loyal High-Value Accounts,High,27.6,27.0,10.4
13005,0.0017596754,Low,12798.24182082139,22.52075190747858,1,Loyal High-Value Accounts,High,20.1,83.9,61.2
12865,0.91370183,High,-29.86806793547572,0.0,0,Disengaged At-Risk Accounts,Low,93.9,2.8,2.8
13116,0.0026815315,Low,316.58281422039886,0.8489267816370385,1,Loyal High-Value Accounts,Moderate,27.0,27.8,10.5
14989,0.09659953,Low,2444.7803802256385,236.16462762345154,1,Loyal High-Value Accounts,Low,85.6,55.3,91.4
12323,0.018072445,Low,2192.4539981285816,39.62300417688197,0,Disengaged At-Risk Accounts,Low,64.3,53.2,71.2
12572,0.0015537589,Low,2526.7405280598045,3.9259454885298535,1,Loyal High-Value Accounts,High,17.8,56.2,28.5
12914,0.00040596625,Low,1163.2452156425745,0.4722382934125319,1,Loyal High-Value Accounts,Moderate,3.8,40.3,7.7
10102,0.0001364414,Low,11554.260108297913,1.5764794901877894,1,Loyal High-Value Accounts,Moderate,0.2,82.7,15.7
13550,0.012683793,Low,172.06551558747145,2.182443377172694,1,Loyal High-Value Accounts,Low,57.8,15.4,19.7
11459,0.04317763,Low,2004.483305620895,86.54884001929894,1,Loyal High-Value Accounts,Moderate,78.1,50.8,83.1
10172,0.17633079,Low,612.7054118228209,108.03882925722426,0,Disengaged At-Risk Accounts,Low,87.7,34.3,85.6
10108,0.00018241948,Low,31064.127319719,5.666701856459857,1,Loyal High-Value Accounts,Moderate,0.6,99.3,34.5
14328,0.009012164,Low,6167.868280085652,55.58583810648992,1,Loyal High-Value Accounts,Low,51.2,68.8,77.0
13570,0.016871413,Low,1896.3812724679901,31.99463206288155,0,Disengaged At-Risk Accounts,Low,62.9,49.4,67.3
12676,0.03600834,Low,1705.4562211430987,61.410646400564886,0,Disengaged At-Risk Accounts,Low,76.1,46.4,78.4
13875,0.003997414,Low,4088.611591142647,16.343872835573137,1,Loyal High-Value Accounts,Moderate,34.8,62.7,54.3
14430,0.0015538306,Low,12500.041699454487,19.422946972219968,1,Loyal High-Value Accounts,High,17.9,83.5,58.1
10025,0.0036212949,Low,680.3319434375909,2.463682570993307,1,Loyal High-Value Accounts,High,32.6,35.3,21.2
14104,0.9644761,High,-541.019759468711,0.0,0,Disengaged At-Risk Accounts,Low,97.5,2.8,2.8
14252,0.00089826196,Low,22890.6324142304,20.56178438366327,1,Loyal High-Value Accounts,Moderate,10.8,94.7,59.3
10939,0.011279477,Low,200.66912824110733,2.263442777780442,1,Loyal High-Value Accounts,Moderate,55.7,18.0,20.3
10061,0.0034247474,Low,581.5691671731885,1.9917274823557087,1,Loyal High-Value Accounts,High,31.4,33.6,18.6
11241,0.0060358536,Low,327.210172935532,1.9749927143298804,1,Loyal High-Value Accounts,Low,43.5,28.2,18.5
13773,0.0072049703,Low,265.6803538049724,1.9142190703876543,1,Loyal High-Value Accounts,High,46.7,24.3,18.0
11041,0.0006053503,Low,20786.221707751545,12.582945589611837,1,Loyal High-Value Accounts,High,6.9,93.3,48.9
14318,0.0029455393,Low,13878.537184681463,40.87977682489885,1,Loyal High-Value Accounts,Moderate,28.7,85.7,71.7
12761,0.0046156785,Low,5370.329547293902,24.787714371343423,1,Loyal High-Value Accounts,High,37.7,66.4,62.8
12121,0.0001888385,Low,27021.815482958005,5.102759139407637,1,Loyal High-Value Accounts,High,0.6,97.7,32.9
11525,0.0038373088,Low,9475.940773888104,36.362111359736794,1,Loyal High-Value Accounts,Moderate,34.0,78.8,69.8
13522,0.03946311,Low,6332.914525089319,249.91650422215324,1,Loyal High-Value Accounts,Moderate,77.0,69.4,91.7
10154,0.002324132,Low,1655.910835296077,3.8485553878347267,1,Loyal High-Value Accounts,High,24.5,45.7,28.0
12249,0.1881244,Low,1278.486093379881,240.51443351795854,0,Disengaged At-Risk Accounts,Low,87.8,41.4,91.5
10482,0.0007970128,Low,20598.63415616526,16.41737551425401,1,Loyal High-Value Accounts,High,9.5,92.8,54.4
14796,0.0007671027,Low,6183.7097059668695,4.743540398256069,1,Loyal High-Value Accounts,High,9.3,69.0,31.7
14440,0.46109363,Medium,-158.25360581270664,0.0,0,Disengaged At-Risk Accounts,Low,89.2,2.8,2.8
13579,0.029060705,Low,1654.3966946632102,48.07793369040102,1,Loyal High-Value Accounts,Moderate,73.0,45.7,74.7
14255,0.0016179018,Low,5527.3100683772345,8.942645141539899,1,Loyal High-Value Accounts,Moderate,18.7,66.7,42.7
13921,0.00030769527,Low,19864.43050405284,6.112191322215439,1,Loyal High-Value Accounts,High,2.3,92.2,36.1
13563,0.029117154,Low,638.5179357638007,18.59182504025084,1,Loyal High-Value Accounts,Moderate,73.1,34.8,57.1
13316,0.0005503065,Low,19782.189252868655,10.886267697283493,1,Loyal High-Value Accounts,High,5.8,92.1,46.0
11763,0.012952043,Low,278.0161446276535,3.600876988618142,1,Loyal High-Value Accounts,High,58.3,25.3,26.9
13539,0.0011744318,Low,15870.809097272964,18.63918225857733,1,Loyal High-Value Accounts,High,13.9,88.3,57.2
14951,0.0025983588,Low,20827.89787381613,54.118351389996924,1,Loyal High-Value Accounts,High,26.3,93.5,76.6
10751,0.0022141943,Low,17850.46108914952,39.52438875753766,1,Loyal High-Value Accounts,High,23.9,90.3,71.2
13620,0.052532353,Low,22.416849384935837,1.1776098339883403,1,Loyal High-Value Accounts,Low,80.2,6.3,12.9
11786,0.083609626,Low,1889.0537436912323,157.94307643179727,1,Loyal High-Value Accounts,Moderate,84.7,49.3,88.9
14405,0.037560653,Low,89.57444044054876,3.364474469813413,0,Disengaged At-Risk Accounts,Low,76.5,9.9,25.9
13384,0.0015202776,Low,14543.815318019482,22.110636399863107,1,Loyal High-Value Accounts,High,17.6,86.8,60.8
14268,0.052725,Low,157.31973333089982,8.294682695132337,1,Loyal High-Value Accounts,Moderate,80.2,14.3,41.3
10406,0.03257568,Low,203.29591456640142,6.622503025295702,0,Disengaged At-Risk Accounts,Low,74.7,18.3,37.4
10758,0.0005244771,Low,12326.496786560852,6.4649653107319995,1,Loyal High-Value Accounts,Moderate,5.4,83.3,37.0
12712,0.0015793075,Low,14118.612535708555,22.297630460709048,1,Loyal High-Value Accounts,High,18.2,86.0,60.9
12671,0.021263324,Low,204.59792050258707,4.35043181695894,0,Disengaged At-Risk Accounts,Moderate,67.0,18.4,30.3
14167,0.0013087515,Low,3802.081337107172,4.975979749471784,1,Loyal High-Value Accounts,High,15.3,61.9,32.5
10098,0.022423126,Low,509.08872904572223,11.415360616521193,1,Loyal High-Value Accounts,Moderate,68.2,32.5,46.9
11334,0.002785001,Low,10856.469234704024,30.23527713336082,1,Loyal High-Value Accounts,Moderate,27.9,81.6,66.5
14591,0.005885442,Low,229.55167095841588,1.3510129966585025,1,Loyal High-Value Accounts,Moderate,43.0,21.1,14.2
12792,0.002763108,Low,3721.273601714303,10.28228042993071,1,Loyal High-Value Accounts,High,27.7,61.7,45.2
12855,0.013049962,Low,201.17227146047364,2.6252904978235065,1,Loyal High-Value Accounts,Moderate,58.5,18.1,22.1
10187,0.95001274,High,368.6353117804402,350.20824388558026,0,Disengaged At-Risk Accounts,Low,96.2,29.6,93.1
11137,0.1255107,Low,1748.9048120478465,219.50625424536415,0,Disengaged At-Risk Accounts,Low,86.9,47.1,91.1
12724,0.9886348,High,568.7561338665706,562.2921207322614,0,Disengaged At-Risk Accounts,Low,99.5,33.4,94.7
13584,0.015343282,Low,5290.65279450592,81.17597975704236,1,Loyal High-Value Accounts,Moderate,61.3,66.1,82.3
12059,0.0010584973,Low,4829.126928818469,5.1116180556719675,1,Loyal High-Value Accounts,High,12.6,64.6,33.1
11320,0.069802344,Low,1878.290677774329,131.10909173155196,1,Loyal High-Value Accounts,High,83.2,49.0,87.5
14330,0.08422776,Low,1442.5176007898401,121.5000307705062,1,Loyal High-Value Accounts,Moderate,84.8,43.1,86.8
10149,0.040773015,Low,-62.63789881518069,0.0,0,Disengaged At-Risk Accounts,Moderate,77.3,2.8,2.8
10029,0.0015832682,Low,5004.163595386144,7.922932925292148,1,Loyal High-Value Accounts,High,18.3,65.1,40.6
14270,0.021432301,Low,1323.0597988068703,28.356215888141836,1,Loyal High-Value Accounts,High,67.1,41.9,65.4
11395,0.013954458,Low,1792.5376486229318,25.013891020861426,1,Loyal High-Value Accounts,Low,59.6,47.9,63.0
13364,0.008225557,Low,9423.670686769883,77.51494409925067,1,Loyal High-Value Accounts,Low,49.4,78.7,81.7
10693,0.0010071185,Low,19991.159343239106,20.13346631469061,1,Loyal High-Value Accounts,Moderate,12.1,92.2,59.0
12867,0.9798344,High,1294.971943413545,1268.8580283985925,0,Disengaged At-Risk Accounts,Low,98.6,41.5,97.3
13777,0.0014446237,Low,14532.99018479711,20.994701895392332,1,Loyal High-Value Accounts,Moderate,16.8,86.7,59.8
11387,0.008136568,Low,10137.902932183664,82.48773313494085,1,Loyal High-Value Accounts,High,49.3,80.0,82.5
11846,0.013945505,Low,10697.875593752018,149.18727782812596,0,Disengaged At-Risk Accounts,Low,59.6,81.3,88.5
14878,0.00411827,Low,2134.394635601158,8.790012915852426,1,Loyal High-Value Accounts,High,35.5,52.5,42.4
10130,0.071253546,Low,504.293984759958,35.93273442997058,1,Loyal High-Value Accounts,Moderate,83.3,32.4,69.6
11600,0.0036383716,Low,24006.799341960745,87.34565674993827,1,Loyal High-Value Accounts,High,32.7,95.9,83.3
13630,0.0011277986,Low,3324.0177641789332,3.7488225007337146,1,Loyal High-Value Accounts,High,13.4,60.7,27.5
14875,0.0577216,Low,515.4102053338219,29.7503016754606,0,Disengaged At-Risk Accounts,Low,81.3,32.6,66.2
10702,0.2546948,Low,1079.375640429584,274.91135169044867,0,Disengaged At-Risk Accounts,Moderate,88.3,39.6,92.1
13548,0.0014742224,Low,7034.350439343619,10.370196995269099,1,Loyal High-Value Accounts,Low,17.0,72.0,45.3
13029,0.0047661006,Low,7181.333190875749,34.22695608464804,1,Loyal High-Value Accounts,High,38.7,72.4,68.5
12970,0.00066916423,Low,28452.409513749437,19.03933481319858,1,Loyal High-Value Accounts,High,7.9,98.6,57.7
14675,0.01316923,Low,12977.946549247517,170.9095625406986,1,Loyal High-Value Accounts,Moderate,58.6,84.3,89.4
11709,0.03174613,Low,1688.5258754571844,53.60416268793737,1,Loyal High-Value Accounts,Moderate,74.3,46.2,76.4
12954,0.009859338,Low,5255.685694123497,51.817583796845646,1,Loyal High-Value Accounts,Low,53.0,66.0,75.9
10455,0.005254605,Low,674.7391586768384,3.5454876581578,1,Loyal High-Value Accounts,High,40.8,35.2,26.6
12869,0.0065639564,Low,1593.403502232087,10.459031090151973,1,Loyal High-Value Accounts,Moderate,45.0,44.9,45.4
12041,0.004635765,Low,213.54589622862184,0.9899486380219753,1,Loyal High-Value Accounts,High,37.9,19.4,11.4
11773,0.017684668,Low,7328.536470739719,129.60273662806983,1,Loyal High-Value Accounts,Moderate,63.9,72.9,87.4
12316,0.008779578,Low,533.773051265707,4.686302090326156,1,Loyal High-Value Accounts,High,50.8,32.9,31.4
10610,0.026696252,Low,-211.84423635636819,0.0,0,Disengaged At-Risk Accounts,Low,71.5,2.8,2.8
10168,0.7442761,High,157.70750592768988,117.37792845522512,1,Loyal High-Value Accounts,Low,90.3,14.4,86.4
10731,0.05863916,Low,2056.9024572643516,120.61503494672635,0,Disengaged At-Risk Accounts,Low,81.5,51.6,86.7
14382,0.17561062,Low,2688.3606270756236,472.10466791010515,0,Disengaged At-Risk Accounts,Low,87.6,57.2,94.0
12075,0.97997874,High,398.83804398357114,390.8528038929551,0,Disengaged At-Risk Accounts,Low,98.6,30.4,93.4
14053,0.01326511,Low,35.98925046556309,0.47740135260290106,0,Disengaged At-Risk Accounts,Low,58.8,7.4,7.7
14197,0.0010255987,Low,944.1289210825639,0.9682974215020798,1,Loyal High-Value Accounts,Moderate,12.2,38.3,11.3
11623,0.018193977,Low,6748.123232734901,122.7751985766048,1,Loyal High-Value Accounts,Moderate,64.3,71.0,86.9
14527,0.015019756,Low,2555.9538780750536,38.38980311158573,1,Loyal High-Value Accounts,High,61.0,56.4,70.6
10041,0.031729933,Low,70.40100369242903,2.2338191214540566,0,Disengaged At-Risk Accounts,Low,74.3,8.8,20.1
12090,0.9876459,High,749.5246057721961,740.2649218970772,0,Disengaged At-Risk Accounts,Low,99.5,36.2,95.7
13925,0.0012985262,Low,22892.463450526535,29.726463242591457,1,Loyal High-Value Accounts,High,15.2,94.7,66.1
12176,0.0019472436,Low,10005.310753040267,19.482777145030543,1,Loyal High-Value Accounts,Moderate,21.7,79.7,58.2
10075,0.0050114873,Low,158.04877776939173,0.7920594404441583,1,Loyal High-Value Accounts,High,39.9,14.4,10.2
14134,0.042820677,Low,245.68062116008835,10.520210563463337,0,Disengaged At-Risk Accounts,Low,78.0,22.3,45.5
14860,0.009048784,Low,3822.474341419476,34.588745240814454,1,Loyal High-Value Accounts,High,51.3,62.0,68.8
12658,0.006142061,Low,5788.048913452726,35.550550676541185,1,Loyal High-Value Accounts,High,43.9,67.3,69.4
13181,0.025199465,Low,230.47077744039728,5.807740394179324,0,Disengaged At-Risk Accounts,Low,70.5,21.1,35.0
12077,0.8745641,High,-221.51384263931888,0.0,1,Loyal High-Value Accounts,Low,92.5,2.8,2.8
10442,0.00044093188,Low,10760.868121232772,4.744809800193917,1,Loyal High-Value Accounts,Moderate,4.3,81.4,31.7
12052,0.0010471056,Low,3059.915758969847,3.2040550639202885,1,Loyal High-Value Accounts,High,12.5,59.7,25.2
12542,0.061923485,Low,2034.2802260986111,125.96972157372122,0,Disengaged At-Risk Accounts,Low,82.2,51.3,87.1
11302,0.0010878987,Low,2249.872887838606,2.4476338747796986,1,Loyal High-Value Accounts,Moderate,12.9,53.7,21.1
13431,0.9120768,High,4971.461597819493,4534.354642578844,1,Loyal High-Value Accounts,Moderate,93.9,65.0,99.5
11305,0.02284657,Low,-51.4440434120898,0.0,0,Disengaged At-Risk Accounts,Moderate,68.8,2.8,2.8
10237,0.08067671,Low,81.35432375025302,6.563399354942579,0,Disengaged At-Risk Accounts,Low,84.4,9.3,37.3
14307,0.014413909,Low,270.08975536058347,3.8930491705336787,1,Loyal High-Value Accounts,High,60.2,24.6,28.3
12600,0.89619964,High,2089.667743907597,1872.7594873572882,1,Loyal High-Value Accounts,Moderate,93.1,52.1,98.5
12574,0.001231821,Low,7929.204878652573,9.767361249856311,1,Loyal High-Value Accounts,Moderate,14.6,74.7,44.3
13281,0.006521013,Low,12887.543175302539,84.03983786909993,1,Loyal High-Value Accounts,High,44.9,84.1,82.7
13187,0.0048793037,Low,10584.655279195664,51.64574811367783,1,Loyal High-Value Accounts,Low,39.3,81.0,75.9
13954,0.0014235468,Low,1272.398469798538,1.8113187847228565,1,Loyal High-Value Accounts,Moderate,16.5,41.3,17.3
12769,0.007245402,Low,111.69337949072349,0.8092634185995591,1,Loyal High-Value Accounts,Moderate,46.8,11.2,10.3
12107,0.0058363657,Low,357.65726317452146,2.087418599053223,1,Loyal High-Value Accounts,High,42.8,29.2,19.2
12680,0.020449437,Low,94.70362626354138,1.9366358579854515,0,Disengaged At-Risk Accounts,Low,66.4,10.2,18.2
12762,0.0051832227,Low,1323.3585307151734,6.859261981452859,1,Loyal High-Value Accounts,Moderate,40.5,42.0,37.9
11388,0.04511902,Low,1855.84462459879,83.73389275311065,0,Disengaged At-Risk Accounts,Low,78.5,48.7,82.6
14841,0.0042654225,Low,1966.1764706988272,8.386573292485417,1,Loyal High-Value Accounts,Moderate,36.0,50.4,41.5
14666,0.08796896,Low,20.881271504273567,1.836903746152885,0,Disengaged At-Risk Accounts,Low,85.0,6.3,17.4
11280,0.0022111917,Low,8204.398184292364,18.141497098522226,0,Disengaged At-Risk Accounts,Moderate,23.9,75.5,56.6
12557,0.008373319,Low,27058.059050854103,226.5657645905532,1,Loyal High-Value Accounts,High,49.8,97.8,91.3
11556,0.0032974991,Low,9819.525803354387,32.3798779720447,1,Loyal High-Value Accounts,Moderate,30.7,79.4,67.5
13191,0.004972266,Low,2992.381486975076,14.878916826337429,1,Loyal High-Value Accounts,High,39.7,59.2,52.4
14836,0.002183296,Low,5572.817893583532,12.167111122851049,1,Loyal High-Value Accounts,Low,23.7,66.8,48.2
13595,0.001287731,Low,29981.43811781284,38.60802707217397,1,Loyal High-Value Accounts,High,15.1,99.0,70.8
11921,0.060805965,Low,150.91903348744344,9.176777500514035,0,Disengaged At-Risk Accounts,Low,81.9,13.8,43.1
10514,0.0014892224,Low,14461.32326262791,21.536126521293777,1,Loyal High-Value Accounts,High,17.2,86.7,60.1
11309,0.00021827722,Low,27274.802121629535,5.953467847503233,1,Loyal High-Value Accounts,Moderate,1.0,98.0,35.5
10915,0.0054963673,Low,1432.239544019024,7.87211466210561,1,Loyal High-Value Accounts,Low,41.6,42.9,40.5
13453,0.0014827402,Low,15052.405459700283,22.31880609489075,1,Loyal High-Value Accounts,High,17.2,87.4,61.0
13696,0.029141974,Low,1323.32704500539,38.56436194747097,0,Disengaged At-Risk Accounts,Low,73.1,41.9,70.7
13157,0.0061557656,Low,3182.688498393213,19.591884422949622,1,Loyal High-Value Accounts,Moderate,43.9,60.3,58.4
12199,0.010960461,Low,270.96662995780133,2.969919082538715,1,Loyal High-Value Accounts,Moderate,55.3,24.8,24.1
10775,0.0014730982,Low,4746.015766674391,6.9913471805179075,1,Loyal High-Value Accounts,High,17.0,64.4,38.3
10944,0.012978618,Low,1612.9199208449172,20.93347157083424,0,Disengaged At-Risk Accounts,Low,58.4,45.1,59.7
10823,0.003788478,Low,258.96556447249435,0.9810853370317573,1,Loyal High-Value Accounts,High,33.7,23.6,11.3
10165,0.004983759,Low,387.28144854867713,1.930117412298735,1,Loyal High-Value Accounts,Moderate,39.8,30.2,18.1
13984,0.00076457206,Low,14132.93666067138,10.805648519087724,1,Loyal High-Value Accounts,High,9.3,86.0,45.9
12539,0.00071433565,Low,25404.80701476021,18.147559301746725,1,Loyal High-Value Accounts,High,8.6,96.7,56.6
14923,0.0011937188,Low,9378.504130536629,11.195296245322348,1,Loyal High-Value Accounts,High,14.1,78.6,46.6
11312,0.0063630645,Low,140.59692460969492,0.894627302089879,1,Loyal High-Value Accounts,Moderate,44.6,12.9,10.8
14687,0.0010876771,Low,231.6686330811756,0.25198066304727745,1,Loyal High-Value Accounts,Moderate,12.9,21.3,6.1
14308,0.057864632,Low,25.579359206619316,1.4801402189892607,0,Disengaged At-Risk Accounts,Low,81.3,6.5,15.0
14788,0.0017968443,Low,10535.428870886943,18.930525303660428,1,Loyal High-Value Accounts,High,20.3,80.9,57.6
13301,0.9343982,High,-332.21114967688646,0.0,1,Loyal High-Value Accounts,Moderate,95.2,2.8,2.8
13311,0.028818544,Low,98.64942090144848,2.8429326768611087,1,Loyal High-Value Accounts,Low,72.9,10.4,23.4
10328,0.025700344,Low,-47.72072178171057,0.0,0,Disengaged At-Risk Accounts,Low,70.8,2.8,2.8
12491,0.0047168154,Low,1610.0671632886308,7.594389634218493,1,Loyal High-Value Accounts,Moderate,38.4,45.1,39.8
14831,0.015235495,Low,2981.012041984993,45.41719353076815,1,Loyal High-Value Accounts,High,61.1,59.2,73.8
10833,0.003248064,Low,2476.41957925505,8.043569483014178,0,Disengaged At-Risk Accounts,Low,30.5,55.7,40.9
13080,0.02415878,Low,212.3241288373124,5.12949181784457,1,Loyal High-Value Accounts,Moderate,69.7,19.2,33.2
13463,0.0040568593,Low,291.5690269060093,1.1828545171754445,1,Loyal High-Value Accounts,High,35.1,26.2,13.0
14528,0.8786828,High,6067.035431163248,5330.999632950387,1,Loyal High-Value Accounts,Moderate,92.6,68.6,99.7
10055,0.008585367,Low,7114.699820374208,61.08231155548746,1,Loyal High-Value Accounts,Moderate,50.3,72.3,78.3
14065,0.0028534539,Low,1657.3332859580316,4.729124058517414,1,Loyal High-Value Accounts,High,28.2,45.8,31.6
13452,0.06852794,Low,8576.381592050573,587.7217368741799,0,Disengaged At-Risk Accounts,Moderate,83.0,76.7,94.8
11902,0.00068618025,Low,20577.498556778424,14.119873185938994,1,Loyal High-Value Accounts,High,8.1,92.7,51.2
11482,0.003624345,Low,23360.35243644478,84.66597522185855,1,Loyal High-Value Accounts,High,32.6,95.2,82.8
14151,0.0008704446,Low,23666.552029304738,20.60042191871178,1,Loyal High-Value Accounts,High,10.6,95.5,59.4
13336,0.14926238,Low,18.225692871671285,2.7204103604264587,0,Disengaged At-Risk Accounts,Low,87.2,6.2,22.7
10947,0.008822852,Low,6748.986039320309,59.54530372190249,0,Disengaged At-Risk Accounts,Moderate,50.9,71.1,78.0
13294,0.03602175,Low,2002.3131980210449,72.12682628245079,0,Disengaged At-Risk Accounts,Moderate,76.1,50.8,80.7
12162,0.00037131144,Low,21081.396476317608,7.827763724894093,1,Loyal High-Value Accounts,High,3.4,93.9,40.4
13058,0.0004403325,Low,26679.836779783232,11.747998844530008,1,Loyal High-Value Accounts,High,4.3,97.5,47.5
10769,0.0014084391,Low,14558.989150898486,20.5054500074161,1,Loyal High-Value Accounts,High,16.3,86.8,59.3
14849,0.0004195073,Low,20636.55262354638,8.657184429489131,1,Loyal High-Value Accounts,High,4.0,92.9,42.1
13496,0.002379527,Low,10783.984728968308,25.66078372164479,1,Loyal High-Value Accounts,Moderate,25.0,81.5,63.6
10286,0.022963148,Low,2702.113183994249,62.049023904138,0,Disengaged At-Risk Accounts,Low,68.9,57.3,78.5
11496,0.009084569,Low,7953.144789745958,72.25089491807924,1,Loyal High-Value Accounts,High,51.4,74.8,80.7
14588,0.0038277043,Low,6282.607745786936,24.047964994956633,1,Loyal High-Value Accounts,Moderate,33.9,69.3,62.4
12333,0.004599462,Low,2328.4526867131176,10.709629180113872,1,Loyal High-Value Accounts,Moderate,37.7,54.5,45.7
12718,0.0012121144,Low,3141.9297678564503,3.808378163971392,1,Loyal High-Value Accounts,Low,14.2,60.1,27.7
12080,0.0006379988,Low,5957.20448024364,3.8006893362598353,1,Loyal High-Value Accounts,High,7.3,68.2,27.6
13390,0.0009173078,Low,898.22580515568,0.8239495369449686,1,Loyal High-Value Accounts,High,11.1,37.9,10.3
10723,0.007113318,Low,22894.116906907777,162.85313294959533,1,Loyal High-Value Accounts,High,46.6,94.7,89.1
10952,0.00013970892,Low,23659.10188115846,3.305387614074908,1,Loyal High-Value Accounts,High,0.3,95.5,25.7
14503,0.002560038,Low,594.0180502895372,1.5207087141390638,1,Loyal High-Value Accounts,Moderate,26.2,33.9,15.4
12263,0.96958244,High,1232.2300303499464,1194.7485975813486,0,Disengaged At-Risk Accounts,Low,97.9,40.8,97.1
10990,0.0014750803,Low,11172.592165424956,16.4804702195257,1,Loyal High-Value Accounts,Moderate,17.0,82.2,54.5
13213,0.003658044,Low,2917.829092066036,10.673546967296156,1,Loyal High-Value Accounts,Moderate,32.8,58.5,45.6
11760,0.017339585,Low,158.86969759133137,2.7547346807489492,1,Loyal High-Value Accounts,Moderate,63.5,14.5,22.9
14236,0.0013514246,Low,27278.0932946336,36.864286573447174,1,Loyal High-Value Accounts,Moderate,15.7,98.0,70.1
11725,0.9273461,High,-92.6975727008327,0.0,0,Disengaged At-Risk Accounts,Low,94.8,2.8,2.8
10342,0.0033383756,Low,7536.391714406315,25.15930616971679,1,Loyal High-Value Accounts,Moderate,31.0,73.5,63.1
13702,0.0035265104,Low,14982.216657637482,52.83494342679431,1,Loyal High-Value Accounts,High,32.0,87.3,76.2
10689,0.06842925,Low,131.23636981387773,8.980405905643368,1,Loyal High-Value Accounts,Moderate,82.9,12.2,42.8
13433,0.0058249086,Low,905.6484897537115,5.275319689366148,1,Loyal High-Value Accounts,Low,42.8,38.0,33.6
10967,0.006598321,Low,-25.22069601851507,0.0,1,Loyal High-Value Accounts,Low,45.2,2.8,2.8
14874,0.018741002,Low,176.8788517441619,3.3148869684804847,0,Disengaged At-Risk Accounts,Low,64.9,16.0,25.7
12204,0.0060412656,Low,204.68338209813194,1.2365466666567952,1,Loyal High-Value Accounts,Moderate,43.5,18.5,13.5
12714,0.0054605645,Low,187.43945158170033,1.0235252175981253,1,Loyal High-Value Accounts,High,41.5,16.8,11.8
14546,0.00030858832,Low,26782.558557986704,8.264784798554402,1,Loyal High-Value Accounts,High,2.4,97.6,41.3
13573,0.02079578,Low,861.5990944368776,17.917624615329487,0,Disengaged At-Risk Accounts,Low,66.7,37.4,56.3
11991,0.0006814834,Low,24032.174158265658,16.37752822608722,1,Loyal High-Value Accounts,High,8.0,95.9,54.3
14121,0.0069633243,Low,2213.828869464532,15.415608290651145,1,Loyal High-Value Accounts,Moderate,46.1,53.4,53.1
14231,0.71924603,High,4112.234689051823,2957.7084739276847,1,Loyal High-Value Accounts,Low,90.2,62.7,99.1
14890,0.016732758,Low,227.57782035372253,3.808004573911478,1,Loyal High-Value Accounts,Moderate,62.8,20.9,27.7
13601,0.00025551117,Low,28740.329747814452,7.343475320783856,1,Loyal High-Value Accounts,High,1.3,98.7,39.3
14707,0.0063046697,Low,10.435156374885652,0.06579021378976407,1,Loyal High-Value Accounts,High,44.3,5.8,5.5
12694,0.026487622,Low,644.8489647774335,17.080515890542078,1,Loyal High-Value Accounts,Moderate,71.3,34.9,55.2
14254,0.011172483,Low,1603.3692510337837,17.913615289209545,0,Disengaged At-Risk Accounts,Low,55.6,45.0,56.3
10386,0.0059656734,Low,2995.8095583441354,17.872021287923946,1,Loyal High-Value Accounts,Low,43.3,59.3,56.3
14507,0.92005837,High,138.4582561598768,127.38967742517407,0,Disengaged At-Risk Accounts,Low,94.3,12.7,87.3
14709,0.005863773,Low,12769.779133882073,74.87908828304795,1,Loyal High-Value Accounts,Moderate,42.9,83.8,81.2
10537,0.95419914,High,1659.980475709918,1583.951934543092,0,Disengaged At-Risk Accounts,Low,96.5,45.9,98.1
14810,0.016402971,Low,317.90168973634735,5.21453219743077,1,Loyal High-Value Accounts,High,62.5,27.9,33.4
14213,0.040895708,Low,1686.2904915068411,68.96204338413591,0,Disengaged At-Risk Accounts,Low,77.4,46.1,79.9
13508,0.9507154,High,-381.25890459124594,0.0,1,Loyal High-Value Accounts,Low,96.3,2.8,2.8
10202,0.0055989996,Low,453.8370100468706,2.5410332195093672,1,Loyal High-Value Accounts,Moderate,42.0,31.4,21.6
11333,0.08574333,Low,480.21046981872854,41.174844984360995,0,Disengaged At-Risk Accounts,Low,84.9,32.0,71.9
13503,0.0023318357,Low,17688.18562662942,41.24594241940012,1,Loyal High-Value Accounts,High,24.6,90.1,72.0
12709,0.00040679701,Low,17631.451585631505,7.172421872953932,1,Loyal High-Value Accounts,High,3.8,90.0,38.9
14022,0.0018691587,Low,291.0155742219163,0.5439542932370621,1,Loyal High-Value Accounts,High,21.0,26.1,8.3
11855,0.003941923,Low,4282.200658484827,16.880104899041182,1,Loyal High-Value Accounts,Low,34.5,63.1,54.9
14609,0.006342668,Low,239.39424055284218,1.5183982095962294,1,Loyal High-Value Accounts,High,44.5,21.7,15.3
12873,0.004382936,Low,314.96121655573324,1.380454797412663,1,Loyal High-Value Accounts,High,36.6,27.7,14.4
13031,0.005991012,Low,1835.1076100152663,10.994151452282635,1,Loyal High-Value Accounts,Moderate,43.4,48.5,46.2
11206,0.0005605996,Low,1500.2675923618244,0.8410494302823975,1,Loyal High-Value Accounts,High,5.9,43.7,10.5
11646,0.7804604,High,2278.3915436502893,1778.194414863249,0,Disengaged At-Risk Accounts,Low,90.7,54.0,98.4
13418,0.019609405,Low,295.7610692562228,5.7996985097770635,1,Loyal High-Value Accounts,Moderate,65.7,26.5,35.0
13477,0.1007104,Low,3245.8826869196755,326.8941419638572,1,Loyal High-Value Accounts,Low,85.7,60.5,92.7
12862,0.060010605,Low,1794.075037389888,107.66352762044494,0,Disengaged At-Risk Accounts,Low,81.8,48.0,85.5
11793,0.004484266,Low,357.3356300849487,1.6023880318400854,1,Loyal High-Value Accounts,High,37.1,29.2,15.9
13798,0.00274474,Low,2969.5686148483883,8.150694080715684,1,Loyal High-Value Accounts,Low,27.5,59.1,41.0
13369,0.0003652892,Low,10973.522073763434,4.008508990711551,1,Loyal High-Value Accounts,High,3.3,81.9,28.9
13368,0.06842481,Low,179.0193531458111,12.2493658428313,1,Loyal High-Value Accounts,Moderate,82.9,16.2,48.4
13534,0.0023216126,Low,565.8607089308034,1.313709326536924,1,Loyal High-Value Accounts,High,24.5,33.3,14.0
14530,0.02204799,Low,273.13792814326837,6.0221420544187145,1,Loyal High-Value Accounts,Moderate,67.8,25.0,35.9
13450,0.4054435,Medium,2512.72420492442,1018.7676699251863,1,Loyal High-Value Accounts,Moderate,89.0,56.1,96.7
10604,0.0024364975,Low,346.27067313287944,0.8436876230193677,1,Loyal High-Value Accounts,High,25.6,28.8,10.5
13057,0.0085945735,Low,2499.93841940215,21.485904429578305,1,Loyal High-Value Accounts,High,50.4,56.0,60.1
14895,0.0059709405,Low,16584.941217371073,99.0276965335556,1,Loyal High-Value Accounts,Moderate,43.3,89.0,84.7
10127,0.9731814,High,197.67591268060173,192.37452669216225,0,Disengaged At-Risk Accounts,Low,98.1,17.8,90.1
13877,0.0014404038,Low,1800.33754134327,2.593212946116017,1,Loyal High-Value Accounts,High,16.7,48.1,21.9
12936,0.8512673,High,2643.7290224213907,2250.520009200272,0,Disengaged At-Risk Accounts,Low,92.0,57.0,98.8
13532,0.008453653,Low,19130.01248683401,161.71849116078045,1,Loyal High-Value Accounts,High,50.0,91.2,89.0
12731,0.0019508583,Low,194.87202486026362,0.3801677027067587,1,Loyal High-Value Accounts,High,21.8,17.5,7.0
10828,0.014222801,Low,136.5394469492521,1.9419733459701292,1,Loyal High-Value Accounts,High,59.9,12.6,18.2
11640,0.008596893,Low,5610.6561177683425,48.23421254825331,1,Loyal High-Value Accounts,Moderate,50.4,66.9,74.8
10985,0.00689697,Low,3157.945990108356,21.780258320492493,1,Loyal High-Value Accounts,High,45.9,60.1,60.5
13282,0.00069828297,Low,7048.201679699007,4.921639170052831,1,Loyal High-Value Accounts,High,8.4,72.0,32.3
14637,0.021324692,Low,75.67551124008673,1.6137569913861074,0,Disengaged At-Risk Accounts,Low,67.1,8.9,16.0
12189,0.00066222454,Low,18378.848487026033,12.170924519674712,1,Loyal High-Value Accounts,High,7.7,91.0,48.2
14754,0.96662474,High,611.6577257456319,591.2434881519267,0,Disengaged At-Risk Accounts,Low,97.6,34.2,94.9
12444,0.039697118,Low,1808.386083115912,71.78771591818568,0,Disengaged At-Risk Accounts,Low,77.0,48.2,80.6
10363,0.001456692,Low,20633.963413867146,30.057329431616314,1,Loyal High-Value Accounts,High,16.8,92.8,66.3
12350,0.00045164998,Low,14793.356068471056,6.681418909291772,1,Loyal High-Value Accounts,High,4.5,87.1,37.6
10346,0.001277806,Low,11410.212269719785,14.58003775097397,1,Loyal High-Value Accounts,Low,15.0,82.5,52.0
10815,0.0053013344,Low,2089.079160307845,11.074907278558385,1,Loyal High-Value Accounts,High,41.0,52.0,46.4
13206,0.0059172898,Low,2497.9510857010523,14.781100380309171,0,Disengaged At-Risk Accounts,Low,43.2,55.9,52.2
14291,0.0002738958,Low,8194.8988590341,2.244548372213717,1,Loyal High-Value Accounts,High,1.6,75.5,20.2
14943,0.0020648069,Low,2844.500438855103,5.8733440616375425,1,Loyal High-Value Accounts,High,22.7,58.1,35.2
13326,0.017854791,Low,1104.3891902022106,19.71863832236594,1,Loyal High-Value Accounts,Low,64.1,39.8,58.5
14107,0.00031203398,Low,1478.570468335321,0.46136423161466145,1,Loyal High-Value Accounts,High,2.4,43.5,7.6
12117,0.009136989,Low,20800.047749163456,190.04980293653637,1,Loyal High-Value Accounts,High,51.5,93.4,90.1
11835,0.00036528986,Low,20787.66516999846,7.593523288735176,1,Loyal High-Value Accounts,High,3.3,93.4,39.8
10794,0.0037791007,Low,14153.635580052523,53.48801440892011,1,Loyal High-Value Accounts,Moderate,33.6,86.0,76.4
14876,0.0014925487,Low,11465.337379723185,17.112574790411568,1,Loyal High-Value Accounts,Moderate,17.3,82.7,55.3
12675,0.010558257,Low,10300.670916578496,108.75712956790402,1,Loyal High-Value Accounts,Moderate,54.5,80.3,85.7
10095,0.04583832,Low,-133.48305420663928,0.0,0,Disengaged At-Risk Accounts,Low,78.7,2.8,2.8
14226,0.007675751,Low,2593.859721198091,19.909821640399652,1,Loyal High-Value Accounts,Moderate,48.0,56.6,58.8
13757,0.00433438,Low,5426.462440163987,23.520349831167046,1,Loyal High-Value Accounts,High,36.3,66.5,61.9
12892,0.0062665907,Low,188.3689551791899,1.1804311376984162,1,Loyal High-Value Accounts,Moderate,44.3,17.0,13.0
12372,0.91846246,High,-250.63655753562142,0.0,0,Disengaged At-Risk Accounts,Low,94.2,2.8,2.8
14280,0.0073443945,Low,331.27192904066874,2.43299171927188,1,Loyal High-Value Accounts,Moderate,47.3,28.3,21.0
14571,0.055744104,Low,1621.9274433953597,90.41289222676487,0,Disengaged At-Risk Accounts,Low,80.8,45.4,83.6
13229,0.9050207,High,874.0683133224119,791.0499288383888,1,Loyal High-Value Accounts,Moderate,93.6,37.6,95.9
12854,0.06402733,Low,1592.3622457378438,101.9547058050295,0,Disengaged At-Risk Accounts,Low,82.5,44.8,85.0
12913,0.14637713,Low,3343.4194131018285,489.4001425659674,0,Disengaged At-Risk Accounts,Low,87.1,60.8,94.1
11866,0.0014122422,Low,7827.499101491834,11.054324436715843,1,Loyal High-Value Accounts,Moderate,16.4,74.4,46.3
11858,0.0002794658,Low,23817.083670062864,6.656060500392599,1,Loyal High-Value Accounts,High,1.7,95.7,37.5
12646,0.018170197,Low,144.82187725030477,2.6314419762614842,1,Loyal High-Value Accounts,Moderate,64.3,13.2,22.2
12244,0.0011729873,Low,15621.973531808093,18.324376218669194,1,Loyal High-Value Accounts,High,13.9,88.0,56.9
12337,0.038344737,Low,170.50037281277474,6.537791978174169,1,Loyal High-Value Accounts,Low,76.7,15.4,37.2
10951,0.06352111,Low,1880.1719917990724,119.43061101011699,0,Disengaged At-Risk Accounts,Low,82.4,49.1,86.6
13069,0.0033653153,Low,7549.647902055493,25.40694532329916,1,Loyal High-Value Accounts,Moderate,31.2,73.6,63.3
11121,0.011736152,Low,14259.236267351718,167.34856084822735,1,Loyal High-Value Accounts,Moderate,56.4,86.2,89.3
12598,0.12451048,Low,76.31629440430717,9.502178597194709,0,Disengaged At-Risk Accounts,Low,86.8,9.0,43.8
12205,0.03639737,Low,464.200865452541,16.89569132316823,0,Disengaged At-Risk Accounts,Low,76.2,31.7,54.9
10420,0.0019358378,Low,8969.033394046537,17.36259378728568,1,Loyal High-Value Accounts,Low,21.7,77.8,55.6
10923,0.06130115,Low,291.40403289037334,17.863402164102776,1,Loyal High-Value Accounts,High,82.0,26.2,56.2
11255,0.0038044997,Low,306.5601808854371,1.1663081312609327,1,Loyal High-Value Accounts,High,33.8,27.2,12.8
10478,0.0015855492,Low,13296.556696467955,21.082344956057284,1,Loyal High-Value Accounts,Low,18.3,84.9,59.9
12036,0.024028,Low,2228.9905233034365,53.558183158263176,1,Loyal High-Value Accounts,Moderate,69.5,53.5,76.4
11203,0.010518584,Low,7525.9381707689,79.16221584154071,1,Loyal High-Value Accounts,Moderate,54.4,73.5,81.9
12627,0.012871009,Low,2666.594583764514,34.32176368074668,1,Loyal High-Value Accounts,Moderate,58.1,57.1,68.6
14966,0.0022676943,Low,17727.109567201234,40.19966591608514,1,Loyal High-Value Accounts,Moderate,24.2,90.2,71.5
11971,0.9419523,High,-455.9497868124117,0.0,0,Disengaged At-Risk Accounts,Low,95.6,2.8,2.8
13111,0.98551404,High,1794.4391885213447,1768.4450227584973,0,Disengaged At-Risk Accounts,Low,99.3,48.0,98.3
14019,0.0035143658,Low,260.6668273602788,0.9160785725161436,1,Loyal High-Value Accounts,High,31.9,23.8,11.0
12152,0.81141734,High,314.9534786574516,255.55871426409328,1,Loyal High-Value Accounts,High,91.2,27.7,91.8
13688,0.033905137,Low,169.42474748682434,5.744369330691105,1,Loyal High-Value Accounts,Moderate,75.2,15.3,34.8
11998,0.01234526,Low,2907.7352791807734,35.89674805932194,0,Disengaged At-Risk Accounts,Low,57.2,58.5,69.6
14034,0.01563203,Low,-93.13454666457672,0.0,0,Disengaged At-Risk Accounts,Moderate,61.6,2.8,2.8
13055,0.0055717663,Low,282.145554227122,1.5720490881456226,1,Loyal High-Value Accounts,High,41.9,25.6,15.6
11249,0.9103957,High,1879.9377295685558,1711.4871911612638,1,Loyal High-Value Accounts,Low,93.8,49.1,98.2
12193,0.0011499001,Low,11015.873185167256,12.6671541307579,1,Loyal High-Value Accounts,Moderate,13.6,82.0,49.2
12713,0.0016533501,Low,1420.8516209938884,2.34916513381516,1,Loyal High-Value Accounts,High,19.0,42.8,20.7
10993,0.031601395,Low,4419.106718275564,139.64993897525565,1,Loyal High-Value Accounts,Moderate,74.2,63.5,88.0
12191,0.0006489887,Low,24290.106515907915,15.764004696014014,1,Loyal High-Value Accounts,High,7.5,96.2,53.5
13763,0.0003041687,Low,6857.975992142168,2.085981651794531,1,Loyal High-Value Accounts,High,2.3,71.5,19.1
13598,0.017095018,Low,236.68071661019277,4.046061152886462,1,Loyal High-Value Accounts,Moderate,63.2,21.5,29.1
11319,0.0035533768,Low,9801.918173486672,34.82990829913333,1,Loyal High-Value Accounts,High,32.2,79.3,69.0
11864,0.9737691,High,1511.3752958867203,1471.7306044439254,0,Disengaged At-Risk Accounts,Low,98.2,43.8,97.8
12344,0.001503051,Low,20489.559518201917,30.796853451879223,1,Loyal High-Value Accounts,High,17.4,92.5,66.7
12450,0.009322749,Low,11509.951476639557,107.30439380760834,1,Loyal High-Value Accounts,High,52.0,82.7,85.4
12137,0.022909146,Low,1897.043794661899,43.45965288518097,0,Disengaged At-Risk Accounts,Low,68.8,49.4,73.0
11066,0.8469499,High,192.88045568118196,163.36007789754768,1,Loyal High-Value Accounts,Moderate,91.9,17.3,89.1
10871,0.0026754416,Low,451.7545092975528,1.2086427888228943,1,Loyal High-Value Accounts,Moderate,26.9,31.4,13.1
14228,0.0009166098,Low,14772.247551906206,13.540386481343843,1,Loyal High-Value Accounts,High,11.1,87.0,50.4
12622,0.0184989,Low,124.37701852453618,2.300837955239825,1,Loyal High-Value Accounts,Moderate,64.7,11.8,20.5
10078,0.022477861,Low,6377.891177114963,143.36135450188445,1,Loyal High-Value Accounts,High,68.2,69.6,88.2
12899,0.001488585,Low,2956.0679000483033,4.400358409108227,1,Loyal High-Value Accounts,Moderate,17.2,58.9,30.4
11315,0.010260958,Low,385.40504449584233,3.9546250610968867,1,Loyal High-Value Accounts,High,53.8,30.1,28.6
14509,0.6372174,High,220.48880010986838,140.4993004771336,0,Disengaged At-Risk Accounts,Low,89.8,20.1,88.0
10873,0.0024025661,Low,6560.281167894409,15.761509406258314,1,Loyal High-Value Accounts,Low,25.3,70.1,53.5
13851,0.03382089,Low,2107.662694453699,71.28302791478802,0,Disengaged At-Risk Accounts,Low,75.2,52.2,80.4
14935,0.00470755,Low,1068.8524731387872,5.0316766355499185,1,Loyal High-Value Accounts,Moderate,38.3,39.5,32.7
12966,0.96440613,High,259.4131912491316,250.179672543437,0,Disengaged At-Risk Accounts,Low,97.5,23.7,91.7
13392,0.08877438,Low,651.3438412970396,57.82264767634117,1,Loyal High-Value Accounts,Low,85.1,35.0,77.5
12561,0.92922837,High,-50.27218793687074,0.0,1,Loyal High-Value Accounts,Low,94.8,2.8,2.8
12613,0.046141665,Low,329.0685980202722,15.183773153000976,0,Disengaged At-Risk Accounts,Low,78.9,28.2,52.8
12636,0.02495275,Low,1787.1322336778533,44.593865010953316,0,Disengaged At-Risk Accounts,Low,70.4,47.8,73.5
13531,0.0032139001,Low,1141.0227708694529,3.66713324465847,1,Loyal High-Value Accounts,High,30.3,40.1,27.2
10376,0.019539317,Low,129.4391332216013,2.529152271255331,1,Loyal High-Value Accounts,High,65.7,12.1,21.5
11909,0.003021277,Low,100.53710835185151,0.30375045528323713,1,Loyal High-Value Accounts,Moderate,29.2,10.5,6.4
14468,0.0042576445,Low,1861.1541444179998,7.924132756252695,1,Loyal High-Value Accounts,High,35.9,48.8,40.6
14516,0.079059206,Low,75.70636691976236,5.985285253983256,0,Disengaged At-Risk Accounts,Low,84.2,9.0,35.7
14028,0.0013412737,Low,8529.590839181108,11.44051551386431,1,Loyal High-Value Accounts,Moderate,15.6,76.6,46.9
11605,0.03392892,Low,312.7598336894126,10.611603246215378,1,Loyal High-Value Accounts,High,75.3,27.6,45.6
11119,0.0018488792,Low,2134.4831767321716,3.946401449682813,1,Loyal High-Value Accounts,High,20.8,52.5,28.5
13678,0.002958682,Low,863.5809778973155,2.5550614085359076,1,Loyal High-Value Accounts,High,28.8,37.5,21.7
13491,0.0030419827,Low,1803.5175850830158,5.4862692041573995,1,Loyal High-Value Accounts,Low,29.4,48.1,34.1
12434,0.082621,Low,1419.106138041873,117.2479692346778,0,Disengaged At-Risk Accounts,Low,84.6,42.8,86.4
12959,0.026637644,Low,19372.876921983967,516.0477904830996,1,Loyal High-Value Accounts,High,71.4,91.6,94.3
11995,0.020764608,Low,1134.7303934990734,23.562231734234523,0,Disengaged At-Risk Accounts,Low,66.7,40.0,61.9
12691,0.037293028,Low,5223.630719918403,194.80500715102357,1,Loyal High-Value Accounts,Moderate,76.4,65.9,90.3
14663,0.0044056647,Low,631.0993226284256,2.780412036750717,0,Disengaged At-Risk Accounts,Low,36.8,34.7,23.0
12377,0.018520916,Low,7679.58373029844,142.23292426841226,1,Loyal High-Value Accounts,Low,64.8,73.8,88.1
11343,0.90077597,High,-514.3579015415846,0.0,0,Disengaged At-Risk Accounts,Low,93.4,2.8,2.8
10321,0.9308415,High,4060.9439080056386,3780.095141190683,1,Loyal High-Value Accounts,Low,94.9,62.6,99.3
11620,0.0024021158,Low,3179.30054904572,7.637048228226982,1,Loyal High-Value Accounts,Moderate,25.3,60.2,40.0
13714,0.004679583,Low,308.2692502600048,1.4425715469647542,0,Disengaged At-Risk Accounts,Low,38.2,27.3,14.8
12061,0.012372417,Low,485.9309446998304,6.012140463470763,1,Loyal High-Value Accounts,Moderate,57.3,32.1,35.8
12220,0.027332427,Low,450.8520696317037,12.322881272052557,0,Disengaged At-Risk Accounts,Low,72.0,31.4,48.4
11674,0.016690252,Low,2053.2974244819115,34.27005216170445,1,Loyal High-Value Accounts,High,62.7,51.5,68.6
10261,0.0036993693,Low,224.26744895462582,0.8296481073326186,1,Loyal High-Value Accounts,Moderate,33.1,20.6,10.4
14555,0.000648516,Low,19433.78655153012,12.60312146978387,1,Loyal High-Value Accounts,High,7.5,91.7,49.0
12040,0.0031436533,Low,507.7322434246096,1.5961341291451396,1,Loyal High-Value Accounts,Moderate,30.0,32.4,15.8
10902,0.0021337688,Low,24109.886388648283,51.444922150698574,1,Loyal High-Value Accounts,High,23.3,96.0,75.8
13745,0.02893955,Low,1490.4259876873552,43.132258498629305,1,Loyal High-Value Accounts,High,73.0,43.6,72.8
12027,0.0023684879,Low,2071.9228978849264,4.907324278894916,1,Loyal High-Value Accounts,Moderate,24.9,51.8,32.2
14235,0.0018975539,Low,18175.583029230896,34.48914870354017,1,Loyal High-Value Accounts,High,21.2,90.7,68.7
11918,0.039723806,Low,215.35591693825216,8.554756683325364,0,Disengaged At-Risk Accounts,Moderate,77.1,19.7,42.0
11829,0.009864479,Low,1722.0488249699279,16.987114993291236,1,Loyal High-Value Accounts,Low,53.0,46.6,55.1
11574,0.0047149467,Low,1929.9544134184562,9.09963224712196,1,Loyal High-Value Accounts,Moderate,38.4,50.0,43.0
14531,0.004801595,Low,6630.634158619081,31.837620604585105,0,Disengaged At-Risk Accounts,Low,38.9,70.5,67.2
14209,0.08258322,Low,64.73933113659058,5.346382349056602,0,Disengaged At-Risk Accounts,Low,84.6,8.6,33.8
10225,0.00045789435,Low,31803.126098188455,14.56247169143729,1,Loyal High-Value Accounts,High,4.6,99.5,52.0
10724,0.0006230064,Low,875.0395781509886,0.5451552343787137,1,Loyal High-Value Accounts,Moderate,7.2,37.6,8.3
14625,0.0019192338,Low,14356.983681909074,27.55440866800903,1,Loyal High-Value Accounts,High,21.5,86.5,64.7
11142,0.96393293,High,4489.355737172065,4327.4378359337725,1,Loyal High-Value Accounts,Low,97.4,63.8,99.5
12763,0.008202095,Low,112.09213021478523,0.9193902542225634,1,Loyal High-Value Accounts,High,49.4,11.3,11.0
10847,0.04162962,Low,91.09255612279651,3.792148486784587,0,Disengaged At-Risk Accounts,Low,77.7,10.0,27.6
14290,0.010158787,Low,11008.373529743058,111.83171695313763,0,Disengaged At-Risk Accounts,Low,53.7,81.9,86.0
12552,0.099274315,Low,358.89063369494903,35.62862179843984,0,Disengaged At-Risk Accounts,Low,85.6,29.3,69.5
12929,0.9840329,High,493.9853174839629,486.09781881889495,0,Disengaged At-Risk Accounts,Low,99.1,32.2,94.1
10118,0.02633656,Low,216.283145587597,5.69615404633901,1,Loyal High-Value Accounts,High,71.2,19.8,34.6
10646,0.50792634,Medium,-211.5264036326328,0.0,1,Loyal High-Value Accounts,Low,89.3,2.8,2.8
10004,0.005258512,Low,6972.51094643276,36.66503399882803,1,Loyal High-Value Accounts,Low,40.8,71.8,70.0
14171,0.07428641,Low,318.8137544130722,23.68352886665255,0,Disengaged At-Risk Accounts,Low,83.6,27.9,62.0
10468,0.0016763756,Low,3109.9643360008695,5.213468418217506,1,Loyal High-Value Accounts,Low,19.2,60.0,33.4
10006,0.002218431,Low,8106.14630303357,17.98292701652386,1,Loyal High-Value Accounts,Low,23.9,75.2,56.4
10920,0.0033180618,Low,12767.9138195458,42.36472735674846,1,Loyal High-Value Accounts,Moderate,30.9,83.8,72.4
12596,0.0049188496,Low,773.2590585127115,3.803544980785572,1,Loyal High-Value Accounts,Low,39.4,36.7,27.7
14325,0.0004555169,Low,16386.82609591911,7.4644764595538255,1,Loyal High-Value Accounts,High,4.5,88.8,39.6
11064,0.005316147,Low,11597.025904879847,61.65149580775299,1,Loyal High-Value Accounts,Moderate,41.0,82.8,78.4
12591,0.0030349484,Low,13471.614879864897,40.8856556391107,1,Loyal High-Value Accounts,Moderate,29.3,85.2,71.7
10243,0.0010624633,Low,34422.85760341059,36.57302186928582,1,Loyal High-Value Accounts,High,12.7,99.7,69.9
11161,0.017255815,Low,277.2107395324161,4.783497166979191,1,Loyal High-Value Accounts,High,63.4,25.2,31.8
12871,0.0052478374,Low,12793.346161355334,67.13740043369464,1,Loyal High-Value Accounts,High,40.8,83.9,79.5
13736,0.014081974,Low,8535.467719331466,120.19623093795997,1,Loyal High-Value Accounts,Low,59.8,76.7,86.7
12398,0.0011563149,Low,34124.28816641072,39.45842143352779,1,Loyal High-Value Accounts,Low,13.7,99.7,71.2
13518,0.0012448948,Low,17523.149357986487,21.81447770729856,1,Loyal High-Value Accounts,High,14.7,89.9,60.6
13422,0.033609193,Low,49.316054392961796,1.6574727811359153,0,Disengaged At-Risk Accounts,Low,75.1,7.9,16.2
12564,0.03240412,Low,2444.913703975788,79.22527952629534,0,Disengaged At-Risk Accounts,Low,74.7,55.4,81.9
11606,0.0028332612,Low,19708.838335947687,55.84028605937495,1,Loyal High-Value Accounts,High,28.1,92.0,77.0
14977,0.18054666,Low,83.40630217393019,15.058728967759743,0,Disengaged At-Risk Accounts,Low,87.7,9.6,52.6
12325,0.012501149,Low,336.75407859655405,4.209813060499816,1,Loyal High-Value Accounts,High,57.6,28.5,29.7
12710,0.017343072,Low,2132.3801153971867,36.98202234328197,1,Loyal High-Value Accounts,Moderate,63.5,52.4,70.1
14535,0.947653,High,-449.95782595013384,0.0,0,Disengaged At-Risk Accounts,Low,96.0,2.8,2.8
11313,0.0044130096,Low,1270.4530052521204,5.606521335463804,1,Loyal High-Value Accounts,Moderate,36.9,41.2,34.4
13449,0.89371556,High,1293.7709391708154,1156.2632199771772,0,Disengaged At-Risk Accounts,Low,92.9,41.5,97.0
13813,0.014762066,Low,3176.5449402929853,46.89236702841253,1,Loyal High-Value Accounts,High,60.7,60.2,74.4
12696,0.00030368828,Low,4619.759232029961,1.4029667558643686,1,Loyal High-Value Accounts,High,2.3,64.1,14.5
12363,0.063230254,Low,31.23099135317242,1.9747435083139797,0,Disengaged At-Risk Accounts,Low,82.3,7.0,18.5
11976,0.0013956698,Low,22711.444405514594,31.697676293752817,1,Loyal High-Value Accounts,High,16.2,94.5,67.2
13515,0.09586654,Low,10861.250486221512,1041.2304888103668,0,Disengaged At-Risk Accounts,Low,85.5,81.6,96.8
11762,0.000786503,Low,5851.017798100468,4.6018431694987045,1,Loyal High-Value Accounts,High,9.5,67.6,31.1
12740,0.10550991,Low,8019.60123058142,846.1473800736119,1,Loyal High-Value Accounts,Moderate,86.0,75.0,96.1
14803,0.009704443,Low,291.7819264192162,2.8315809843087347,1,Loyal High-Value Accounts,High,52.7,26.2,23.3
12473,0.001561782,Low,7698.899735506043,12.024002823298046,1,Loyal High-Value Accounts,High,18.0,73.9,48.0
14008,0.0007970531,Low,26023.183876193754,20.74185939447488,1,Loyal High-Value Accounts,Moderate,9.6,97.0,59.5
11494,0.0037232966,Low,6250.456605310745,23.272303637364097,1,Loyal High-Value Accounts,High,33.2,69.2,61.6
14207,0.0008121333,Low,4026.4311581883403,3.2699988579471913,1,Loyal High-Value Accounts,Moderate,9.7,62.5,25.5
12159,0.011101751,Low,72.40681646282937,0.8038424222347714,0,Disengaged At-Risk Accounts,Moderate,55.5,8.9,10.2
11170,0.025936307,Low,260.4052599747641,6.753950867523148,1,Loyal High-Value Accounts,High,70.9,23.8,37.7
14656,0.0058788583,Low,5067.336705569371,29.79015428959873,1,Loyal High-Value Accounts,High,43.0,65.3,66.2
10233,0.005765842,Low,5989.016336816206,34.531720784628504,0,Disengaged At-Risk Accounts,Low,42.6,68.2,68.7
10067,0.0063408143,Low,2754.4816400146033,17.465656540981797,1,Loyal High-Value Accounts,Moderate,44.4,57.7,55.7
11604,0.0018587755,Low,5628.697086425224,10.462484263308674,1,Loyal High-Value Accounts,Low,20.9,66.9,45.4
13284,0.00023289613,Low,5164.736000774063,1.2028470129646083,1,Loyal High-Value Accounts,High,1.1,65.7,13.1
13597,0.05968334,Low,123.92784823955186,7.396428091924229,1,Loyal High-Value Accounts,Moderate,81.7,11.7,39.4
10126,0.013358039,Low,4167.7805961188305,55.673375121767684,0,Disengaged At-Risk Accounts,Low,58.9,62.9,77.0
11297,0.001559348,Low,12715.414739213822,19.82775605995012,1,Loyal High-Value Accounts,High,17.9,83.7,58.7
11977,0.0026973228,Low,1589.847794850308,4.288332626824888,0,Disengaged At-Risk Accounts,Moderate,27.1,44.8,30.0
14657,0.6870201,High,550.6020367487771,378.27467901390065,1,Loyal High-Value Accounts,Moderate,90.1,33.0,93.2
14621,0.0070397155,Low,995.9926298970944,7.011504790367058,1,Loyal High-Value Accounts,High,46.3,38.6,38.3
12076,0.0028687078,Low,1628.067407570082,4.670449601736717,0,Disengaged At-Risk Accounts,Low,28.3,45.4,31.3
13087,0.0025162438,Low,184.68478369006604,0.4647119492347181,1,Loyal High-Value Accounts,High,25.9,16.6,7.7
14482,0.0009484284,Low,14332.760601277088,13.593597336142226,1,Loyal High-Value Accounts,Moderate,11.5,86.4,50.4
13346,0.021892108,Low,2003.2055569163128,43.85439244461964,1,Loyal High-Value Accounts,High,67.7,50.8,73.1
14604,0.022518875,Low,7073.583833887064,159.28915070458433,1,Loyal High-Value Accounts,High,68.4,72.1,88.9
12798,0.06970449,Low,-186.67736449734878,0.0,0,Disengaged At-Risk Accounts,Low,83.1,2.8,2.8
10919,0.13552062,Low,203.04895242212802,27.51732035594613,0,Disengaged At-Risk Accounts,Low,87.0,18.3,64.6
11647,0.0018949413,Low,20705.05074240173,39.23485619778352,1,Loyal High-Value Accounts,High,21.2,93.1,71.0
10365,0.0012303325,Low,1035.9348365948288,1.2745443333541473,1,Loyal High-Value Accounts,Moderate,14.5,39.1,13.8
13288,0.9670058,High,-464.52690558470147,0.0,0,Disengaged At-Risk Accounts,Low,97.6,2.8,2.8
12126,0.9238093,High,-462.1179250790302,0.0,0,Disengaged At-Risk Accounts,Low,94.6,2.8,2.8
14124,0.9574561,High,214.770881824074,205.63369346232162,0,Disengaged At-Risk Accounts,Low,96.8,19.6,90.7
10526,0.009153084,Low,74.69518956179526,0.6836913368456181,0,Disengaged At-Risk Accounts,Low,51.5,8.9,9.7
10056,0.0053414213,Low,10864.508406194114,58.03191712671718,1,Loyal High-Value Accounts,Moderate,41.2,81.7,77.6
10639,0.010688346,Low,9412.057805298713,100.5993292591516,1,Loyal High-Value Accounts,Moderate,54.8,78.6,84.9
10303,0.10356048,Low,-89.66462339853148,0.0,0,Disengaged At-Risk Accounts,Moderate,85.9,2.8,2.8
12767,0.031319425,Low,99.48272670843043,3.11574174919386,0,Disengaged At-Risk Accounts,Low,74.1,10.5,24.7
11277,0.09825833,Low,2427.366489808171,238.5089810286094,1,Loyal High-Value Accounts,Moderate,85.6,55.2,91.5
12056,0.06862407,Low,2456.4038904737868,168.56843689284827,0,Disengaged At-Risk Accounts,Low,83.0,55.5,89.4
14433,0.020138398,Low,2108.3536290543243,42.458864112047884,1,Loyal High-Value Accounts,Moderate,66.0,52.2,72.5
13645,0.0011491572,Low,24524.04899465705,28.18198695025916,1,Loyal High-Value Accounts,High,13.6,96.2,65.2
14144,0.95307016,High,-439.09218471644186,0.0,0,Disengaged At-Risk Accounts,Low,96.4,2.8,2.8
12879,0.92068076,High,-360.98173165877665,0.0,0,Disengaged At-Risk Accounts,Low,94.4,2.8,2.8
14203,0.00059893675,Low,23173.988172495963,13.879753141027408,1,Loyal High-Value Accounts,High,6.8,95.2,50.9
12287,0.0028107597,Low,6225.960195623111,17.49967802845544,1,Loyal High-Value Accounts,Moderate,28.0,69.1,55.8
12262,0.0041573807,Low,5691.073368676883,23.659958395047077,1,Loyal High-Value Accounts,Moderate,35.7,67.0,62.0
12297,0.01149322,Low,271.10763886513126,3.1158997355331737,1,Loyal High-Value Accounts,Moderate,56.0,24.8,24.7
11754,0.011544794,Low,255.95024679781858,2.9548928336588194,1,Loyal High-Value Accounts,Moderate,56.1,23.4,24.0
11969,0.3004254,Medium,625.3529753873971,187.87192419475605,0,Disengaged At-Risk Accounts,Low,88.5,34.5,90.0
14488,0.0009089984,Low,2116.942107592144,1.9242970379254503,1,Loyal High-Value Accounts,High,10.9,52.3,18.0
13118,0.012274912,Low,10496.928024043735,128.84886385193698,1,Loyal High-Value Accounts,Moderate,57.1,80.7,87.4
12394,0.0032972752,Low,139.83884320386414,0.4610871448118444,1,Loyal High-Value Accounts,High,30.7,12.8,7.6
10524,0.008682514,Low,1039.7554451131712,9.027690802776515,1,Loyal High-Value Accounts,Low,50.5,39.1,42.9
13901,0.0014981889,Low,550.0396016593497,0.8240632477003085,1,Loyal High-Value Accounts,High,17.4,33.0,10.3
13123,0.80476725,High,153.03166577256158,123.15487298198619,0,Disengaged At-Risk Accounts,Low,91.1,13.9,86.9
14157,0.016670072,Low,8218.295327799937,136.9995785400617,1,Loyal High-Value Accounts,Low,62.7,75.6,87.8
11970,0.96089923,High,-517.2899707857752,0.0,0,Disengaged At-Risk Accounts,Low,97.1,2.8,2.8
10672,0.010986761,Low,1749.9072877700921,19.225813475365705,1,Loyal High-Value Accounts,Moderate,55.4,47.2,57.9
14189,0.008487341,Low,149.11256371904457,1.2655691747998123,1,Loyal High-Value Accounts,Moderate,50.1,13.6,13.6
10667,0.0077455146,Low,60.20155483459159,0.46629202334807784,1,Loyal High-Value Accounts,Moderate,48.1,8.3,7.7
14474,0.0013944886,Low,16848.78505764896,23.495438954893256,1,Loyal High-Value Accounts,High,16.1,89.3,61.8
11888,0.0027149508,Low,5133.94557275343,13.938409763921042,1,Loyal High-Value Accounts,High,27.3,65.5,51.0
13267,0.047700975,Low,452.3302012369596,21.576591661778888,1,Loyal High-Value Accounts,High,79.3,31.4,60.2
10281,0.00042398577,Low,13654.879522890304,5.789474557521952,1,Loyal High-Value Accounts,High,4.1,85.3,34.9
11720,0.9148762,High,6751.002544897065,6176.3317071091205,1,Loyal High-Value Accounts,Moderate,94.0,71.1,99.8
12948,0.0020642173,Low,12460.983693120013,25.722178708143527,1,Loyal High-Value Accounts,Moderate,22.7,83.5,63.6
14456,0.90332085,High,579.1546207962488,523.1624437262354,0,Disengaged At-Risk Accounts,Low,93.5,33.6,94.4
10900,0.024164412,Low,2064.8001790592366,49.89468257681637,0,Disengaged At-Risk Accounts,Low,69.7,51.7,75.3
14999,0.025604516,Low,1912.0182780651962,48.956303105006306,0,Disengaged At-Risk Accounts,Moderate,70.7,49.7,74.9
10761,0.0042539747,Low,6761.49248402457,28.763217623579084,1,Loyal High-Value Accounts,Moderate,35.9,71.2,65.5
11907,0.13416682,Low,-125.83554064188736,0.0,0,Disengaged At-Risk Accounts,Low,87.0,2.8,2.8
14043,0.00087358785,Low,29475.09676676143,25.749086440928014,1,Loyal High-Value Accounts,High,10.6,98.8,63.7
13824,0.042056307,Low,272.18569360693664,11.447125144857633,1,Loyal High-Value Accounts,High,77.7,24.9,47.0
14139,0.0026056352,Low,10334.816941258217,26.928762881555542,1,Loyal High-Value Accounts,Moderate,26.4,80.4,64.3
13819,0.004923478,Low,4444.445445769334,21.88212834732532,1,Loyal High-Value Accounts,Moderate,39.5,63.5,60.6
14301,0.10288458,Low,1048.1066782380208,107.83401871364373,0,Disengaged At-Risk Accounts,Low,85.8,39.3,85.5
12594,0.00028192895,Low,14108.872531597088,3.97769963479204,1,Loyal High-Value Accounts,High,1.7,85.9,28.7
14165,0.7578964,High,6557.1440725075045,4969.636039877495,1,Loyal High-Value Accounts,Moderate,90.5,70.1,99.7
13032,0.00025719788,Low,15920.054952061264,4.094604445423853,1,Loyal High-Value Accounts,High,1.4,88.4,29.3
13580,0.0061637643,Low,15866.168657083781,97.79532361844927,1,Loyal High-Value Accounts,High,43.9,88.3,84.5
12833,0.024784707,Low,1940.3119845213214,48.09006311873681,0,Disengaged At-Risk Accounts,Low,70.2,50.1,74.7
13473,0.0014787919,Low,9427.377029923184,13.94112912353687,1,Loyal High-Value Accounts,High,17.1,78.7,51.0
10138,0.6660887,High,1513.1830591582466,1007.9141371823638,0,Disengaged At-Risk Accounts,Low,90.0,43.8,96.7
12181,0.019336449,Low,234.57899153550883,4.535924702159351,1,Loyal High-Value Accounts,Low,65.5,21.4,31.0
12129,0.0011894805,Low,169.5739818050718,0.20170495071590755,1,Loyal High-Value Accounts,Moderate,14.1,15.3,5.8
13178,0.017439289,Low,355.0040056283725,6.191017456882568,0,Disengaged At-Risk Accounts,Low,63.6,29.1,36.3
14504,0.004796414,Low,610.9854566379017,2.9305393021350286,0,Disengaged At-Risk Accounts,Low,38.9,34.2,23.9
14262,0.028604453,Low,9029.1788012565,258.2747245278901,1,Loyal High-Value Accounts,Low,72.7,77.9,91.9
14345,0.0028732477,Low,516.9775432066004,1.4854045484282004,1,Loyal High-Value Accounts,Low,28.4,32.6,15.0
11332,0.0865804,Low,1777.3133552459522,153.88050681952382,0,Disengaged At-Risk Accounts,Low,85.0,47.7,88.7
12018,0.006439594,Low,23948.753125319443,154.2202489990983,1,Loyal High-Value Accounts,High,44.7,95.8,88.7
12483,0.00046580523,Low,29697.944921061375,13.833458208611747,1,Loyal High-Value Accounts,High,4.6,98.9,50.8
11359,0.0023371542,Low,2028.9759594493048,4.742029753962551,1,Loyal High-Value Accounts,Moderate,24.7,51.1,31.6
11330,0.004072009,Low,121.77236482888526,0.4958581801638099,1,Loyal High-Value Accounts,Moderate,35.2,11.6,7.8
12151,0.001966962,Low,14832.483841051087,29.17493048382497,1,Loyal High-Value Accounts,High,22.0,87.1,65.9
12123,0.01702672,Low,5533.407303543359,94.21577994933851,1,Loyal High-Value Accounts,High,63.1,66.7,84.1
13982,0.9615558,High,-247.9325350696583,0.0,0,Disengaged At-Risk Accounts,Low,97.2,2.8,2.8
11253,0.014996826,Low,1769.7491429604643,26.540619460477664,1,Loyal High-Value Accounts,High,60.9,47.5,64.1
13279,0.010579354,Low,103.57285461463967,1.0957339071954846,0,Disengaged At-Risk Accounts,Low,54.5,10.7,12.4
13375,0.06905562,Low,-106.31354922878953,0.0,0,Disengaged At-Risk Accounts,Low,83.1,2.8,2.8
12815,0.000707343,Low,28050.06297344003,19.841015353858335,1,Loyal High-Value Accounts,Moderate,8.5,98.6,58.7
11849,0.8797142,High,12.324148014925555,10.841727900220667,0,Disengaged At-Risk Accounts,Low,92.7,5.9,46.0
13038,0.0007599457,Low,30384.339966743475,23.0904490127537,1,Loyal High-Value Accounts,High,9.2,99.1,61.4
10389,0.00071795966,Low,33162.426614941476,23.809284463521603,1,Loyal High-Value Accounts,High,8.6,99.6,62.3
10236,0.0025571734,Low,2004.986707352689,5.127098617882842,1,Loyal High-Value Accounts,Moderate,26.1,50.9,33.1
11078,0.022331068,Low,1834.6612017579266,40.969944589616375,0,Disengaged At-Risk Accounts,Low,68.1,48.5,71.8
11985,0.0021162995,Low,9647.402530549078,20.41679283489157,1,Loyal High-Value Accounts,Moderate,23.1,79.2,59.2
14364,0.009426823,Low,1004.6194319783759,9.470369452964412,1,Loyal High-Value Accounts,Moderate,52.2,38.7,43.7
13963,0.010618387,Low,273.75897714933035,2.9068787066491675,1,Loyal High-Value Accounts,Moderate,54.6,25.0,23.7
10771,0.007278176,Low,9128.21917505564,66.43678594678376,1,Loyal High-Value Accounts,High,46.9,78.0,79.4
12166,0.0011744563,Low,18511.374900012812,21.740801307943645,1,Loyal High-Value Accounts,Moderate,14.0,91.1,60.4
10674,0.011902067,Low,9466.134963115102,112.66657141639418,1,Loyal High-Value Accounts,Moderate,56.6,78.8,86.1
10250,0.0033441416,Low,1571.8661340620608,5.256542999843267,1,Loyal High-Value Accounts,Low,31.1,44.6,33.5
11575,0.0048304484,Low,2316.277962342298,11.188661229455388,1,Loyal High-Value Accounts,High,39.1,54.3,46.5
13420,0.897553,High,5406.798525896877,4852.88838154704,1,Loyal High-Value Accounts,Moderate,93.1,66.5,99.6
12082,0.00057316164,Low,10030.169561232264,5.748908437245026,1,Loyal High-Value Accounts,High,6.1,79.8,34.8
11824,0.00059209426,Low,9623.141714992185,5.697807011040593,1,Loyal High-Value Accounts,High,6.6,79.0,34.6
10717,0.010697053,Low,8616.105468128268,92.16693524413446,1,Loyal High-Value Accounts,High,54.9,76.8,83.8
14813,0.9459359,High,-516.4447714331704,0.0,0,Disengaged At-Risk Accounts,Moderate,95.9,2.8,2.8
12049,0.83483005,High,2703.72247259365,2257.1487553556717,1,Loyal High-Value Accounts,Moderate,91.7,57.3,98.8
14179,0.003650504,Low,313.836188814631,1.1456602411358365,1,Loyal High-Value Accounts,High,32.8,27.6,12.7
12725,0.007719721,Low,195.47516413738032,1.5090137646488786,1,Loyal High-Value Accounts,High,48.1,17.6,15.3
14661,0.00060452527,Low,13912.879839469695,8.410687395254268,1,Loyal High-Value Accounts,High,6.9,85.7,41.6
11461,0.0034863024,Low,1116.4862072123076,3.892408597849981,1,Loyal High-Value Accounts,High,31.8,39.9,28.3
11669,0.00093420886,Low,6705.714973935562,6.264538339203373,1,Loyal High-Value Accounts,High,11.3,70.8,36.5
12757,0.01162903,Low,7690.8944482639845,89.437643099787,1,Loyal High-Value Accounts,Moderate,56.2,73.9,83.5
12001,0.017343609,Low,131.8874498371808,2.287404317469327,1,Loyal High-Value Accounts,Moderate,63.5,12.3,20.4
10405,0.0076503004,Low,6715.361799148005,51.37453502286862,1,Loyal High-Value Accounts,Moderate,47.9,70.9,75.8
10385,0.8543653,High,109.1776191625859,93.27756817124094,0,Disengaged At-Risk Accounts,Low,92.0,11.1,84.0
14632,0.8841571,High,12.324148014925555,10.89648322989113,0,Disengaged At-Risk Accounts,Low,92.7,5.9,46.1
12153,0.008214291,Low,246.580958741051,2.0254877958101356,1,Loyal High-Value Accounts,Moderate,49.4,22.4,18.8
11634,0.04142949,Low,2379.581141328073,98.58483274427746,1,Loyal High-Value Accounts,Moderate,77.5,54.9,84.6
14726,0.005731901,Low,1600.4863359390731,9.173829475805697,0,Disengaged At-Risk Accounts,Low,42.5,45.0,43.1
13926,0.0138909565,Low,9723.873412552595,135.07390286225746,1,Loyal High-Value Accounts,High,59.5,79.3,87.7
14159,0.07447623,Low,95.56640130282663,7.117425012700961,0,Disengaged At-Risk Accounts,Low,83.6,10.3,38.7
10224,0.7495452,High,5764.815670109486,4320.990009882793,1,Loyal High-Value Accounts,Moderate,90.5,67.2,99.5
12194,0.00093321607,Low,27765.78737895671,25.91147897338639,1,Loyal High-Value Accounts,High,11.3,98.4,63.7
13137,0.00051843835,Low,8807.4866524609,4.566138830846959,1,Loyal High-Value Accounts,Low,5.4,77.5,31.1
14470,0.008257692,Low,2375.099692422345,19.612841131839012,1,Loyal High-Value Accounts,High,49.6,54.9,58.4
11825,0.0032670675,Low,1817.0331068777214,5.93636978184493,1,Loyal High-Value Accounts,Moderate,30.6,48.3,35.5
14741,0.01802142,Low,4225.452275390847,76.14864864201641,1,Loyal High-Value Accounts,Moderate,64.1,63.1,81.4
10798,0.0053271647,Low,425.0717840904259,2.26442738665393,1,Loyal High-Value Accounts,High,41.1,31.0,20.3
12872,0.03232643,Low,2576.8917268774244,83.30171023861492,0,Disengaged At-Risk Accounts,Low,74.6,56.5,82.6
10010,0.038339593,Low,2487.0989025038702,95.35435847003943,0,Disengaged At-Risk Accounts,Low,76.7,55.8,84.3
11945,0.004566203,Low,6043.946626237118,27.597886439925404,1,Loyal High-Value Accounts,Moderate,37.6,68.5,64.7
11839,0.009743826,Low,312.31774331872543,3.043169892469086,1,Loyal High-Value Accounts,Moderate,52.8,27.6,24.3
10256,0.015678735,Low,1612.4932830890166,25.28185560030979,1,Loyal High-Value Accounts,Moderate,61.7,45.1,63.2
14486,0.023071265,Low,128.01502827953664,2.953468621975873,1,Loyal High-Value Accounts,High,68.9,12.1,24.0
14648,0.05291604,Low,4839.810543256966,256.103602401636,1,Loyal High-Value Accounts,High,80.2,64.6,91.9
11582,0.64143777,High,-100.43086601094103,0.0,0,Disengaged At-Risk Accounts,Low,89.9,2.8,2.8
12957,0.0006788546,Low,19355.735960010265,13.139730141643806,1,Loyal High-Value Accounts,High,8.0,91.6,49.7
10925,0.00040955422,Low,23104.836530013774,9.4626834063553,1,Loyal High-Value Accounts,High,3.9,95.1,43.7
14568,0.00056034187,Low,12592.230780106758,7.055954124532623,1,Loyal High-Value Accounts,High,5.9,83.6,38.5
12509,0.98482776,High,-222.87074383632515,0.0,0,Disengaged At-Risk Accounts,Low,99.2,2.8,2.8
13776,0.50810325,Medium,-123.13615053395677,0.0,0,Disengaged At-Risk Accounts,Low,89.4,2.8,2.8
14137,0.0088803405,Low,2626.752014715219,23.326452284537677,0,Disengaged At-Risk Accounts,Low,51.0,56.9,61.6
12780,0.0043948665,Low,163.86420137789423,0.7201612934662185,1,Loyal High-Value Accounts,High,36.7,14.8,9.9
10540,0.022817474,Low,5322.189732113912,121.43892508299136,1,Loyal High-Value Accounts,Moderate,68.7,66.2,86.8
12746,0.020152107,Low,1740.2672021279013,35.070050659026826,1,Loyal High-Value Accounts,Moderate,66.0,46.9,69.1
14638,0.005888514,Low,3512.128920424838,20.681221092904565,1,Loyal High-Value Accounts,Moderate,43.0,61.2,59.5
14711,0.0062546623,Low,5278.721072892676,33.01661765485245,1,Loyal High-Value Accounts,Moderate,44.2,66.1,67.8
11146,0.022331852,Low,64.40904283015115,1.4383732419507083,0,Disengaged At-Risk Accounts,Low,68.1,8.5,14.7
14469,0.0048230137,Low,5728.663701689793,27.62942336967721,1,Loyal High-Value Accounts,Low,39.0,67.1,64.8
10668,0.03554979,Low,54.658282440873,1.9430904443395938,1,Loyal High-Value Accounts,Moderate,75.8,8.1,18.2
13020,0.0011370173,Low,6599.219143203165,7.503426150259045,1,Loyal High-Value Accounts,High,13.5,70.3,39.7
10358,0.012427671,Low,7257.514722047474,90.19400438072245,1,Loyal High-Value Accounts,Moderate,57.5,72.8,83.6
12832,0.9551165,High,-248.22757702995017,0.0,0,Disengaged At-Risk Accounts,Low,96.6,2.8,2.8
12784,0.93281835,High,-6.082749033085143,0.0,0,Disengaged At-Risk Accounts,Low,95.1,2.8,2.8
11354,0.089613385,Low,121.21471388381582,10.86246088336364,0,Disengaged At-Risk Accounts,Low,85.2,11.5,46.0
10471,0.03139106,Low,154.5651910331654,4.851965470410889,0,Disengaged At-Risk Accounts,Low,74.2,14.0,31.9
12704,0.013439555,Low,194.87577009649436,2.6190435760316557,1,Loyal High-Value Accounts,Moderate,59.0,17.6,22.0
13331,0.012381556,Low,937.2176037463374,11.604212660973928,1,Loyal High-Value Accounts,Moderate,57.3,38.2,47.2
13638,0.00033656883,Low,20872.511042474805,7.025036656189575,1,Loyal High-Value Accounts,High,2.8,93.6,38.3
11397,0.82872194,High,1246.3286084721851,1032.859862935452,0,Disengaged At-Risk Accounts,Low,91.5,41.0,96.7
13585,0.01553397,Low,114.46998517771021,1.778173285612853,1,Loyal High-Value Accounts,Moderate,61.4,11.3,16.9
14626,0.124683514,Low,291.23711549269075,36.31246703599334,1,Loyal High-Value Accounts,Moderate,86.8,26.1,69.8
13377,0.030372724,Low,226.8251430707277,6.889297452465591,1,Loyal High-Value Accounts,High,73.6,20.8,38.0
11257,0.026371934,Low,309.62074020899047,8.165297577155222,1,Loyal High-Value Accounts,High,71.2,27.4,41.1
13513,0.0057943207,Low,1231.0319868495856,7.132994149837012,1,Loyal High-Value Accounts,Moderate,42.7,40.8,38.7
11251,0.0043643,Low,12966.323263216287,56.58892531221792,1,Loyal High-Value Accounts,High,36.5,84.3,77.2
14955,0.0043942677,Low,329.33097311269927,1.4471684530530189,1,Loyal High-Value Accounts,High,36.7,28.2,14.8
14299,0.018886702,Low,-248.22757702995017,0.0,0,Disengaged At-Risk Accounts,Low,65.1,2.8,2.8
13285,0.0006011729,Low,27281.778794592374,16.401066426107615,1,Loyal High-Value Accounts,High,6.8,98.0,54.3
12934,0.0132312365,Low,137.90660486030936,1.8246749021124882,1,Loyal High-Value Accounts,Moderate,58.7,12.7,17.3
14176,0.0025548465,Low,264.64729375540065,0.6761332020924249,1,Loyal High-Value Accounts,High,26.1,24.2,9.6
11853,0.025402188,Low,79.54144426919854,2.020526745066553,0,Disengaged At-Risk Accounts,Low,70.6,9.3,18.8
14844,0.9646072,High,30.1742939569979,29.106340577151826,0,Disengaged At-Risk Accounts,Low,97.5,6.8,65.8
12106,0.0009159903,Low,7147.427078185758,6.546974070021855,1,Loyal High-Value Accounts,Moderate,11.1,72.4,37.3
10134,0.014273639,Low,2017.0319060085938,28.79038494915201,0,Disengaged At-Risk Accounts,Low,59.9,51.0,65.6
10929,0.002040637,Low,2032.0815148692814,4.146740642037442,1,Loyal High-Value Accounts,High,22.5,51.2,29.6
10824,0.0076822806,Low,520.673967445503,3.999963526827209,1,Loyal High-Value Accounts,Moderate,48.0,32.7,28.9
14919,0.035225417,Low,8807.337876947326,310.2421534705257,1,Loyal High-Value Accounts,Low,75.6,77.4,92.6
11532,0.0026775708,Low,246.14684036854788,0.6590755912099708,1,Loyal High-Value Accounts,High,26.9,22.3,9.3
11215,0.02695614,Low,218.5201304053944,5.890459038433739,1,Loyal High-Value Accounts,Moderate,71.7,20.0,35.3
10505,0.02136812,Low,574.8377079850684,12.283201047523844,0,Disengaged At-Risk Accounts,Low,67.1,33.5,48.4
14286,0.0030491366,Low,20883.3188965653,63.67609208378083,1,Loyal High-Value Accounts,Moderate,29.5,93.7,78.9
11997,0.004455292,Low,625.9196215987067,2.788654765217767,1,Loyal High-Value Accounts,Low,37.0,34.5,23.1
13073,0.0028325808,Low,127.0978907989115,0.36001504817810165,1,Loyal High-Value Accounts,Moderate,28.1,12.0,6.8
11959,0.0055479486,Low,7718.872186433217,42.823906505330186,1,Loyal High-Value Accounts,Moderate,41.8,74.0,72.7
11385,0.01117047,Low,646.9735136498554,7.226998325802953,1,Loyal High-Value Accounts,Low,55.6,34.9,39.1
10895,0.020173116,Low,10025.165682082403,202.2388267730033,1,Loyal High-Value Accounts,High,66.0,79.7,90.5
10456,0.0006833946,Low,17208.647562721984,11.760296988901718,1,Loyal High-Value Accounts,Moderate,8.1,89.8,47.6
14779,0.0023281402,Low,306.18319228700585,0.7128373971373694,1,Loyal High-Value Accounts,High,24.6,27.1,9.9
13710,0.0014582255,Low,11579.249924916368,16.88515796244584,1,Loyal High-Value Accounts,Moderate,16.9,82.8,54.9
14760,0.03497148,Low,204.98684727100425,7.168693291539589,1,Loyal High-Value Accounts,High,75.6,18.5,38.9
14269,0.01358284,Low,314.27034908779063,4.268683752294598,1,Loyal High-Value Accounts,Moderate,59.2,27.7,29.9
13523,0.001460559,Low,2173.6331751020184,3.1747194263090477,1,Loyal High-Value Accounts,High,16.9,53.0,25.0
14135,0.057669923,Low,2352.073631701926,135.64390454722079,0,Disengaged At-Risk Accounts,Low,81.3,54.7,87.7
13603,0.020424513,Low,2402.1498042623957,49.062740256494216,0,Disengaged At-Risk Accounts,Low,66.3,55.1,74.9
10714,0.031149507,Low,157.52370268073489,4.906785611412371,1,Loyal High-Value Accounts,Low,74.0,14.4,32.1
14187,0.008032834,Low,221.23111462312775,1.7771128542127603,1,Loyal High-Value Accounts,High,49.0,20.3,16.9
12215,0.0019154123,Low,6968.012762947059,13.346617049556563,0,Disengaged At-Risk Accounts,Low,21.4,71.8,50.1
12924,0.0051960386,Low,2710.9472348068825,14.086186565666923,1,Loyal High-Value Accounts,Moderate,40.6,57.4,51.2
11811,0.0019519634,Low,1340.364154182555,2.6163417822503945,1,Loyal High-Value Accounts,High,21.8,42.2,22.0
13487,0.021862114,Low,1581.449042987138,34.57381902311511,1,Loyal High-Value Accounts,Moderate,67.5,44.7,68.8
13142,0.00652152,Low,180.78727613695295,1.179007874105505,1,Loyal High-Value Accounts,High,44.9,16.3,13.0
11828,0.023565723,Low,78.89736958892301,1.8592735279240205,0,Disengaged At-Risk Accounts,Low,69.2,9.2,17.7
11156,0.0006924427,Low,22937.861046343445,15.8831544305943,1,Loyal High-Value Accounts,High,8.3,94.8,53.7
11325,0.08866102,Low,404.3393006829169,35.84913582913526,0,Disengaged At-Risk Accounts,Low,85.1,30.6,69.5
14313,0.002977622,Low,174.74980077078712,0.5203388468012292,1,Loyal High-Value Accounts,High,28.8,15.8,8.0
10511,0.003099881,Low,19323.576998988072,59.90079136656208,1,Loyal High-Value Accounts,High,29.8,91.5,78.1
11681,0.012732032,Low,243.64444449288072,3.102088804249084,1,Loyal High-Value Accounts,High,57.9,22.2,24.6
10500,0.066725135,Low,15.816712366000019,1.05537226549787,0,Disengaged At-Risk Accounts,Low,82.8,6.1,12.0
14676,0.0019355835,Low,22940.25551161929,44.40278095578967,1,Loyal High-Value Accounts,High,21.7,94.9,73.4
11857,0.0037910559,Low,131.83994325150374,0.4998125914099679,1,Loyal High-Value Accounts,High,33.8,12.3,7.9
11389,0.02281789,Low,372.23055282314675,8.493515521768172,1,Loyal High-Value Accounts,Low,68.7,29.8,41.9
13720,0.11709131,Low,1660.3530277285051,194.41291606771722,0,Disengaged At-Risk Accounts,Low,86.4,45.9,90.2
12387,0.0013859556,Low,6515.14991580507,9.029708547498657,1,Loyal High-Value Accounts,Moderate,16.1,69.9,42.9
13237,0.0076369173,Low,352.7500931242506,2.693923284999162,1,Loyal High-Value Accounts,High,47.8,29.0,22.5
11541,0.0035843074,Low,87.32332069860895,0.31299362331588837,1,Loyal High-Value Accounts,Low,32.5,9.8,6.5
11218,0.020578433,Low,316.67599062617165,6.5166956014005475,1,Loyal High-Value Accounts,High,66.5,27.9,37.1
12682,0.867382,High,1249.6076442977076,1083.8871651750526,1,Loyal High-Value Accounts,Moderate,92.4,41.1,96.8
12994,0.94167745,High,145.61927732090905,137.12638990348913,0,Disengaged At-Risk Accounts,Low,95.5,13.3,87.9
11192,0.98522145,High,479.23533320906836,472.1529277478848,0,Disengaged At-Risk Accounts,Low,99.3,32.0,94.0
11543,0.07016431,Low,26.29056471937895,1.8446592792005767,0,Disengaged At-Risk Accounts,Low,83.2,6.6,17.5
13302,0.031335723,Low,1467.4244821742193,45.982806590653304,0,Disengaged At-Risk Accounts,Low,74.1,43.4,74.0
13325,0.0029869427,Low,1023.4618169705125,3.0570217525235996,1,Loyal High-Value Accounts,Moderate,28.9,39.0,24.4
12540,0.93810266,High,152.9643982655879,143.4963092903447,0,Disengaged At-Risk Accounts,Low,95.3,13.8,88.2
10954,0.0027710171,Low,19846.446855218313,54.994844436460916,1,Loyal High-Value Accounts,Moderate,27.7,92.2,76.8
14331,0.00241751,Low,4902.683515778881,11.852285983612553,1,Loyal High-Value Accounts,High,25.5,64.8,47.7
10733,0.0012628399,Low,269.88852188221574,0.34082598954951093,1,Loyal High-Value Accounts,Moderate,14.8,24.6,6.7
11157,0.004454051,Low,19602.891182433814,87.31227990508162,1,Loyal High-Value Accounts,High,37.0,91.9,83.2
13295,0.95534194,High,-445.66159047268235,0.0,0,Disengaged At-Risk Accounts,Low,96.7,2.8,2.8
12983,0.0028714328,Low,443.0963034505489,1.2723212625197178,1,Loyal High-Value Accounts,Moderate,28.3,31.3,13.7
12157,0.022514079,Low,193.3723766027599,4.353600918023951,1,Loyal High-Value Accounts,High,68.3,17.4,30.3
11063,0.013319112,Low,14250.251294593969,189.8006981577363,1,Loyal High-Value Accounts,Moderate,58.8,86.2,90.1
12617,0.000418216,Low,25011.09223510576,10.460038701750014,1,Loyal High-Value Accounts,High,4.0,96.6,45.4
11168,0.021635424,Low,2178.3882762708267,47.13035474688643,0,Disengaged At-Risk Accounts,Low,67.4,53.1,74.5
13223,0.007638645,Low,13694.56942210904,104.60795277422513,1,Loyal High-Value Accounts,Moderate,47.9,85.4,85.2
13637,0.022198,Low,196.1167377660607,4.353399525907367,1,Loyal High-Value Accounts,Moderate,68.0,17.7,30.3
12939,0.0012274431,Low,4479.558275997429,5.498402925914846,1,Loyal High-Value Accounts,High,14.5,63.7,34.2
14492,0.004484253,Low,1664.8063851807196,7.46541303414684,1,Loyal High-Value Accounts,Moderate,37.1,45.9,39.6
13141,0.87525004,High,2526.9814452025203,2211.7406147449087,0,Disengaged At-Risk Accounts,Low,92.6,56.2,98.8
10144,0.0105080735,Low,311.0076703818221,3.2680914575196267,1,Loyal High-Value Accounts,Moderate,54.4,27.5,25.5
13578,0.0076728826,Low,187.67242983270475,1.439988528658222,1,Loyal High-Value Accounts,High,47.9,16.8,14.7
12783,0.0035724891,Low,1669.15987328263,5.963055511825637,1,Loyal High-Value Accounts,High,32.4,45.9,35.6
10718,0.0006436574,Low,143.94280848532463,0.09264985443385641,1,Loyal High-Value Accounts,High,7.4,13.2,5.6
11820,0.011754356,Low,554.5815713122856,6.518749400301488,1,Loyal High-Value Accounts,High,56.4,33.1,37.1
12503,0.0120827565,Low,302.5351974865159,3.6554591229910574,1,Loyal High-Value Accounts,Moderate,56.8,27.0,27.1
14361,0.00022264592,Low,23681.223994155032,5.2725278616189515,1,Loyal High-Value Accounts,High,1.0,95.5,33.6
14172,0.01014753,Low,718.028410313536,7.286214586218171,1,Loyal High-Value Accounts,High,53.6,35.8,39.2
10396,0.004063033,Low,2278.435696490703,9.257359498778005,0,Disengaged At-Risk Accounts,Low,35.2,54.0,43.2
14985,0.95457137,High,-200.04508070569256,0.0,0,Disengaged At-Risk Accounts,Low,96.6,2.8,2.8
14493,0.0031603752,Low,1933.450596333773,6.110429257867044,1,Loyal High-Value Accounts,Moderate,30.2,50.0,36.1
11366,0.08340668,Low,1617.007580001875,134.8692327030442,0,Disengaged At-Risk Accounts,Low,84.6,45.2,87.7
14698,0.045369502,Low,11.34625872840176,0.5147741098517962,0,Disengaged At-Risk Accounts,Low,78.6,5.8,8.0
10596,0.00047021802,Low,603.86293978288,0.2839472333808082,1,Loyal High-Value Accounts,Moderate,4.7,34.0,6.3
13953,0.018744241,Low,7774.512006241348,145.72733017180892,1,Loyal High-Value Accounts,Moderate,65.0,74.2,88.3
12915,0.029613202,Low,103.25265525169296,3.0576417822044664,0,Disengaged At-Risk Accounts,Low,73.3,10.6,24.4
12327,0.0015465505,Low,2479.882872423436,3.8352642007310576,1,Loyal High-Value Accounts,High,17.8,55.7,27.9
13767,0.95157385,High,296.81028075015234,282.43690119438185,0,Disengaged At-Risk Accounts,Low,96.3,26.6,92.2
13441,0.0005442509,Low,47.13051794177105,0.025650826079532976,1,Loyal High-Value Accounts,Moderate,5.7,7.8,5.5
13852,0.0018718366,Low,17794.61280548794,33.30860761311505,1,Loyal High-Value Accounts,Moderate,21.0,90.3,68.0
14133,0.024625208,Low,1799.0097838217591,44.300990532307004,0,Disengaged At-Risk Accounts,Low,70.1,48.0,73.3
14731,0.0043003005,Low,2003.5432251117322,8.615837927834342,0,Disengaged At-Risk Accounts,Low,36.1,50.8,42.1
12144,0.02392766,Low,1732.2400160251414,41.44845128331335,1,Loyal High-Value Accounts,Moderate,69.4,46.8,72.1
11572,0.012070792,Low,8358.84393031359,100.89786473681816,1,Loyal High-Value Accounts,Moderate,56.8,75.9,84.9
14080,0.012340517,Low,2452.1964338143493,30.26137124742718,0,Disengaged At-Risk Accounts,Moderate,57.2,55.4,66.5
11123,0.0066334885,Low,196.63346168695068,1.304365799220657,1,Loyal High-Value Accounts,Moderate,45.3,17.7,14.0
12787,0.029420303,Low,173.63892869521305,5.108509926204875,1,Loyal High-Value Accounts,Low,73.2,15.5,33.0
12968,0.013853079,Low,177.16262388351743,2.4542477727834924,1,Loyal High-Value Accounts,High,59.5,16.0,21.1
12505,0.00051472936,Low,19205.07668682633,9.885416753549453,1,Loyal High-Value Accounts,High,5.2,91.3,44.5
13466,0.009260227,Low,1098.7479868777464,10.174655743956762,1,Loyal High-Value Accounts,Moderate,51.8,39.7,45.1
10676,0.022832332,Low,34.49724803223038,0.787652626331524,0,Disengaged At-Risk Accounts,Low,68.7,7.2,10.2
12809,0.0008250629,Low,6545.345962739696,5.400322239410181,1,Loyal High-Value Accounts,Moderate,9.8,70.1,33.9
13349,0.032366935,Low,8781.054625372295,284.2158257286522,1,Loyal High-Value Accounts,High,74.6,77.4,92.2
10729,0.9325956,High,35.525177222538645,33.1306243441871,0,Disengaged At-Risk Accounts,Low,95.1,7.3,67.9
10413,0.0015335244,Low,33731.0513189476,51.72738909162936,1,Loyal High-Value Accounts,Moderate,17.7,99.7,75.9
13147,0.012967109,Low,258.98986763571713,3.3583497784834417,1,Loyal High-Value Accounts,High,58.3,23.6,25.9
11517,0.0021930607,Low,250.8836565210291,0.55020308828563,1,Loyal High-Value Accounts,High,23.8,22.8,8.4
10826,0.0037694657,Low,19977.895492202988,75.30599225842731,1,Loyal High-Value Accounts,High,33.5,92.2,81.3
13268,0.0028752526,Low,2412.027336194335,6.935187934393725,1,Loyal High-Value Accounts,Moderate,28.4,55.2,38.2
13975,0.0009502831,Low,26106.54775960534,24.808610609869444,1,Loyal High-Value Accounts,High,11.5,97.0,62.9
10617,0.014615587,Low,9999.777742155464,146.15262115940178,1,Loyal High-Value Accounts,Low,60.5,79.6,88.4
10115,0.013801231,Low,16248.363414249116,224.24741764819032,1,Loyal High-Value Accounts,Moderate,59.4,88.6,91.2
10418,0.002606705,Low,6586.6563304821375,17.16947041119243,1,Loyal High-Value Accounts,Moderate,26.4,70.2,55.4
13070,0.013400349,Low,69.09261790356574,0.9258651818099657,0,Disengaged At-Risk Accounts,Low,58.9,8.8,11.0
11626,0.0034502347,Low,255.48297723722322,0.8814762214248748,1,Loyal High-Value Accounts,Moderate,31.6,23.3,10.7
13646,0.0016850926,Low,14597.018372358423,24.597327275185002,1,Loyal High-Value Accounts,Moderate,19.3,86.9,62.8
14186,0.013963114,Low,121.56328584750969,1.6974019624530714,1,Loyal High-Value Accounts,Low,59.6,11.6,16.4
12897,0.077289835,Low,1561.4738427454768,120.68605506701842,1,Loyal High-Value Accounts,Moderate,83.9,44.4,86.7
14816,0.013519595,Low,689.6882506202006,9.324306084757602,1,Loyal High-Value Accounts,Moderate,59.1,35.3,43.4
12083,0.005861728,Low,5057.232231762656,29.644119707075973,1,Loyal High-Value Accounts,Moderate,42.9,65.3,66.1
10754,0.022052245,Low,78.91618718708497,1.7402791112494116,0,Disengaged At-Risk Accounts,Low,67.9,9.2,16.6
12547,0.0056898473,Low,8917.384588141622,50.73855647088616,1,Loyal High-Value Accounts,Low,42.4,77.7,75.6
13970,0.0024311382,Low,17981.695547882173,43.71598669160247,1,Loyal High-Value Accounts,Moderate,25.6,90.5,73.0
13374,0.00042524625,Low,17937.26025205164,7.62775271385369,1,Loyal High-Value Accounts,High,4.1,90.5,39.9
14108,0.00079367694,Low,14435.837041060578,11.457390966098401,1,Loyal High-Value Accounts,High,9.5,86.6,47.0
12445,0.14180182,Low,2242.9954822841937,318.0608398571323,0,Disengaged At-Risk Accounts,Moderate,87.1,53.7,92.7
14381,0.12112313,Low,1378.3870226633717,166.95454728240153,0,Disengaged At-Risk Accounts,Low,86.7,42.5,89.3
11067,0.023850378,Low,2813.420639887799,67.1011447470089,0,Disengaged At-Risk Accounts,Low,69.4,58.0,79.5
13914,0.008751855,Low,1923.4862154374114,16.834072897912517,0,Disengaged At-Risk Accounts,Low,50.7,49.8,54.8
13499,0.99331725,High,526.9750895982669,523.4534449406801,0,Disengaged At-Risk Accounts,Low,99.9,32.8,94.4
12739,0.004784777,Low,12201.130308023734,58.379685587675645,1,Loyal High-Value Accounts,High,38.8,83.2,77.7
14001,0.002532418,Low,1226.2018184059498,3.105255416726859,1,Loyal High-Value Accounts,Moderate,26.0,40.8,24.6
11569,0.037855443,Low,442.7661517316815,16.76110864801836,0,Disengaged At-Risk Accounts,Low,76.6,31.2,54.7
12428,0.0051908083,Low,7431.498222863846,38.57548284993997,1,Loyal High-Value Accounts,High,40.6,73.1,70.8
13747,0.011496585,Low,334.66314960632866,3.8474832997908606,1,Loyal High-Value Accounts,High,56.0,28.4,28.0
14782,0.02381075,Low,1225.0616840173398,29.169637337768776,1,Loyal High-Value Accounts,Moderate,69.3,40.7,65.9
11688,0.9689042,High,-269.03280660750704,0.0,0,Disengaged At-Risk Accounts,Low,97.9,2.8,2.8
10852,0.0014435188,Low,2563.7469178229594,3.7008168521372973,1,Loyal High-Value Accounts,Moderate,16.7,56.4,27.3
13547,0.032523025,Low,67.99202318675775,2.211306258157329,0,Disengaged At-Risk Accounts,Low,74.7,8.7,19.9
10896,0.0031681107,Low,5034.245800297755,15.949048166148627,1,Loyal High-Value Accounts,Moderate,30.2,65.2,53.7
14593,0.017734911,Low,350.1263597376427,6.209459931215052,1,Loyal High-Value Accounts,High,63.9,28.9,36.4
10336,0.00037845207,Low,5454.979754839405,2.0644483625589283,1,Loyal High-Value Accounts,High,3.5,66.6,19.0
12840,0.0046850587,Low,17736.01418710149,83.0942679986648,1,Loyal High-Value Accounts,High,38.2,90.2,82.5
13088,0.9557039,High,-523.1352576024258,0.0,0,Disengaged At-Risk Accounts,Low,96.7,2.8,2.8
14612,0.095898345,Low,-105.43553613384474,0.0,0,Disengaged At-Risk Accounts,Low,85.5,2.8,2.8
11349,0.9710216,High,657.8730745356918,638.8089605755127,0,Disengaged At-Risk Accounts,Low,98.1,35.1,95.3
11016,0.002543168,Low,17223.730752092488,43.80283933243787,1,Loyal High-Value Accounts,High,26.0,89.8,73.1
12817,0.0021207915,Low,17059.347566786884,36.179318782412146,1,Loyal High-Value Accounts,Moderate,23.2,89.6,69.7
11632,0.001278565,Low,7595.912678041978,9.711868339366356,1,Loyal High-Value Accounts,Moderate,15.0,73.7,44.2
12490,0.0036697395,Low,10204.487086094532,37.447809010773966,1,Loyal High-Value Accounts,High,32.9,80.1,70.3
13731,0.0026922608,Low,879.7409769258552,2.3684921282440645,1,Loyal High-Value Accounts,Moderate,27.1,37.7,20.8
13252,0.0022409523,Low,6854.091459769014,15.359692275882612,1,Loyal High-Value Accounts,Moderate,24.1,71.5,53.0
14776,0.0005734633,Low,20892.86378230305,11.981290032387504,1,Loyal High-Value Accounts,High,6.2,93.7,48.0
12071,0.0053358637,Low,1598.6355316270826,8.530101270202836,1,Loyal High-Value Accounts,Moderate,41.1,45.0,41.9
14453,0.0017173486,Low,3527.065816172844,6.057201481702501,1,Loyal High-Value Accounts,Moderate,19.7,61.4,36.0
11268,0.00088942883,Low,4452.270391807007,3.9599776589362445,1,Loyal High-Value Accounts,Moderate,10.8,63.6,28.6
11636,0.01607889,Low,711.3753592464745,11.438125701842887,0,Disengaged At-Risk Accounts,Low,62.1,35.7,46.9
14647,0.020275727,Low,697.9958717023237,14.152373682018958,1,Loyal High-Value Accounts,Moderate,66.1,35.5,51.3
12480,0.9825033,High,-434.38966795551005,0.0,0,Disengaged At-Risk Accounts,Moderate,98.9,2.8,2.8
12266,0.0009143048,Low,27584.560543552045,25.22069633837313,1,Loyal High-Value Accounts,Moderate,11.0,98.3,63.2
12960,0.0014251249,Low,148.49491288830873,0.2116238034740318,1,Loyal High-Value Accounts,Moderate,16.5,13.5,5.8
14879,0.1504328,Low,78.28596783981591,11.776776973827387,0,Disengaged At-Risk Accounts,Moderate,87.2,9.2,47.6
13060,0.009118164,Low,2083.031122071591,18.993419301065156,1,Loyal High-Value Accounts,High,51.4,52.0,57.6
12142,0.12359794,Low,35.525177222538645,4.390838804288927,0,Disengaged At-Risk Accounts,Low,86.8,7.3,30.4
13119,0.0017753332,Low,26732.467351257565,47.45903659807617,1,Loyal High-Value Accounts,High,20.2,97.5,74.6
14872,0.00061275956,Low,14386.843431890953,8.815675782407563,1,Loyal High-Value Accounts,High,7.0,86.5,42.5
14046,0.019183725,Low,18223.749091232174,349.5993931972104,1,Loyal High-Value Accounts,Moderate,65.4,90.8,93.1
13357,0.0012732313,Low,1439.5311712751038,1.8328562137234674,1,Loyal High-Value Accounts,Moderate,14.9,43.0,17.4
12745,0.0068661375,Low,1695.5115739766627,11.641615594894079,0,Disengaged At-Risk Accounts,Low,45.8,46.2,47.3
13507,0.51718795,Medium,-383.76016838000135,0.0,0,Disengaged At-Risk Accounts,Low,89.4,2.8,2.8
11680,0.23202534,Low,1699.935559951004,394.4281266148091,0,Disengaged At-Risk Accounts,Low,88.2,46.3,93.5
14250,0.014834318,Low,6748.460064852148,100.10880470449086,1,Loyal High-Value Accounts,Moderate,60.8,71.1,84.8
13148,0.0034437713,Low,1576.5336155130647,5.429221178797994,1,Loyal High-Value Accounts,Moderate,31.5,44.6,34.0
12295,0.011373075,Low,241.51931382666277,2.746817203746637,1,Loyal High-Value Accounts,Moderate,55.8,22.0,22.8
10581,0.08061586,Low,51.099094873074954,4.11939764213615,0,Disengaged At-Risk Accounts,Low,84.4,7.9,29.5
11471,0.004021162,Low,8102.536930213726,32.58161496204743,1,Loyal High-Value Accounts,Moderate,34.9,75.2,67.6
14071,0.0074120034,Low,390.0920087138426,2.8913632766583897,0,Disengaged At-Risk Accounts,Low,47.4,30.2,23.7
13344,0.0017108838,Low,20698.0822782158,35.412013813844545,1,Loyal High-Value Accounts,High,19.7,93.1,69.3
14584,0.01227934,Low,5813.359733298924,71.38422109125993,0,Disengaged At-Risk Accounts,Moderate,57.1,67.4,80.5
13673,0.0016893123,Low,147.14491330627885,0.24857370914778482,1,Loyal High-Value Accounts,High,19.4,13.5,6.0
10560,0.9472764,High,1247.0417890081912,1181.293273302359,0,Disengaged At-Risk Accounts,Low,96.0,41.0,97.0
12850,0.91105837,High,-276.1796463060225,0.0,0,Disengaged At-Risk Accounts,Low,93.8,2.8,2.8
10513,0.0003971145,Low,14233.275223112329,5.652239840144814,1,Loyal High-Value Accounts,High,3.7,86.1,34.5
14730,0.97389084,High,-402.2563603094062,0.0,0,Disengaged At-Risk Accounts,Low,98.2,2.8,2.8
11082,0.00892339,Low,6141.122057492865,54.79962684282764,0,Disengaged At-Risk Accounts,Low,51.1,68.8,76.8
11665,0.9233185,High,-286.57873669363823,0.0,1,Loyal High-Value Accounts,Moderate,94.5,2.8,2.8
11013,0.94947535,High,946.1352715231453,898.3321161804995,0,Disengaged At-Risk Accounts,Low,96.2,38.3,96.3
11932,0.006557514,Low,260.1547769379788,1.7059685814549521,1,Loyal High-Value Accounts,High,45.0,23.7,16.5
11151,0.00023635475,Low,13627.338816452726,3.220886309880269,1,Loyal High-Value Accounts,High,1.2,85.3,25.2
12839,0.024151204,Low,81.70852718101854,1.9733593210628884,0,Disengaged At-Risk Accounts,Low,69.7,9.4,18.4
10117,0.00114476,Low,2639.961134564743,3.0221220548363434,1,Loyal High-Value Accounts,High,13.5,57.0,24.2
10741,0.0019766628,Low,284.44035552752234,0.562242664211131,1,Loyal High-Value Accounts,High,22.1,25.7,8.5
14954,0.0013387372,Low,10528.906137279442,14.095438341046403,1,Loyal High-Value Accounts,Moderate,15.5,80.8,51.2
13676,0.007538728,Low,243.73743166604095,1.837470188636276,1,Loyal High-Value Accounts,Moderate,47.7,22.2,17.5
10831,0.030384123,Low,2375.511822136582,72.17784416461981,1,Loyal High-Value Accounts,Moderate,73.6,54.9,80.7
10120,0.0067908675,Low,2584.3237215529107,17.54980007609211,1,Loyal High-Value Accounts,Moderate,45.7,56.5,55.9
14753,0.015268603,Low,2753.309239487721,42.03918664952045,0,Disengaged At-Risk Accounts,Moderate,61.2,57.7,72.4
14927,0.004353531,Low,4397.160832559262,19.143176746848322,1,Loyal High-Value Accounts,High,36.5,63.3,57.8
14886,0.023698438,Low,1047.7402121698321,24.829806415209916,0,Disengaged At-Risk Accounts,Moderate,69.2,39.2,62.9
10636,0.004669269,Low,5055.1417191010805,23.60381693010882,1,Loyal High-Value Accounts,High,38.1,65.3,62.0
14466,0.004666208,Low,131.35772435458398,0.6129424411133705,1,Loyal High-Value Accounts,High,38.0,12.3,8.9
14365,0.01884357,Low,250.16018288373192,4.713911098530817,1,Loyal High-Value Accounts,Moderate,65.0,22.7,31.5
14143,0.0032753602,Low,188.07461467524254,0.6160121100940574,1,Loyal High-Value Accounts,High,30.6,16.9,9.0
10992,0.0024787856,Low,239.970930139137,0.5948364812538691,1,Loyal High-Value Accounts,Moderate,25.7,21.8,8.7
10877,0.79582363,High,352.2910614418417,280.3615526263919,0,Disengaged At-Risk Accounts,Low,91.0,29.0,92.1
10005,0.0002513432,Low,20257.55909172667,5.091599966509748,1,Loyal High-Value Accounts,High,1.3,92.4,32.9
13052,0.003006878,Low,182.95151836344397,0.5501129095601268,1,Loyal High-Value Accounts,High,29.1,16.5,8.3
13125,0.00025329084,Low,3911.3731077551615,0.9907149807667862,1,Loyal High-Value Accounts,High,1.3,62.2,11.4
12661,0.048495896,Low,5068.85562069951,245.81869583453013,0,Disengaged At-Risk Accounts,Low,79.5,65.4,91.6
12492,0.099714324,Low,25.239030490894542,2.5166928607430514,0,Disengaged At-Risk Accounts,Low,85.7,6.5,21.5
13855,0.018065562,Low,12929.825564989582,233.5845714931159,1,Loyal High-Value Accounts,High,64.2,84.2,91.4
14778,0.011538516,Low,181.4956409643836,2.0941903206713515,1,Loyal High-Value Accounts,High,56.0,16.4,19.3
11716,0.039942537,Low,7013.289963621685,280.1285903786196,1,Loyal High-Value Accounts,High,77.1,71.9,92.1
11149,0.018762643,Low,41.10033544832448,0.7711509013738854,0,Disengaged At-Risk Accounts,Low,65.0,7.5,10.1
13262,0.06122444,Low,6741.451682579901,412.7415922559089,1,Loyal High-Value Accounts,Moderate,82.0,71.0,93.6
10575,0.084741525,Low,4885.981467950365,414.04552243572385,1,Loyal High-Value Accounts,Low,84.8,64.7,93.7
13770,0.027143136,Low,1865.9606991488504,50.64802440600235,1,Loyal High-Value Accounts,Low,71.9,48.9,75.6
13737,0.0011225503,Low,19532.138405885995,21.925808615668455,1,Loyal High-Value Accounts,High,13.3,91.8,60.7
14147,0.007918031,Low,155.3087975696401,1.229739866724305,1,Loyal High-Value Accounts,High,48.6,14.1,13.3
10854,0.858167,High,130.69458873298348,112.1577821704868,1,Loyal High-Value Accounts,Low,92.1,12.2,86.0
11983,0.0010813253,Low,7050.114519526388,7.623467526424691,1,Loyal High-Value Accounts,Low,12.8,72.0,39.9
12775,0.019681284,Low,209.21399007841742,4.117599998212406,1,Loyal High-Value Accounts,Moderate,65.8,19.0,29.4
11167,0.0073200543,Low,2575.9613695658886,18.85617720581628,1,Loyal High-Value Accounts,Low,47.1,56.5,57.5
10972,0.0010134431,Low,22825.77900387612,23.132628388485546,1,Loyal High-Value Accounts,High,12.1,94.6,61.5
12702,0.041554764,Low,1754.9774685459925,72.92767437833442,0,Disengaged At-Risk Accounts,Low,77.7,47.3,80.9
14496,0.068748176,Low,1391.114802534409,95.63660541698901,0,Disengaged At-Risk Accounts,Low,83.0,42.6,84.4
13848,0.019095166,Low,1742.1807148535277,33.26722935110387,1,Loyal High-Value Accounts,Moderate,65.3,47.0,68.0
12369,0.20848387,Low,-265.2580301151581,0.0,0,Disengaged At-Risk Accounts,Low,88.0,2.8,2.8
14116,0.029679792,Low,97.08647279438713,2.881506318730043,1,Loyal High-Value Accounts,Low,73.4,10.4,23.6
14781,0.30010882,Medium,10.525482724901751,3.1587902026053922,0,Disengaged At-Risk Accounts,Low,88.5,5.8,24.9
14132,0.5567599,Medium,216.05977035059527,120.29341481520169,1,Loyal High-Value Accounts,High,89.5,19.8,86.7
12951,0.009791234,Low,316.5783468479158,3.099692539355977,1,Loyal High-Value Accounts,High,52.9,27.8,24.5
10525,0.0001288828,Low,29767.40398168998,3.836506557439404,1,Loyal High-Value Accounts,High,0.2,98.9,27.9
12456,0.08938357,Low,2615.5698109284726,233.7889734054756,0,Disengaged At-Risk Accounts,Low,85.1,56.8,91.4
11842,0.01558969,Low,366.7346394121649,5.71727928051849,1,Loyal High-Value Accounts,Moderate,61.5,29.5,34.7
10538,0.02088266,Low,6338.48431631086,132.36441620824064,1,Loyal High-Value Accounts,Moderate,66.8,69.4,87.5
12807,0.0041387784,Low,1570.2756063792604,6.4990228080186085,0,Disengaged At-Risk Accounts,Low,35.6,44.5,37.1
14342,0.00088566396,Low,17874.60184512388,15.830890680852482,1,Loyal High-Value Accounts,High,10.8,90.3,53.6
13176,0.001100991,Low,247.53399460232893,0.27253270957686987,1,Loyal High-Value Accounts,Moderate,13.1,22.5,6.2
10785,0.8246864,High,130.1377334090341,107.32281991594184,1,Loyal High-Value Accounts,Moderate,91.4,12.2,85.4
14058,0.020222316,Low,156.7805851859992,3.1704664680576995,1,Loyal High-Value Accounts,High,66.1,14.3,25.0
11410,0.0048047113,Low,901.9558243828036,4.333637362466622,1,Loyal High-Value Accounts,High,39.0,37.9,30.2
12538,0.014598449,Low,1758.8821551259148,25.67695101790436,0,Disengaged At-Risk Accounts,Low,60.4,47.4,63.6
10155,0.00092434196,Low,19420.555942159528,17.951234795772063,1,Loyal High-Value Accounts,Moderate,11.2,91.7,56.3
13010,0.03528534,Low,1831.0034490606479,64.6075769697756,1,Loyal High-Value Accounts,Low,75.6,48.5,79.1
11687,0.05147819,Low,471.7772937905437,24.286240452649025,0,Disengaged At-Risk Accounts,Low,80.0,31.8,62.6
12902,0.0037141808,Low,1924.323250441142,7.147284439570147,1,Loyal High-Value Accounts,Moderate,33.2,49.9,38.8
12455,0.004658047,Low,1936.575281945029,9.02065889505608,1,Loyal High-Value Accounts,Low,38.0,50.1,42.8
14722,0.026854228,Low,124.6599968038236,3.347648005112844,0,Disengaged At-Risk Accounts,Low,71.7,11.8,25.8
13864,0.46251026,Medium,-152.11810185246725,0.0,0,Disengaged At-Risk Accounts,Low,89.2,2.8,2.8
12734,0.07163958,Low,59.46205769339546,4.2598369886235945,0,Disengaged At-Risk Accounts,Low,83.4,8.2,29.8
11896,0.00091072917,Low,20552.15044471678,18.717442913058402,1,Loyal High-Value Accounts,High,11.0,92.7,57.3
10570,0.9576292,High,-295.1037929108143,0.0,0,Disengaged At-Risk Accounts,Moderate,96.9,2.8,2.8
11817,0.02347998,Low,355.7293463857985,8.35251775544825,1,Loyal High-Value Accounts,Low,69.1,29.1,41.5
12066,0.0021349927,Low,6282.061022555638,13.412154681978976,1,Loyal High-Value Accounts,Moderate,23.3,69.3,50.2
10128,0.0106418375,Low,3725.512020653492,39.64629350046712,1,Loyal High-Value Accounts,Moderate,54.7,61.7,71.3
13395,0.009223743,Low,6664.311630954435,61.46990003411715,1,Loyal High-Value Accounts,Moderate,51.7,70.6,78.4
13328,0.02274505,Low,-75.12086734716999,0.0,1,Loyal High-Value Accounts,Moderate,68.6,2.8,2.8
11530,0.0004218028,Low,23771.233869731026,10.02677310886686,1,Loyal High-Value Accounts,High,4.1,95.7,44.8
12976,0.010730312,Low,164.77418038042768,1.7680783989452105,1,Loyal High-Value Accounts,Low,54.9,14.9,16.9
10981,0.021007754,Low,1204.797607867752,25.310091655796885,1,Loyal High-Value Accounts,Moderate,66.9,40.6,63.3
12301,0.001193255,Low,7337.275111162192,8.75523986975435,1,Loyal High-Value Accounts,Moderate,14.1,72.9,42.4
10191,0.021741176,Low,1580.378647946217,34.35929036969519,1,Loyal High-Value Accounts,Moderate,67.5,44.7,68.6
11140,0.0014964752,Low,9364.118774028444,14.013171420837358,1,Loyal High-Value Accounts,Moderate,17.4,78.5,51.1
10700,0.0018103445,Low,23878.727252695648,43.22872298261053,1,Loyal High-Value Accounts,High,20.5,95.7,72.9
14928,0.0138925705,Low,2315.4572515403825,32.16765313108865,0,Disengaged At-Risk Accounts,Low,59.5,54.3,67.4
10607,0.0014006429,Low,11608.948985884974,16.25999211172981,1,Loyal High-Value Accounts,High,16.2,82.8,54.2
14277,0.78796005,High,-223.88308208475763,0.0,0,Disengaged At-Risk Accounts,Low,90.8,2.8,2.8
10302,0.0018973255,Low,6843.503688162432,12.98435410092467,1,Loyal High-Value Accounts,High,21.2,71.4,49.6
13421,0.051688924,Low,9813.461869993309,507.2472890124431,1,Loyal High-Value Accounts,Moderate,80.0,79.4,94.2
14968,0.06262516,Low,198.76360615190993,12.44760309528192,0,Disengaged At-Risk Accounts,Low,82.2,17.9,48.6
11061,0.047658842,Low,-66.25317061569343,0.0,1,Loyal High-Value Accounts,Moderate,79.3,2.8,2.8
12566,0.8841791,High,-195.9629297673795,0.0,0,Disengaged At-Risk Accounts,Low,92.8,2.8,2.8
14745,0.00021276945,Low,14304.047211473358,3.0434642018819087,1,Loyal High-Value Accounts,Moderate,0.9,86.3,24.3
11070,0.111538984,Low,261.9050136157243,29.21261909216138,0,Disengaged At-Risk Accounts,Low,86.3,23.9,65.9
12525,0.057982177,Low,488.5872578805779,28.32935264274118,0,Disengaged At-Risk Accounts,Low,81.4,32.2,65.4
12206,0.938702,High,4086.21117510217,3835.7345504591526,1,Loyal High-Value Accounts,High,95.3,62.7,99.4
11244,0.0016819934,Low,12746.37953585548,21.43932582261985,1,Loyal High-Value Accounts,Low,19.3,83.8,60.1
10017,0.05696018,Low,1890.9054876197233,107.70631769757694,1,Loyal High-Value Accounts,Low,81.1,49.3,85.5
13121,0.00075637194,Low,13175.536473874994,9.96560609582599,1,Loyal High-Value Accounts,High,9.1,84.6,44.7
14643,0.036742963,Low,35.2447269137532,1.2949956933007238,0,Disengaged At-Risk Accounts,Low,76.3,7.2,13.9
14755,0.020814372,Low,1748.2426213967271,36.38857266415121,1,Loyal High-Value Accounts,Moderate,66.7,47.1,69.8
10816,0.004573265,Low,4747.338102213997,21.710835616058155,1,Loyal High-Value Accounts,Moderate,37.6,64.5,60.4
13068,0.0022389062,Low,24856.543745920324,55.65147043683996,1,Loyal High-Value Accounts,High,24.0,96.5,77.0
14976,0.027111163,Low,1743.0550347309622,47.256249797047914,0,Disengaged At-Risk Accounts,Low,71.8,47.0,74.5
10960,0.048937824,Low,3623.3482907584344,177.31877957935228,0,Disengaged At-Risk Accounts,Low,79.5,61.5,89.6
10226,0.001258501,Low,10809.973532710559,13.604362156117459,1,Loyal High-Value Accounts,Moderate,14.7,81.5,50.5
13355,0.03754614,Low,197.94694238858565,7.432143455207251,0,Disengaged At-Risk Accounts,Low,76.5,17.8,39.5
12486,0.013201882,Low,322.279843635639,4.254700509002995,0,Disengaged At-Risk Accounts,Low,58.7,28.0,29.8
10563,0.0037853064,Low,3981.504804855185,15.071215440220215,0,Disengaged At-Risk Accounts,Low,33.6,62.4,52.6
13437,0.06960428,Low,1779.2239872544637,123.84160034061647,0,Disengaged At-Risk Accounts,Low,83.1,47.7,87.0
11694,0.00964399,Low,7358.161849781325,70.9620364658277,1,Loyal High-Value Accounts,Low,52.5,73.0,80.3
11046,0.026017996,Low,1334.4806286488044,34.72051105938524,0,Disengaged At-Risk Accounts,Low,71.0,42.1,68.9
13447,0.008567536,Low,566.3323672483123,4.8520730858105034,1,Loyal High-Value Accounts,High,50.3,33.4,32.0
14566,0.027702367,Low,7065.304313451572,195.72565258614398,1,Loyal High-Value Accounts,High,72.2,72.1,90.3
10955,0.16344896,Low,560.410295114965,91.59847967950802,1,Loyal High-Value Accounts,Moderate,87.4,33.2,83.7
11664,0.0013594481,Low,220.05284576421033,0.29915041640759094,1,Loyal High-Value Accounts,High,15.8,20.1,6.4
12736,0.7720382,High,1704.6563450421054,1316.059852655072,0,Disengaged At-Risk Accounts,Low,90.6,46.4,97.5
13153,0.022433178,Low,179.32086225038228,4.0227369115185665,0,Disengaged At-Risk Accounts,Low,68.2,16.2,29.0
14736,0.23272449,Low,1691.0194602514982,393.5416377156202,1,Loyal High-Value Accounts,High,88.2,46.2,93.4
14971,0.035552975,Low,357.12694333323634,12.696925213275842,1,Loyal High-Value Accounts,High,75.8,29.1,49.2
11219,0.0019176871,Low,2005.9565750077334,3.8467971038170408,1,Loyal High-Value Accounts,High,21.4,50.9,27.9
11528,0.023578236,Low,2851.42140568377,67.23148649518271,0,Disengaged At-Risk Accounts,Low,69.2,58.2,79.6
13988,0.24620008,Low,-425.96627525402783,0.0,0,Disengaged At-Risk Accounts,Low,88.3,2.8,2.8
11301,0.0005200308,Low,2860.9994900541014,1.487807834352846,1,Loyal High-Value Accounts,High,5.4,58.2,15.1
12364,0.003474527,Low,5232.550179651293,18.180637080206687,1,Loyal High-Value Accounts,Moderate,31.7,65.9,56.7
10161,0.0038870308,Low,137.03204115942978,0.5326477593237295,1,Loyal High-Value Accounts,High,34.3,12.6,8.1
14068,0.018649947,Low,3021.1160258994732,56.343653456392566,1,Loyal High-Value Accounts,Moderate,64.8,59.5,77.1
10957,0.010364918,Low,6817.503336711756,70.66286331050654,1,Loyal High-Value Accounts,Moderate,53.9,71.3,80.2
13792,0.94006914,High,-104.23370303309919,0.0,0,Disengaged At-Risk Accounts,Moderate,95.4,2.8,2.8
13235,0.0010193387,Low,211.98772035349785,0.21608729320163908,1,Loyal High-Value Accounts,High,12.2,19.1,5.9
12870,0.6793974,High,184.5732328783303,125.39857530120976,1,Loyal High-Value Accounts,Moderate,90.0,16.6,87.1
13778,0.0014071158,Low,18147.230654771058,25.535255645265497,1,Loyal High-Value Accounts,High,16.3,90.7,63.4
14434,0.28776556,Low,1961.508677210827,564.4546479135477,0,Disengaged At-Risk Accounts,Low,88.4,50.4,94.7
12962,0.012715852,Low,166.80474592033414,2.1210644433485446,1,Loyal High-Value Accounts,Moderate,57.9,15.1,19.4
12201,0.0005577817,Low,21261.577534696964,11.859319308470306,1,Loyal High-Value Accounts,High,5.9,94.1,47.8
10099,0.00052044186,Low,10174.370438616292,5.295168232360867,1,Loyal High-Value Accounts,Moderate,5.4,80.0,33.7
12558,0.0007596221,Low,21384.303616203382,16.24398923750305,1,Loyal High-Value Accounts,High,9.2,94.2,54.1
13184,0.0021760168,Low,16807.41669122223,36.57322111778063,1,Loyal High-Value Accounts,High,23.6,89.3,69.9
10254,0.0012212297,Low,12704.31400437009,15.514885218197652,1,Loyal High-Value Accounts,Moderate,14.3,83.7,53.2
13924,0.031652268,Low,8134.670627145507,257.48077496353113,1,Loyal High-Value Accounts,Moderate,74.2,75.3,91.9
14200,0.0028882376,Low,6692.745640240818,19.33023955071912,1,Loyal High-Value Accounts,Moderate,28.4,70.7,58.0
11446,0.0082266545,Low,2631.8632354107017,21.651429508759694,1,Loyal High-Value Accounts,Low,49.5,56.9,60.3
11649,0.03290477,Low,154.87614439309348,5.096163944633033,1,Loyal High-Value Accounts,Moderate,74.8,14.1,32.9
14683,0.013199163,Low,6789.396491596647,89.6143487201799,1,Loyal High-Value Accounts,Moderate,58.7,71.3,83.5
14724,0.005439729,Low,3307.9917047809226,17.994578289565975,1,Loyal High-Value Accounts,Moderate,41.4,60.7,56.4
13992,0.04217548,Low,166.72529016206184,7.0317190128901075,0,Disengaged At-Risk Accounts,Low,77.8,15.0,38.4
11697,0.000474259,Low,21225.27071058965,10.066275563917683,1,Loyal High-Value Accounts,High,4.8,94.1,44.9
13192,0.022568554,Low,276.8750446823406,6.248669310266361,1,Loyal High-Value Accounts,High,68.4,25.1,36.4
14500,0.0006122473,Low,1054.6092832799218,0.6456817155699488,1,Loyal High-Value Accounts,High,7.0,39.3,9.2
11155,0.9491232,High,207.4344652335494,196.8808642115523,0,Disengaged At-Risk Accounts,Low,96.1,18.8,90.4
12256,0.023082875,Low,1538.9213172226544,35.5227279621984,0,Disengaged At-Risk Accounts,Low,69.0,44.1,69.4
11683,0.028157307,Low,1328.9068603760097,37.418438222817365,1,Loyal High-Value Accounts,High,72.5,42.1,70.3
13171,0.027195105,Low,1426.9116267346194,38.805011984445194,1,Loyal High-Value Accounts,Moderate,71.9,42.8,70.8
12057,0.0538668,Low,78.97345338347247,4.254047212461928,1,Loyal High-Value Accounts,Low,80.5,9.3,29.8
14091,0.00964926,Low,111.94698132598651,1.0802055256255154,1,Loyal High-Value Accounts,High,52.6,11.2,12.2
13109,0.0007628927,Low,5080.548471879795,3.875913404056333,1,Loyal High-Value Accounts,High,9.3,65.4,28.3
14549,0.021535635,Low,637.3374969739208,13.725467703142963,0,Disengaged At-Risk Accounts,Moderate,67.2,34.8,50.7
13724,0.022635117,Low,53.014286682561256,1.1999845909131193,0,Disengaged At-Risk Accounts,Low,68.5,8.0,13.1
12050,0.027590225,Low,1614.2770703181511,44.53826680655183,0,Disengaged At-Risk Accounts,Low,72.2,45.2,73.4
13644,0.0008373967,Low,24265.813070992677,20.32011212588315,1,Loyal High-Value Accounts,High,10.0,96.1,59.1
14888,0.0050205425,Low,8490.0974145685,42.62489520403788,1,Loyal High-Value Accounts,High,40.0,76.6,72.5
10624,0.96716535,High,-436.9773603076555,0.0,0,Disengaged At-Risk Accounts,Low,97.7,2.8,2.8
10263,0.013381796,Low,1597.925897685466,21.383118318326773,0,Disengaged At-Risk Accounts,Low,58.9,44.9,60.0
13370,0.9249654,High,1013.2617888209644,937.2320771800923,0,Disengaged At-Risk Accounts,Low,94.6,38.9,96.5
14062,0.005222818,Low,335.21205073889666,1.750751493161173,1,Loyal High-Value Accounts,High,40.7,28.5,16.8
11803,0.0006285995,Low,8694.54146639103,5.46538432784807,1,Loyal High-Value Accounts,High,7.2,77.1,34.1
14737,0.009265509,Low,10244.095910855447,94.91676730528641,1,Loyal High-Value Accounts,Moderate,51.8,80.2,84.2
11283,0.98508006,High,1457.4247263925715,1435.680041792519,0,Disengaged At-Risk Accounts,Low,99.2,43.2,97.7
12386,0.00635021,Low,3735.796358212255,23.723091154658466,1,Loyal High-Value Accounts,Moderate,44.5,61.8,62.1
11960,0.03358035,Low,308.32716178981195,10.353734507179878,1,Loyal High-Value Accounts,High,75.1,27.3,45.2
12977,0.031850435,Low,7908.00078229289,251.87326362891793,1,Loyal High-Value Accounts,High,74.4,74.6,91.8
10489,0.0041007255,Low,13293.529179620973,54.513114363082956,1,Loyal High-Value Accounts,Moderate,35.4,84.9,76.7
11844,0.3302753,Medium,4055.6156695246104,1339.4696704389346,0,Disengaged At-Risk Accounts,Low,88.7,62.5,97.5
11735,0.002304552,Low,7993.712531071189,18.42192532255532,1,Loyal High-Value Accounts,Moderate,24.5,74.9,56.9
12912,0.0002065658,Low,23567.62594171064,4.868265613905112,1,Loyal High-Value Accounts,High,0.7,95.4,32.0
13220,0.022496125,Low,1957.8660215002571,44.044398223347365,0,Disengaged At-Risk Accounts,Low,68.3,50.3,73.2
10147,0.016183615,Low,-93.15963883295551,0.0,0,Disengaged At-Risk Accounts,Low,62.2,2.8,2.8
11987,0.0011040821,Low,4628.844089162119,5.11062389003403,1,Loyal High-Value Accounts,High,13.1,64.2,33.1
11370,0.8216737,High,-445.66159047268235,0.0,0,Disengaged At-Risk Accounts,Moderate,91.3,2.8,2.8
12812,0.7798516,High,1889.8549062059863,1473.8064015310172,1,Loyal High-Value Accounts,Moderate,90.7,49.3,97.8
10660,0.9329243,High,-159.30514004119104,0.0,0,Disengaged At-Risk Accounts,Low,95.1,2.8,2.8
11795,0.0047666254,Low,361.39129563407334,1.722616911835169,1,Loyal High-Value Accounts,Moderate,38.8,29.4,16.5
12512,0.0074734082,Low,3756.038779749929,28.070411183433496,0,Disengaged At-Risk Accounts,Low,47.6,61.8,65.1
13398,0.009214657,Low,207.0436217920768,1.9078360331441835,1,Loyal High-Value Accounts,High,51.7,18.7,17.9
14283,0.0033382536,Low,11505.304730229402,38.40762483364968,1,Loyal High-Value Accounts,Moderate,31.0,82.7,70.6
11148,0.026787648,Low,7447.327844592888,199.49639667377477,1,Loyal High-Value Accounts,Moderate,71.6,73.2,90.4
13273,0.018651474,Low,313.0234821808358,5.838349422939076,1,Loyal High-Value Accounts,High,64.8,27.6,35.2
10609,0.008011527,Low,1022.4528427042718,8.191408923109128,1,Loyal High-Value Accounts,High,48.9,38.9,41.1
13583,0.04612469,Low,1791.6856300246247,82.64094297409487,0,Disengaged At-Risk Accounts,Low,78.9,47.9,82.5
11931,0.017548285,Low,277.8955473114051,4.8765903824763495,1,Loyal High-Value Accounts,Low,63.7,25.3,32.0
10198,0.010875473,Low,8445.383825668261,91.84754207269273,1,Loyal High-Value Accounts,Moderate,55.2,76.3,83.8
12932,0.1772033,Low,3221.1147853104867,570.7921619536162,1,Loyal High-Value Accounts,High,87.7,60.4,94.7
12328,0.0032858534,Low,2473.198206566598,8.126566797851721,1,Loyal High-Value Accounts,High,30.7,55.6,41.0
14390,0.011715712,Low,3067.6531048285547,35.93974037110482,1,Loyal High-Value Accounts,High,56.3,59.8,69.6
10767,0.0022878326,Low,19318.488669688686,44.197467280896426,1,Loyal High-Value Accounts,Moderate,24.4,91.5,73.3
14497,0.98460174,High,729.4168190949198,718.1850663985856,0,Disengaged At-Risk Accounts,Low,99.2,36.0,95.6
14219,0.00090271235,Low,2413.9695130214905,2.1791200801557586,1,Loyal High-Value Accounts,Moderate,10.9,55.2,19.7
13256,0.0021360484,Low,583.7831280579054,1.2469890138251387,1,Loyal High-Value Accounts,Moderate,23.3,33.7,13.6
10203,0.97906053,High,-121.14305919307105,0.0,0,Disengaged At-Risk Accounts,Low,98.5,2.8,2.8
13511,0.0028567677,Low,2941.407944004443,8.402919313949992,1,Loyal High-Value Accounts,Moderate,28.2,58.7,41.6
14932,0.0042809397,Low,253.5539069017295,1.0854489856942142,1,Loyal High-Value Accounts,High,36.0,23.1,12.3
11734,0.0032721052,Low,16522.349731822625,54.06286715434317,1,Loyal High-Value Accounts,High,30.6,88.9,76.6
12778,0.007925421,Low,357.3799406119368,2.832386486135548,0,Disengaged At-Risk Accounts,Low,48.6,29.2,23.3
11708,0.0105393,Low,2230.9769441534622,23.512934880156426,0,Disengaged At-Risk Accounts,Low,54.4,53.6,61.8
13475,0.07079756,Low,8623.20217866807,610.5016960496564,1,Loyal High-Value Accounts,Moderate,83.3,76.9,95.0
10855,0.00054198527,Low,8362.425560987193,4.532311456905687,1,Loyal High-Value Accounts,Moderate,5.7,75.9,31.0
14738,0.0016388742,Low,2166.5516807847853,3.550705606570587,1,Loyal High-Value Accounts,High,18.9,52.9,26.6
14098,0.0020778568,Low,13417.121288072743,27.878856699313587,1,Loyal High-Value Accounts,High,22.9,85.1,64.9
12161,0.021575894,Low,739.6666609585154,15.958969625110058,0,Disengaged At-Risk Accounts,Low,67.3,36.1,53.8
10699,0.03047675,Low,202.13529567728503,6.160427035448491,1,Loyal High-Value Accounts,Moderate,73.7,18.2,36.2
13105,0.033805147,Low,223.22500013246238,7.546153901897482,1,Loyal High-Value Accounts,Low,75.2,20.5,39.7
13000,0.0012373085,Low,3833.7422214627354,4.743521799432616,1,Loyal High-Value Accounts,High,14.6,62.0,31.6
13697,0.00030529595,Low,19321.099505790677,5.898653447328225,1,Loyal High-Value Accounts,High,2.3,91.5,35.3
11637,0.003770164,Low,2055.886156239549,7.7510279357924565,0,Disengaged At-Risk Accounts,Low,33.6,51.6,40.2
13458,0.0012862551,Low,192.91480656329142,0.24813764981837044,1,Loyal High-Value Accounts,Moderate,15.1,17.3,6.0
13582,0.0041056555,Low,10420.766786049559,42.784078223962226,1,Loyal High-Value Accounts,Moderate,35.4,80.6,72.6
11292,0.0063544502,Low,290.1406328047397,1.8436842161337086,1,Loyal High-Value Accounts,Moderate,44.5,26.0,17.5
14660,0.0015993835,Low,27737.278608240722,44.36254686293844,1,Loyal High-Value Accounts,High,18.5,98.3,73.4
11854,0.009571425,Low,11438.735662876106,109.48499689363052,1,Loyal High-Value Accounts,Moderate,52.5,82.6,85.8
13764,0.03492847,Low,4321.415982719291,150.9404521830953,1,Loyal High-Value Accounts,Moderate,75.5,63.2,88.6
13305,0.029089127,Low,243.34719707710292,7.078757456608129,1,Loyal High-Value Accounts,Moderate,73.0,22.1,38.6
11501,0.010966113,Low,267.54703513258795,2.9339509765210403,1,Loyal High-Value Accounts,Moderate,55.3,24.4,23.9
13744,0.012417884,Low,77.41434131165231,0.961322280324426,0,Disengaged At-Risk Accounts,Low,57.4,9.1,11.2
13446,0.08290744,Low,1837.2881136921258,152.32485088519718,0,Disengaged At-Risk Accounts,Low,84.6,48.6,88.7
10065,0.0038796582,Low,339.8486403150262,1.3184965571417668,1,Loyal High-Value Accounts,Moderate,34.2,28.6,14.1
12774,0.0009904196,Low,6365.8908105851515,6.304903339567438,1,Loyal High-Value Accounts,Moderate,11.8,69.5,36.6
10035,0.026286142,Low,613.775906583591,16.13380060405076,0,Disengaged At-Risk Accounts,Low,71.1,34.3,54.0
